{"type":"FeatureCollection","crs":{"type":"name","properties":{"name":"EPSG:3857"}},"features":[{"type":"Feature","id":8337,"geometry":{"type":"LineString","coordinates":[[-8846678.4710000008,4757580.9954999983],[-8846903.1108999997,4757310.7774000019],[-8847094.5786000006,4757093.0354999974],[-8847388.4949999992,4756714.9773999974],[-8847601.8550000004,4756415.1138999984],[-8847857.5982000008,4756036.4233999997],[-8848065.1613999996,4755730.5799999982],[-8848324.7346000001,4755295.995099999],[-8848550.3564999998,4754961.0089000016],[-8848820.8872999996,4754570.8122999966],[-8849090.8114,4754215.9597000033],[-8849258.4663999993,4754012.5715000033],[-8849315.9448000006,4753907.4926000014],[-8849518.7707000002,4753527.9686999992],[-8849658.9755000006,4753209.2630999982],[-8849663.2696000002,4753126.8669999987],[-8849706.0758999996,4753021.5508000031],[-8849761.3400999997,4752872.264700003],[-8849900.9647000004,4752765.6155000031],[-8850020.5930000003,4752626.2369000018],[-8850167.5305000003,4752431.3557000011],[-8850245.4909000006,4752149.9272999987],[-8850346.1787,4751913.0565000027],[-8850462.0546000004,4751644.0483999997],[-8850617.5237000007,4751464.0443999991],[-8850863.9778000005,4751279.6554000005],[-8851077.1182000004,4750979.8724000007],[-8851328.8897999991,4750648.3399000019],[-8851637.8953000009,4750267.4433000013],[-8851703.7343000006,4750138.8422000036],[-8851807.4790000003,4749948.550999999],[-8851973.9772999994,4749715.504900001],[-8852071.2182,4749408.9105999991],[-8852104.8576999996,4749299.9981999993],[-8852133.0008000005,4749219.6252999976],[-8852185.8499999996,4749063.8769999966],[-8852292.6730000004,4748786.0843999982],[-8852343.0205000006,4748680.8193000033],[-8852405.9508999996,4748523.5591000021],[-8852438.3169999998,4748389.3756999969],[-8852477.9454999994,4748324.3518000022],[-8852554.6509000007,4748248.1472999975],[-8852593.6503999997,4748221.8426999971],[-8852700.8203999996,4748024.8984000012],[-8852746.8088000007,4747899.1121999994],[-8852791.6779999994,4747778.7705999985],[-8852831.8619999997,4747695.2908999994],[-8852839.6381999999,4747685.1476000026],[-8852906.4430999998,4747518.8662],[-8852975.3771000002,4747352.6344000027],[-8852987.3771000002,4747271.2986999974],[-8852995.1386999991,4747187.748999998],[-8853003.1084000003,4747091.3303999975],[-8853037.6012999993,4746983.0124000013],[-8853074.6367000006,4746893.1089999974],[-8853111.4407000002,4746817.4930000007],[-8853155.5122999996,4746732.4688000008],[-8853196.7887999993,4746673.5983000025],[-8853312.8476999998,4746537.3495000005],[-8853426.3401999995,4746412.9677999988],[-8853673.4759999998,4746090.7030000016],[-8853748.2120999992,4745904.7717999965],[-8853853.3651000001,4745636.4892000034],[-8853974.2124000005,4745423.4464000016],[-8854042.9607999995,4745187.6931999996],[-8854078.7120999992,4745090.4373999983],[-8854115.3443,4744938.2729000002],[-8854184.8292999994,4744656.2012000009],[-8854257.0068999995,4744472.5656000003],[-8854301.5792999994,4744368.6638000011],[-8854394.7124000005,4744294.2668000013],[-8854477.6641000006,4744217.6538999975],[-8854515.0873000007,4744177.2304999977],[-8854557.1534000002,4744102.0088],[-8854585.2163999993,4744008.0997999981],[-8854592.6241999995,4743928.2172000036],[-8854594.0026999991,4743842.0842999965],[-8854594.8232000005,4743790.8149999976],[-8854595.4795999993,4743749.7999000028],[-8854592.9640999995,4743736.7678000033],[-8854600.1882000007,4743710.9015000015],[-8854724.3013000004,4743487.2646000013],[-8854734.7006999999,4743347.9492999986],[-8854735.0518999994,4743198.2179000005],[-8854798.7683000006,4742916.5423000008],[-8854817.0515999999,4742872.7021000013],[-8854980.1381000001,4742569.3316999972],[-8855133.9101,4742298.181599997],[-8855335.6225000005,4741960.1384999976],[-8855368.7736000009,4741504.0244000033],[-8855355.8505000006,4741417.6819999963],[-8855338.8435999993,4741331.2749999985],[-8855333.9257999994,4741255.3165000007],[-8855420.3954000007,4741052.4450000003],[-8855493.4848999996,4740649.425999999],[-8855639.4912,4740303.9792999998],[-8855655.6256000008,4740214.0119000003],[-8855671.0644000005,4740064.9780000001],[-8855674.1644000001,4739894.4179999977],[-8855709.1427999996,4739563.0647],[-8855721.0107000005,4739283.5605999976],[-8855783.2193,4738874.3522000015],[-8855852.7578999996,4738499.9966999963],[-8855887.6715999991,4738391.7885999978],[-8855951.3487,4738241.3251999989],[-8856044.5790999997,4738010.8633999974],[-8856146.9318000004,4737799.4858999997],[-8856264.9173000008,4737493.6921000034],[-8856293.4241000004,4737181.7462000027],[-8856205.6817000005,4736768.5599000007],[-8856075.9077000003,4736331.0543000028],[-8855900.8073999994,4736077.4173000008],[-8855620.3914000001,4735926.2163000032],[-8855366.3759000003,4735893.7493999973],[-8855055.1357000005,4735902.9506999999],[-8854785.0973000005,4735988.5288999975],[-8854709.4551999997,4736039.7260000035],[-8854512.2825000007,4736135.8202999979],[-8853966.8620999996,4736574.3866000026],[-8853388.4640999995,4736982.5795999989],[-8853260.5030000005,4737088.6238999963],[-8853117.6897,4737194.4261000007],[-8852903.2532000002,4737366.1739000008],[-8852700.0677000005,4737530.6460999995],[-8852534.6049000006,4737658.4465999976],[-8852222.8025000002,4737859.878200002],[-8852038.5208999999,4737931.7674999982],[-8851688.5076000001,4737990.5910999998],[-8851101.3813000005,4737944.0478999987],[-8850311.1728000008,4737958.6731000021],[-8849868.4071999993,4738071.2365999967],[-8849469.1157000009,4738332.0763000026],[-8849120.8259999994,4738543.6560000032],[-8849083.5177999996,4738573.1576000005],[-8849044.8640999999,4738598.9834000021],[-8848995.2192000002,4738632.1523000002],[-8848846.6129000001,4738696.1868999973],[-8848667.8511999995,4738762.7391000018],[-8848519.7423999999,4738796.5436000004],[-8848365.8128999993,4738818.1551999971],[-8848205.4098000005,4738866.8667000011],[-8848053.9859999996,4738918.7497999966],[-8847893.2276000008,4738988.6150999963],[-8847731.7616000008,4739100.7951000035],[-8847597.8399999999,4739186.2252999991],[-8847494.3743999992,4739251.0023000017],[-8847298.0872000009,4739283.9795000032],[-8847198.0337000005,4739324.6230999976],[-8847091.4525000006,4739395.3913000003],[-8846978.5449000001,4739484.1938000023],[-8846884.3067000005,4739537.0275000036],[-8846817.7704000007,4739554.0451999977],[-8846763.6291000005,4739562.6181000024],[-8846661.3451000005,4739559.554399997],[-8846356.8664999995,4739554.4003000036],[-8846234.8968000002,4739518.7695999965],[-8845979.9465999994,4739439.8589000031],[-8845780.0048999991,4739402.8989000022],[-8845668.4234999996,4739412.189000003],[-8845529.9690000005,4739473.2296999991],[-8845450.4190999996,4739565.1066000015],[-8845350.9781999998,4739734.9602999985],[-8845243.3504000008,4739949.4292000011],[-8845044.8295000009,4740266.7760000005],[-8844895.5829000007,4740525.2968000025],[-8844769.0528999995,4740758.1023000032],[-8844647.4332999997,4740920.1296999976],[-8844499.4973000009,4741100.3567000031],[-8844332.7335999999,4741295.1812999994],[-8844090.7339999992,4741544.6648000032],[-8843958.6517999992,4741665.4861999974],[-8843822.1525999997,4741827.2621000037],[-8843664.0655000005,4741947.6356000006],[-8843460.5775000006,4742115.7176999971],[-8843238.7038000003,4742272.2905000001],[-8843137.2094999999,4742341.4134000018],[-8843071.2003000006,4742382.1067000031],[-8842893.6055999994,4742487.0490999967],[-8842718.7661000006,4742584.1336999983],[-8842619.8573000003,4742690.4354000017],[-8842502.5392000005,4742799.0524000004],[-8842078.9264000002,4743171.0803999975],[-8841744.3990000002,4743397.1120000035],[-8841250.0168999992,4743609.8081],[-8841058.1239999998,4743780.3500000015],[-8840944.1039000005,4743999.6807999983],[-8840769.6932999995,4744220.5925000012],[-8840615.6547999997,4744325.925499998],[-8840432.6625999995,4744436.0191999972],[-8840318.4749999996,4744513.0640999973],[-8840144.7309000008,4744694.4623000026],[-8839973.6039000005,4744875.9065999985],[-8839641.9663999993,4745080.874499999],[-8839488.9633000009,4745125.6089000031],[-8839331.3515000008,4745283.5715999976],[-8839136.0319999997,4745496.2074000016],[-8838967.9135999996,4745653.9843000025],[-8838743.9019000009,4745855.5710000023],[-8838717.9164000005,4746048.1203999966],[-8838717.7037000004,4746353.7731999978],[-8838713.5768999998,4746441.7722999975],[-8838705.8542999998,4746526.9248000011],[-8838678.6412000004,4746581.7880000025],[-8838609.8030999992,4746621.2603999972],[-8838573.0946999993,4746671.6459000036],[-8838508.1563000008,4746771.2544],[-8838443.2821999993,4746867.1325000003],[-8838370.5153999999,4746988.9948000014],[-8838298.3385000005,4747077.2804000005],[-8838237.7681000009,4747139.6482999995],[-8838171.1908999998,4747207.8989999965],[-8837989.3561000004,4747365.5199000016],[-8837770.6669999994,4747475.1719999984],[-8837477.9432999995,4747507.8011000007],[-8837261.6746999994,4747592.3752000034],[-8837191.2846000008,4747729.7778000012],[-8837182.0687000006,4747772.1115999967],[-8837155.0276999995,4747832.9619999975],[-8837153.9758000001,4747834.1966999993],[-8837146.7597000003,4747861.1306999996],[-8837122.8041999992,4747942.8718999997],[-8837100.7116,4748034.9182000011],[-8837066.4923,4748118.5314000025],[-8837014.1920999996,4748183.3329000026],[-8836949.6190000009,4748247.9148000032],[-8836873.2836000007,4748283.5254999995],[-8836778.7215999998,4748308.5377999991],[-8836630.7234000005,4748346.9711999968],[-8836509.0583999995,4748400.2555999979],[-8836407.2609000001,4748486.7651000023],[-8836377.7622999996,4748518.8013999984],[-8836335.4538000003,4748598.507100001],[-8836309.7148000002,4748671.6485000029],[-8836219.8341000006,4748828.9940000027],[-8836093.9682999998,4749016.0018000007],[-8835952.2136000004,4749177.7410999984],[-8835940.2904000003,4749185.4157000035],[-8835924.2988000009,4749200.9064000025],[-8835896.3135000002,4749228.0148999989],[-8835868.3971999995,4749251.179899998],[-8835860.4704999998,4749254.9817000031],[-8835852.4759,4749262.7296999991],[-8835840.5525000002,4749270.4029000029],[-8835828.5560999997,4749282.0192999989],[-8835816.6326000001,4749289.6965999976],[-8835800.7112000007,4749301.2436999977],[-8835788.7172999997,4749312.8602000028],[-8835784.7924000006,4749312.7893999964],[-8835772.8662999999,4749320.4626000002],[-8835760.8723000009,4749332.0832000002],[-8835752.9481000006,4749335.8836999983],[-8835725.1030000001,4749355.1063999981],[-8835673.4783999994,4749385.7344999984],[-8835621.7855999991,4749420.3034000024],[-8835570.0936999992,4749454.8747999966],[-8835518.3976000007,4749489.4443999976],[-8835466.7743999995,4749520.0719000027],[-8835462.7749000005,4749523.9444999993],[-8835450.7816000003,4749535.5622999966],[-8835434.9287,4749543.1643000022],[-8835422.9341000002,4749554.7819999978],[-8835411.0112999994,4749562.4575000033],[-8835395.0877,4749574.0042999983],[-8835383.0943,4749585.6220000014],[-8835371.1700999998,4749593.2974999994],[-8835363.0297999997,4749608.9270000011],[-8835351.0362,4749620.5471000001],[-8835342.8997000009,4749636.1767000034],[-8835338.8293999992,4749643.9954999983],[-8835330.5489000008,4749667.5133000016],[-8835326.4104999993,4749679.2731000036],[-8835326.1984000001,4749691.1061000004],[-8835321.8467999995,4749714.6952999979],[-8835321.352,4749742.3013999984],[-8835320.9279999994,4749765.9614000022],[-8835320.5039000008,4749789.6253999993],[-8835320.0798000004,4749813.2857000008],[-8835315.6560999993,4749840.8210000023],[-8835315.2320000008,4749864.4813999981],[-8835314.9493000004,4749880.255900003],[-8835310.8815000001,4749888.0746999979],[-8835306.6710999999,4749903.7757000029],[-8835298.1061000004,4749943.0724999979],[-8835277.5510000009,4749993.9849999994],[-8835269.4101,4750009.6174999997],[-8835245.1377000008,4750048.6283000037],[-8835216.9361000005,4750087.5680999979],[-8835204.9405000005,4750099.1862000003],[-8835176.9507999998,4750126.2949000001],[-8835148.9608999994,4750153.4035999998],[-8835144.9609999992,4750157.2775000036],[-8835104.9751999993,4750196.0042999983],[-8835096.9058999997,4750207.6959000006],[-8835068.8434999995,4750238.7458999977],[-8835048.8529000003,4750258.1106000021],[-8835032.8570000008,4750273.6026000008],[-8835001.0788000003,4750292.7512999997],[-8834973.3004000001,4750308.0287000015],[-8834957.5181000009,4750311.6894000024],[-8834945.6636999995,4750315.4196999967],[-8834918.0269000009,4750322.8079999983],[-8834894.3886999991,4750326.3263999969],[-8834870.7492999993,4750329.8445999995],[-8834858.9657000005,4750329.6312000006],[-8834847.1111999992,4750333.3589000031],[-8834839.2566999998,4750333.2166000009],[-8834819.6161000002,4750332.8606999964],[-8834788.1917000003,4750332.2912999988],[-8834784.2664000001,4750332.2202000022],[-8834778.9112999998,4750331.5248000026],[-8834702.8131000008,4750339.3339999989],[-8834461.9107000008,4750364.0719999969],[-8834254.2011999991,4750344.8884999976],[-8834102.2260999996,4750355.8234999999],[-8833890.1185999997,4750391.3452000022],[-8833689.7267000005,4750439.0622000024],[-8833511,4750514.5675999969],[-8833386.4536000006,4750611.6076000035],[-8833266.5851000007,4750732.7052000016],[-8833101.7344000004,4750888.9394999966],[-8832981.5172000006,4751028.8667000011],[-8832886.2232000008,4751111.0292000026],[-8832829.6864,4751155.1237000003],[-8832693.4601000007,4751230.7409999967],[-8832517.5502000004,4751336.693400003],[-8832432.9582000002,4751373.8524999991],[-8832367.6281000003,4751420.438000001],[-8832204.4120000005,4751535.8065000027],[-8832037.2627000008,4751651.0973000005],[-8831870.0349000003,4751770.3334000036],[-8831748.0736999996,4751845.9170999974],[-8831627.9148999993,4751932.9865999967],[-8831515.9896000009,4751990.8608999997],[-8831395.5062000006,4752050.2885999978],[-8831143.4160999991,4752124.4085000008],[-8830840.3897999991,4752185.5910999998],[-8830551.9143000003,4752197.3702000007],[-8830269.6278000008,4752243.5075000003],[-8830028.1983000003,4752293.822300002],[-8829800.3758000005,4752346.0976999998],[-8829493.8938999996,4752408.8891000003],[-8829314.0954,4752446.6361000016],[-8829178.9462000001,4752468.0882999972],[-8829047.2068000007,4752489.6023000032],[-8828880.0723999999,4752488.1882999986],[-8828697.7829,4752476.2118000016],[-8828542.8394000009,4752461.3193999976],[-8828333.6196999997,4752429.9927000031],[-8828197.4658000004,4752413.735299997],[-8828064.6588000003,4752400.9641000032],[-8828005.2595000006,4752391.3016000018],[-8827946.4791000001,4752370.6551999971],[-8827848.3610999994,4752363.6713000014],[-8827714.3787999991,4752359.0939999968],[-8827654.0951000005,4752353.8483000025],[-8827619.2151999995,4752358.3289000019],[-8827558.2786999997,4752388.0075000003],[-8827530.3487,4752403.9219999984],[-8827492.9804999996,4752431.9893999994],[-8827455.7466000002,4752452.8660999984],[-8827416.5050000008,4752471.6498999968],[-8827368.3055000007,4752476.9060000032],[-8827325.3942000009,4752473.0137000009],[-8827276.6524,4752452.5698999986],[-8827198.3380999994,4752426.4297999963],[-8827120.7392999995,4752416.7436000034],[-8827082.9438000005,4752412.9469000027],[-8826973.6305,4752402.6603000015],[-8826868.9399999995,4752391.1667999998],[-8826859.7573000006,4752390.9931000024],[-8826793.0425000004,4752385.7836999968],[-8826726.4056000002,4752376.632100001],[-8826710.6915000007,4752376.3346000016],[-8826687.1943999995,4752371.9438000023],[-8826659.7688999996,4752367.4774999991],[-8826612.7736000009,4752358.6970999986],[-8826569.8551000003,4752342.0995000005],[-8826530.8665999994,4752325.5776000023],[-8826495.8822000008,4752305.1841000021],[-8826460.8939999994,4752284.7933999971],[-8826429.8370999992,4752264.4742999971],[-8826398.8556999993,4752240.2136999965],[-8826371.8759000003,4752212.0803999975],[-8826367.9461000003,4752212.005900003],[-8826344.8220000006,4752187.8915000036],[-8826321.8424999993,4752155.8907999992],[-8826310.2798999995,4752143.8342999965],[-8826302.6470999997,4752131.8496999964],[-8826287.3045000006,4752111.8312999979],[-8826271.9607999995,4752091.8103],[-8826264.2511999998,4752083.7739000022],[-8826252.6886999998,4752071.7188000008],[-8826233.4192999993,4752051.6218999997],[-8826214.0731000006,4752035.4720999971],[-8826210.2190000005,4752031.4518999979],[-8826190.8753999993,4752015.3046000004],[-8826187.0199999996,4752011.2855999991],[-8826179.2389000002,4752007.1911000013],[-8826179.3132000007,4752003.2454999983],[-8826175.4576999992,4751999.2291999981],[-8826152.2602999993,4751979.0591000021],[-8826132.9144000001,4751962.9078999981],[-8826094.2995999996,4751926.6649999991],[-8826071.1729000006,4751902.5494000018],[-8826051.9041000009,4751882.4565000013],[-8826005.5807000007,4751838.1745000035],[-8825974.6734999996,4751809.9680999964],[-8825955.3308000006,4751793.8166999966],[-8825905.1530000009,4751745.514700003],[-8825878.1015000008,4751721.3282999992],[-8825854.9053000007,4751701.1567000002],[-8825804.6566000003,4751656.8002000004],[-8825785.3117999993,4751640.6526999995],[-8825750.4057999998,4751616.3128999993],[-8825700.1555000003,4751571.9548000023],[-8825692.3748000003,4751567.8637999967],[-8825645.9042000007,4751531.4672000036],[-8825630.4893999994,4751515.3916999996],[-8825564.6044999994,4751466.7928000018],[-8825502.7243000008,4751414.3206999972],[-8825440.9154000003,4751357.9072000012],[-8825409.9366999995,4751333.6441999972],[-8825390.5956999995,4751317.4940000027],[-8825351.9835999999,4751281.246799998],[-8825313.2995999996,4751248.9487999976],[-8825305.5193000007,4751244.8536999971],[-8825274.6159000006,4751216.6467999965],[-8825235.9323999994,4751184.3448000029],[-8825197.3237999994,4751148.1013000011],[-8825162.5676000006,4751115.8740999997],[-8825124.0341999996,4751075.6855000034],[-8825104.7664000001,4751055.5899000019],[-8825089.4304000009,4751035.5719999969],[-8825054.8977000006,4750991.5146000013],[-8825024.3693000004,4750943.5857999995],[-8825005.4046,4750907.7176999971],[-8824993.9196000006,4750891.7173999995],[-8824967.3917999994,4750839.9200000018],[-8824959.7614999991,4750827.938699998],[-8824948.3528000005,4750807.9959999993],[-8824940.7186999992,4750796.012000002],[-8824933.2379000001,4750776.1444000006],[-8824925.7570999991,4750756.2741999999],[-8824921.9773999993,4750748.3128999993],[-8824922.1270000003,4750740.4240000024],[-8824918.5727999993,4750720.6314999983],[-8824915.0174000002,4750700.8364000022],[-8824915.3164000008,4750685.0603],[-8824919.5445000008,4750669.360299997],[-8824919.6192000005,4750665.4192999974],[-8824919.9929000009,4750645.6981000006],[-8824924.2945000008,4750626.053199999],[-8824924.5933999997,4750610.2809000015],[-8824928.8961999994,4750590.6362000033],[-8824929.2698999997,4750570.9165999964],[-8824925.6396999992,4750555.0667999983],[-8824926.0133999996,4750535.3496999964],[-8824926.0880999994,4750531.4047000036],[-8824926.1629000008,4750527.4596000016],[-8824914.0733000003,4750444.9814999998],[-8824895.5431999993,4750383.504900001],[-8824863.6872000005,4750264.7507999986],[-8824819.6220999993,4750070.4271000028],[-8824803.9383000005,4749998.2148000002],[-8824785.2997999992,4749901.9759000018],[-8824765.5087000001,4749776.6090999991],[-8824744.7926000003,4749610.1349000037],[-8824715.5865000002,4749441.7889000028],[-8824699.7905999999,4749285.6865999997],[-8824697.6915000007,4749276.8962000012],[-8824696.4054000005,4749251.4032000005],[-8824712.4828999992,4749122.9636999965],[-8824741.9364999998,4749008.4777000025],[-8824749.7796,4748882.6230000034],[-8824768.0118000004,4748784.3601000011],[-8824791.1788999997,4748713.5842999965],[-8824807.4099000003,4748576.9368000031],[-8824828.4199000001,4748475.9909000024],[-8824865.9474999998,4748367.1442999989],[-8824895.1893000007,4748263.6184],[-8824896.8026999999,4748178.4650999978],[-8824902.5014999993,4748093.6643999964],[-8824910.2785,4748043.1415000036],[-8824920.6009,4748002.2537999973],[-8824939.2854999993,4747951.9397],[-8824968.7740000002,4747907.309799999],[-8824988.5624000002,4747870.7119000033],[-8825025.0230999999,4747817.9985999987],[-8825035.4224999994,4747773.0047999993],[-8825051.3115999997,4747654.1657000035],[-8825054.9504000004,4747570.014700003],[-8825051.9097000007,4747514.4948000014],[-8825042.3341000006,4747442.2873999998],[-8825042.5610000007,4747430.299999997],[-8825027.8526000008,4747264.2141999975],[-8825008.1743000001,4747124.9230000004],[-8825006.0875000004,4746999.4126000032],[-8825143.4335999992,4746580.8219000027],[-8825252.9008000009,4746219.9641000032],[-8825370.4354999997,4745904.0771000013],[-8825420.1205000002,4745636.1919],[-8825408.0302000009,4745331.2946000025],[-8825370.5074000005,4745191.690700002],[-8825311.6984000001,4744997.9206999987],[-8825245.6640000008,4744714.4147000015],[-8825206.3096999992,4744435.9047000036],[-8825184.5439999998,4744171.1770000011],[-8825183.9785999991,4743965.0964000002],[-8825150.5,4743847.9858999997],[-8825084.9554999992,4743775.0615999997],[-8824973.7107999995,4743759.5006000027],[-8824740.4359000009,4743826.7214000002],[-8824424.1580999997,4744035.7004999965],[-8824093.2947000004,4744307.1121999994],[-8823811.3915999997,4744583.940200001],[-8823597.3184999991,4744812.7903999984],[-8823260.1510000005,4745178.1586999968],[-8822986.0625,4745469.7810000032],[-8822896.9605999999,4745613.5948000029],[-8822830.1975999996,4745762.0601999983],[-8822789.6475000009,4745876.8034000024],[-8822740.0850000009,4746017.0464000031],[-8822702.9734000005,4746174.6472000033],[-8822660.8627000004,4746370.6642000005],[-8822625.1017000005,4746495.6045999974],[-8822599.9685999993,4746662.4940000027],[-8822538.9311999995,4746858.4963999987],[-8822461.5314000007,4747054.1856999993],[-8822342.7548999991,4747273.7264000028],[-8822198.9587999992,4747517.4354000017],[-8822005.9144000001,4747768.4103000015],[-8821813.6510000005,4747978.3180000037],[-8821530.1234000009,4748252.1895999983],[-8821263.7355000004,4748485.3074000031],[-8821006.1520000007,4748685.7251000032],[-8820798.6006000005,4748837.810800001],[-8820334.3896999992,4749141.0152999982],[-8819928.5419999994,4749387.825000003],[-8819704.4366999995,4749547.7919000015],[-8819249.4653999992,4749793.619599998]]},"properties":{"objectid":8337,"elev":3220,"st_length(shape)":78896.547351508634}},{"type":"Feature","id":8357,"geometry":{"type":"LineString","coordinates":[[-8861703.8146000002,4723681.8378000036],[-8861327.2791000009,4724600.5386999995],[-8861142.1620000005,4724852.4803000018],[-8860817.8526000008,4725196.9151000008],[-8860421.7003000006,4725496.5537],[-8859871.8249999993,4725888.4426999986],[-8859190.6212000009,4726329.2311000004],[-8858297.2887999993,4726883.1609999985],[-8857505.0256999992,4727460.4843000025],[-8856703.0131000001,4728190.5511000007],[-8856289.3610999994,4728664.6181999967],[-8855917.3353000004,4729255.884300001],[-8855471.4713000003,4729926.1075000018],[-8855217.2478,4730402.7617999986],[-8854955.9790000003,4730864.7501000017],[-8854619.7111000009,4731478.5223999992],[-8854328.7894000001,4731976.490199998],[-8853920.2546999995,4732567.2827000022],[-8853483.4743000008,4733106.6331999972],[-8852957.0022,4733804.8320000023],[-8852308.7673000004,4734399.0461999997],[-8851595.7477000002,4734955.7537999973],[-8850809.8508000001,4735525.814199999],[-8850144.0392000005,4735850.0454000011],[-8849514.3487,4736182.1309999973],[-8848650.8308000006,4736605.0313000008],[-8847882.1915000007,4736993.0244999975],[-8847190.8891000003,4737528.0551000014],[-8846388.5307,4737755.0377999991],[-8845850.2410000004,4737818.7986999974],[-8845340.9759999998,4737883.0258999988],[-8844860.9829999991,4737933.1493000016],[-8844234.9640999995,4738031.7717000023],[-8843970.8303999994,4738194.8937999979],[-8843698.0623000003,4738438.0478999987],[-8843422.4160999991,4738848.8166999966],[-8843210.8269999996,4739333.6017000005],[-8843033.2642000001,4739950.2239999995],[-8842864.1886999998,4740494.1162],[-8842698.9743000008,4740812.0689999983],[-8842606.8493000008,4741102.1292999983],[-8842388.8023000006,4741112.9333999977],[-8841928.4133000001,4741279.9360999987],[-8841583.4152000006,4741492.6819000021],[-8841382.7255000006,4741758.9818999991],[-8841156.3631999996,4742048.5231000036],[-8840682.0737999994,4742466.9997000024],[-8840484.9476999994,4742637.4201999977],[-8840206.4528999999,4742809.0452999994],[-8839864.3336999994,4743037.7182999998],[-8839636.1790999994,4743208.7304999977],[-8839257.5526999999,4743676.1052000001],[-8839048.2177000009,4744015.1970999986],[-8838162.1723999996,4744759.5565000027],[-8837693.0998,4745063.3486000001],[-8837440.3548000008,4745210.4786000028],[-8837099.6179000009,4745481.0868000016],[-8836875.3044000007,4745705.2480999976],[-8835558.7096999995,4746199.5300000012],[-8834246.3011000007,4747664.0753000006],[-8833684.3133000005,4747799.7722000033],[-8832898.4368999992,4747858.3812000006],[-8832038.0462999996,4748017.7071999982],[-8831627.7684000004,4748199.8608999997],[-8831333.1774000004,4748413.3236000016],[-8830541.8997000009,4749157.5610999987],[-8830277.6634999998,4749298.6023999974],[-8829417.2498000003,4749450.4271000028],[-8828432.4847999997,4749643.6340000033],[-8827907.8702000007,4749714.054899998],[-8827471.8003000002,4749713.1424999982],[-8827234.3588999994,4749584.6070000008],[-8826971.5541999992,4749258.5618000031],[-8826892.5791999996,4748819.246299997],[-8826902.5632000007,4748286.7758999988],[-8827369.8783999998,4747390.869599998],[-8827559.2419000007,4746978.5812999979],[-8827748.0450999998,4746595.4765999988],[-8827866.9229000006,4746065.1684999987],[-8827879.7040999997,4745379.7084000036],[-8827938.3641999997,4744571.1600999981],[-8828019.8114999998,4744098.5996999964],[-8828170.4704999998,4743809.6908000037],[-8828326.3484000005,4743630.2828999981],[-8828647.8308000006,4742746.572800003],[-8828907.1226000004,4742080.5270000026],[-8829314.5939000007,4741065.0354999974],[-8829607.5358000007,4740345.1547000036],[-8829900.0037999991,4739648.702200003],[-8830277.8214999996,4738743.3276000023],[-8830785.3746000007,4737746.8519999981],[-8831280.9690000005,4736761.9211999997],[-8831452.7312000003,4736285.6228],[-8831627.2498000003,4735657.380900003],[-8831843.6993000004,4734644.0992000028],[-8832020.9287999999,4733864.0141000003],[-8832076.8471000008,4733350.6407999992],[-8832461.0124999993,4732071.7942999974],[-8832644.0601000004,4731607.5878999978],[-8832996.9867000002,4730760.8003999963],[-8833420.7210000008,4729856.9258000031],[-8833831.2708000001,4729034.672799997],[-8834117.0138000008,4728677.6074000001],[-8834914.2837000005,4727698.8271000013],[-8835851.6074999999,4726687.5419000015],[-8836456.8627000004,4726020.7949000001],[-8836862.0449999999,4725478.9826999977],[-8837339.6444000006,4724786.6191999987],[-8837842.9032000005,4723954.5742999986],[-8838428.2941999994,4723077.3082000017],[-8839311.1874000002,4721808.2789999992],[-8839731.3311999999,4721056.6524000019],[-8839878.3539000005,4720627.2044999972],[-8839803.2740000002,4720263.9327000007],[-8839560.3723000009,4720189.6141000018],[-8839302.9981999993,4720278.4952000007],[-8838330.3552000001,4720705.0239000022],[-8837719.4695999995,4721056.1677000001],[-8836861.0912999995,4721589.7083000019],[-8836025.4626000002,4722146.9660999998],[-8835133.2750000004,4722609.7382000014],[-8834277.1488000005,4723003.0310000032],[-8833634.6813999992,4723154.887000002],[-8833340.8252000008,4723324.7314999998],[-8833209.9652999993,4723485.8598000035],[-8832841.0404000003,4723946.320600003],[-8832645.0393000003,4724491.7116999999],[-8832466.3464000002,4725364.5204999968],[-8832289.3171999995,4726143.9712999985],[-8832075.2397000007,4727039.6323999986],[-8831719.3958000001,4728049.6090999991],[-8831400.3013000004,4728955.177699998],[-8831171.6346000005,4729559.5795999989],[-8831081.5297999997,4729824.7983999997],[-8830841.602,4730328.9728000015],[-8830544.0033999998,4730968.0732999966],[-8830361.3959999997,4731352.4805999994],[-8830306.7949000001,4731455.8801999986],[-8830282.3746000007,4731500.197300002],[-8830257.9836999997,4731547.0002000034],[-8830237.3672000002,4731601.7478],[-8830216.7529000007,4731656.4966999963],[-8830188.0066,4731726.8467999995],[-8830171.4560000002,4731773.7946000025],[-8830143.0709000006,4731824.4611999989],[-8830110.5462999996,4731886.8664999977],[-8830106.4795999993,4731894.6667999998],[-8830070.1813999992,4731949.126500003],[-8830037.9456999991,4731995.7842999995],[-8830033.9513000008,4731999.6481999978],[-8830002.0062000006,4732030.5595000014],[-8829969.9898000006,4732065.4076000005],[-8829938.0430999994,4732096.3202000037],[-8829926.0635000002,4732107.9120000005],[-8829910.0907000005,4732123.3676000014],[-8829886.2050999999,4732142.6145000011],[-8829870.2309000008,4732158.0700000003],[-8829834.4353,4732184.9719000012],[-8829818.5333999991,4732196.4921000004],[-8829766.7655999996,4732238.8492999971],[-8829754.7869000006,4732250.4411000013],[-8829718.9893999994,4732277.3438000008],[-8829671.2880000006,4732311.9004999995],[-8829667.3672000002,4732311.8276000023],[-8829643.4794999994,4732331.0741999969],[-8829555.9857999999,4732396.3967999965],[-8829444.5297999997,4732484.9024000019],[-8829332.8512999993,4732585.2180000022],[-8829268.8089000005,4732654.9133000001],[-8829228.7993999999,4732697.4886000007],[-8829128.3725000005,4732825.5828000009],[-8829031.4245999996,4732977.3709999993],[-8828990.5399999991,4733067.1921000034],[-8828945.5123999994,4733168.7519999966],[-8828899.6094000004,4733317.5588999987],[-8828878.1838000007,4733415.6226999983],[-8828856.4611000009,4733529.4349000007],[-8828825.2937000003,4733729.7239999995],[-8828825.1478000004,4733737.5996999964],[-8828806.0351,4733922.3618000001],[-8828786.9931000005,4734103.1909999996],[-8828782.7825000007,4734118.8674999997],[-8828735.6320999991,4734334.6246000007],[-8828731.1996999998,4734362.1152999997],[-8828694.0092999991,4734463.8316999972],[-8828677.4456999991,4734510.7893999964],[-8828636.4042000007,4734608.4975000024],[-8828619.8412999995,4734655.4567999989],[-8828595.3592000008,4734706.2062999979],[-8828558.5313000008,4734788.2397999987],[-8828497.2927000001,4734917.0835999995],[-8828428.3563000001,4735037.9090000018],[-8828420.2175999992,4735053.5130999982],[-8828396.0297999997,4735088.514200002],[-8828375.9074000008,4735115.7116999999],[-8828359.7838000003,4735139.0434999987],[-8828355.7874999996,4735142.9091000035],[-8828343.7293999996,4735158.4387999997],[-8828327.7491999995,4735173.8977999985],[-8828315.6909999996,4735189.4287],[-8828303.6301000006,4735204.9610000029],[-8828295.6413000003,4735212.6897],[-8828287.6524999999,4735220.4184999987],[-8828275.5916000009,4735235.9482999966],[-8828259.6870000008,4735247.4694000036],[-8828247.6991000008,4735259.0622999966],[-8828239.7102000006,4735266.7912999988],[-8828231.7213000003,4735274.5200999975],[-8828191.8394000009,4735309.2270999998],[-8828152.0342999995,4735339.9940000027],[-8828108.307,4735370.6898000017],[-8828064.5780999996,4735401.3840999976],[-8828020.9235999994,4735428.1405000016],[-8827997.0985000003,4735443.4521000013],[-8827929.6184,4735485.5182999969],[-8827858.2144000009,4735527.5121000037],[-8827790.8065000009,4735565.6398999989],[-8827719.4748,4735603.6937000006],[-8827652.1367000006,4735637.882600002],[-8827600.6359000001,4735664.4917000011],[-8827592.7195999995,4735668.2822000012],[-8827568.9656000007,4735679.6537000015],[-8827545.1392999999,4735694.9633999988],[-8827533.2996999994,4735698.6789000034],[-8827517.4644000009,4735706.2611000016],[-8827493.6380000003,4735721.5706999972],[-8827465.8893999998,4735736.807599999],[-8827442.0615999997,4735752.1171000004],[-8827430.1482999995,4735759.7717999965],[-8827410.3894999996,4735767.2775000036],[-8827296.4265000001,4735826.3025000021],[-8827015.7426999994,4735990.2528000027],[-8826771.4552999996,4736151.5667999983],[-8826479.2869000006,4736398.2541000023],[-8826206.3056000005,4736678.4887999967],[-8826018.7804000005,4736983.5751999989],[-8825903.7504999992,4737299.9990999997],[-8825812.4055000003,4737587.0104999989],[-8825707.4627,4737893.6850000024],[-8825645.4190999996,4738028.5885000005],[-8825526.0078999996,4738225.4666000009],[-8825369.4897000007,4738461.4719000012],[-8825171.1941,4738633.6177999973],[-8825024.9519999996,4738849.9067000002],[-8824774.7842999995,4739316.4941999987],[-8824644.5453999992,4739559.6538000032],[-8824401.2039999999,4740013.115699999],[-8824281.1147000007,4740243.2018000036],[-8824186.3082999997,4740442.0916000009],[-8824100.8396000005,4740637.8005999997],[-8824047.7938999999,4740774.7540000007],[-8823992.6302000005,4740840.0627000034],[-8823836.2610999998,4741013.4593999982],[-8823749.1643000003,4741111.3391999975],[-8823621.8816999998,4741309.7475000024],[-8823491.1497000009,4741506.3448000029],[-8823330.7236000001,4741800.1841000021],[-8823200.7513999995,4742047.4553999975],[-8823091.0699000005,4742233.9864000008],[-8822849.5206000004,4742583.9192999974],[-8822635.0117000006,4742883.7221999988],[-8822404.1674000006,4743218.1510000005],[-8822296.9344999995,4743366.309799999],[-8822171.7696000002,4743542.0736000016],[-8822034.0563999992,4743736.8122000024]]},"properties":{"objectid":8357,"elev":3700,"st_length(shape)":109597.67392957471}},{"type":"Feature","id":8365,"geometry":{"type":"LineString","coordinates":[[-8862762.5699000005,4724242.4331],[-8862680.4019000009,4724413.2745999992],[-8862464.3893999998,4724932.4249000028],[-8862267.1835999992,4725421.1501000002],[-8862027.2054999992,4725903.0908000022],[-8861764.7822999991,4726249.4579000026],[-8861533.9806999993,4726528.6925999969],[-8861211.6269000005,4726788.0733999982],[-8860748.7434,4727026.8315000013],[-8860218.4048999995,4727270.6740999967],[-8858857.5810000002,4727759.7409000024],[-8858413.3495000005,4727974.1120000035],[-8857894.1909999996,4728279.5160000026],[-8857584.2244000006,4728520.572800003],[-8857124.5965,4728931.4271000028],[-8856837.5339000002,4729271.2264999971],[-8856297.0785000008,4730142.0117999986],[-8855799.1038000006,4731031.9712999985],[-8855458.5473999996,4731647.7217999995],[-8855004.3747000005,4732470.8104000017],[-8854639.0238000005,4733098.5236999989],[-8854400.5640999991,4733451.4761999995],[-8853981.0938000008,4734010.6787],[-8853078.5941000003,4734881.9809999987],[-8852363.7259,4735510.2198000029],[-8851581.0735999998,4736155.7933999971],[-8851115.9346999992,4736492.7413000017],[-8850954.9220000003,4736594.7005999982],[-8850158.8280999996,4736898.2093999982],[-8850080.5963000003,4736904.3849999979],[-8850012.7043999992,4736925.8643999994],[-8849938.0081999991,4736928.7899999991],[-8849491.2946000006,4737073.061300002],[-8849230.9021000005,4737222.4940000027],[-8849195.3103,4737237.6722000018],[-8848933.602,4737385.5697000027],[-8848919.2462000009,4737391.7194999978],[-8848301.7929999996,4737664.4917000011],[-8847936.9827999994,4737855.3144999966],[-8847307.8373000007,4738090.9142000005],[-8846741.2848000005,4738247.5279000029],[-8845653.6221999992,4738407.5706999972],[-8845340.5710000005,4738433.0143999979],[-8844817.3905999996,4738559.4895000011],[-8844601.2346000001,4738654.2694000006],[-8844358.6787999999,4738859.3813999966],[-8844146.4410999995,4739083.4773000032],[-8843936.8615000006,4739510.7437999994],[-8843802.0709000006,4739865.4430000037],[-8843660.7212000005,4740244.6627999991],[-8843324.7181000002,4740891.4074999988],[-8843134.7193,4741245.192900002],[-8843044.7898999993,4741483.7414999977],[-8842823.4516000003,4741529.5720999986],[-8842497.0932999998,4741589.7766000032],[-8842177.5567000005,4741710.6768999994],[-8841952.3903999999,4741835.8439999968],[-8841718.9711000007,4742134.7304000035],[-8841516.4403000008,4742315.6093000025],[-8841233.9799000006,4742566.2226999998],[-8841023.2429000009,4742765.3975000009],[-8840855.5194000006,4742904.7292999998],[-8840624.6981000006,4743050.8586999997],[-8840441.8212000001,4743155.6718000025],[-8840171.4562999997,4743311.639200002],[-8840024.8362000007,4743443.4311000034],[-8839834.9979999997,4743645.5998999998],[-8839603.8214999996,4743960.3376000002],[-8839383.7237999998,4744241.0214999989],[-8838884.8140999991,4744706.4970000014],[-8838618.3347999994,4744936.2964999974],[-8838380.7968000006,4745161.3374999985],[-8837624.8613000009,4745419.9988999963],[-8837516.6086999997,4745499.0742999986],[-8837449.1912999991,4745580.0439999998],[-8837391.2636999991,4745646.3540999964],[-8837346.6887999997,4745687.001199998],[-8837284.1875,4745729.4632999972],[-8837202.6915000007,4745806.1680999994],[-8837033.1083000004,4745975.3302000016],[-8836548.0645000003,4746240.7217999995],[-8836137.5851000007,4746466.9817999974],[-8835874.9540999997,4746745.5975999981],[-8835505.6232999992,4747157.806599997],[-8834949.8304999992,4747702.1699000001],[-8834456.5347000007,4748179.8993000016],[-8834190.5661999993,4748298.2797999978],[-8833734.6667999998,4748400.8740999997],[-8833114.1502,4748444.9940000027],[-8832429.9370000008,4748617.2827000022],[-8831929.3835000005,4748811.3911999986],[-8831430.9997000005,4749221.1559000015],[-8831212.2388000004,4749438.9197999984],[-8830713.5691,4749860.9909999967],[-8830280.6314000003,4750043.9694999978],[-8829439.0521000009,4750398.507100001],[-8828790.9591000006,4750884.4759000018],[-8828660.4795999993,4750931.3929999992],[-8828526.7826000005,4750910.9381999969],[-8827889.2128999997,4750589.3453999981],[-8827667.6800999995,4750486.4584999979],[-8827577.0894000009,4750430.3409999982],[-8827376.2525999993,4750358.0072999969],[-8827214.9893999994,4750275.871299997],[-8827192.5390000008,4750255.9693000019],[-8827114.9671999998,4750213.9748999998],[-8827002.0647999998,4750123.4909999967],[-8826785.8388999999,4749977.6318999976],[-8826620.3350000009,4749855.3313999996],[-8826506.2060000002,4749721.6755999997],[-8826335.307,4749560.2347000018],[-8826245.8858000003,4749418.8303000033],[-8826172.3706,4749193.4949999973],[-8826112.7895999998,4748988.9729000032],[-8826110.9069999997,4748762.9518000036],[-8826128.9790000003,4748450.9782000035],[-8826124.7566,4748431.3589999974],[-8826168.4395000003,4748095.9726999998],[-8826183.1504999995,4748042.5841000006],[-8826191.5223999992,4748015.1314999983],[-8826249.6144999992,4747850.5797000006],[-8826303.7753999997,4747685.9558999985],[-8826324.2258000001,4747642.9582000002],[-8826349.0460999999,4747576.3812000006],[-8826382.1653000005,4747486.295599997],[-8826419.0622000005,4747404.1723999977],[-8826455.8092,4747329.9321999997],[-8826476.2580999993,4747286.9395999983],[-8826496.5548999999,4747251.8268999979],[-8826496.6289000008,4747247.8844999969],[-8826500.7048000004,4747240.0754000023],[-8826650.9473000001,4746978.6832000017],[-8826809.4782999996,4746693.7880999967],[-8826944.4414000008,4746408.4567999989],[-8827028.5039000008,4746114.2813000008],[-8827069.4478999991,4745815.3549000025],[-8827071.1621000003,4745527.9149999991],[-8827097.8823000006,4745357.1831],[-8827142.6842999998,4745111.3632000014],[-8827170.2951999996,4744829.3475999981],[-8827256.3456999995,4744288.3423999995],[-8827254.8155000005,4744131.3605000004],[-8827253.8992999997,4744072.7446999997],[-8827267.1684000008,4743958.696800001],[-8827306.1870000008,4743767.7809000015],[-8827376.6710999999,4743498.0654999986],[-8827465.1063999999,4743288.9244000018],[-8827602.1912999991,4743102.6039000005],[-8827658.5622000005,4742983.1868999973],[-8827670.7270999998,4742941.2814999968],[-8827697.8373000007,4742808.2586999983],[-8828155.3390999995,4741516.2348999977],[-8828227.9431999996,4741319.798299998],[-8828357.2710999995,4740985.9742000028],[-8828461.0576000009,4740701.1270999983],[-8828586.9144000001,4740288.1442999989],[-8828820.5313000008,4739639.8716000021],[-8829069.0665000007,4738982.0249999985],[-8829198.8835000005,4738618.6133000031],[-8829384.9300999995,4738142.5621000007],[-8829548.5364999995,4737814.4074999988],[-8829864.6908,4737222.1736000031],[-8830196.4791999999,4736580.8272999972],[-8830273.9268999994,4736384.5600999966],[-8830428.8134000003,4735992.0346999988],[-8830594.7974999994,4735530.5371000022],[-8830709.5706999991,4735176.8334000036],[-8830876.6139000002,4734656.0868000016],[-8830992.5423000008,4734238.1916999966],[-8831018.0840000007,4734104.6683000028],[-8831041.5220999997,4733982.1409000009],[-8831056.0618999992,4733725.4610999972],[-8830999.2872000001,4733600.8831999972],[-8830891.4190999996,4733579.1274000034],[-8830793.0286999997,4733577.3103],[-8830613.5702,4733702.4646999985],[-8830432.8376000002,4733896.7721000016],[-8830266.1312000006,4734130.8713999987],[-8830044.2074999996,4734423.2475000024],[-8829787.1021999996,4734754.507600002],[-8829604.8770000003,4735027.8616999984],[-8829597.3033000007,4735050.7013999969],[-8829588.7893000003,4735059.2342000008],[-8829573.0439999998,4735086.8379999995],[-8829500.2685000002,4735203.6608000025],[-8829423.4965000004,4735324.3506999984],[-8829350.6447999999,4735445.1119000018],[-8829281.7146000005,4735565.9482000023],[-8829212.7827000003,4735686.7867000028],[-8829208.7864999995,4735690.6515000015],[-8829196.6561999992,4735710.1224000007],[-8829176.4617999997,4735741.2612999976],[-8829144.2134000007,4735787.9329999983],[-8829128.1592999995,4735807.3308999985],[-8829125.3570000008,4735810.6425999999],[-8829112.5425000004,4735834.1341999993],[-8828986.7847000007,4735980.057099998],[-8828698.9145,4736108.125],[-8828520.8524999991,4736154.2195999995],[-8828428.2562000006,4736202.0688000023],[-8828426.3256000001,4736203.935800001],[-8828398.4308000002,4736227.0511000007],[-8828358.5493999999,4736261.7622999996],[-8828322.5183000006,4736300.4824000001],[-8828282.6338999998,4736335.1933000013],[-8828242.7518000007,4736369.9030999988],[-8828202.9426000006,4736400.6743000001],[-8828190.8826000001,4736416.2070999965],[-8828123.1769999992,4736470.0947000012],[-8828055.3947000001,4736527.920599997],[-8828007.4476999994,4736574.2978999987],[-8827995.5338000003,4736581.9539000019],[-8827983.4707999993,4736597.4862999991],[-8827955.5004999992,4736624.5411999971],[-8827911.5495999996,4736667.0534999967],[-8827879.5819000006,4736697.9716000035],[-8827871.5889999997,4736705.7010999992],[-8827827.6335000005,4736748.2148000002],[-8827783.7511,4736786.7886999995],[-8827779.7577999998,4736790.6535999998],[-8827735.9483000003,4736825.2902000025],[-8827688.0691999998,4736867.7289000005],[-8827636.3419000003,4736906.1551999971],[-8827600.5234999992,4736933.0606999993],[-8827584.6129000001,4736944.5825000033],[-8827528.9608999994,4736982.9346999973],[-8827520.9701000005,4736990.6642000005],[-8827469.3884999994,4737021.2129999995],[-8827441.6362999994,4737036.4518999979],[-8827409.8866000008,4737055.5525999963],[-8827370.2204999998,4737078.4466999993],[-8827342.4667000007,4737093.6854000017],[-8827330.5492000002,4737101.3407000005],[-8827326.5556000005,4737105.2043000013],[-8827294.8790000007,4737120.3686999977],[-8827267.1262999997,4737135.6058999971],[-8827239.2999000009,4737154.7814999968],[-8827211.5470000003,4737170.0172000006],[-8827183.7191000003,4737189.1939999983],[-8827171.8051999994,4737196.8505999967],[-8827155.8924000002,4737208.3694999963],[-8827147.9722000007,4737212.1601999998],[-8827147.8984999992,4737216.0998999998],[-8827139.9809000008,4737219.8894999996],[-8827119.9980999995,4737239.2127000019],[-8827092.0974000003,4737262.3280000016],[-8827088.1734999996,4737262.2540000007],[-8827064.1953999996,4737285.4417999983],[-8827040.2184999995,4737308.6297999993],[-8827036.2208999991,4737312.4957000017],[-8827016.1666000001,4737335.7563000023],[-8827012.0965,4737343.5595000014],[-8826931.6493999995,4737448.4244000018],[-8826862.7503999993,4737565.3278999999],[-8826805.4693999998,4737690.3316999972],[-8826751.8910000008,4737827.2289000005],[-8826743.5998999998,4737850.7133999988],[-8826706.0807000007,4737968.2145000026],[-8826656.3461000007,4738109.1248999983],[-8826647.9105999991,4738140.4892999977],[-8826606.6126000006,4738250.0397000015],[-8826556.8738000002,4738390.9549999982],[-8826552.5812999997,4738410.5759000033],[-8826515.6488000005,4738496.5684999973],[-8826474.6394999996,4738590.366899997],[-8826429.6388000008,4738688.0297000036],[-8826376.9333999995,4738777.6649999991],[-8826320.3063999992,4738867.2277999967],[-8826272.1143999994,4738925.4245000035],[-8826252.0562999994,4738948.6898000017],[-8826179.9546000008,4739026.1380999982],[-8826100.0803999994,4739099.4974000007],[-8826096.1557999998,4739099.4230000004],[-8826032.4173000008,4739149.4450000003],[-8826024.4977000002,4739153.2342000008],[-8825960.7572000008,4739203.2559999973],[-8825956.8364000004,4739203.181599997],[-8825889.1706000008,4739253.128700003],[-8825885.2497000005,4739253.0543000028],[-8825813.5881999992,4739306.8646000028],[-8825794.7467,4739318.6585000008],[-8825678.0165999997,4739456.5170999989],[-8825501.9023000002,4739678.9020000026],[-8825322.2244000006,4739914.4993000031],[-8825125.5731000006,4740173.0141000003],[-8824962.0900999997,4740425.5243000016],[-8824785.1259000003,4740691.0601999983],[-8824635.2877999991,4740920.5979999974],[-8824607.9638,4740966.5565000027],[-8824526.8080000002,4741061.2870000005],[-8824462.3673,4741146.3770999983],[-8824340.4715999998,4741296.7709000036],[-8824224.5547000002,4741450.5517000034],[-8824120.8453000002,4741598.7722999975],[-8823995.6675000004,4741778.0218999982],[-8823897.3675999995,4741915.8686000034],[-8823822.3366,4742019.2292999998],[-8823692.0643000007,4742191.3976999968],[-8823608.0011999998,4742312.0533000007],[-8823518.4526000004,4742446.5780000016],[-8823414.6224000007,4742600.0436000004],[-8823323.3293999992,4742734.5370000005],[-8823230.3617000002,4742865.5050999969],[-8823126.7228999995,4743008.4966000021],[-8822971.1424000002,4743229.0971999988],[-8822874.5867999997,4743365.2400999963],[-8822763.6798999999,4743523.8167999983],[-8822624.2722999994,4743716.7836999968],[-8822517.0036999993,4743866.6984999999],[-8822409.5978999995,4744023.5996999964],[-8822334.2340999991,4744142.686999999],[-8822212.4715999998,4744322.0244999975],[-8822124.6928000003,4744453.1030000001],[-8822033.3321000002,4744589.3544000015]]},"properties":{"objectid":8365,"elev":3500,"st_length(shape)":79549.421019437534}},{"type":"Feature","id":8374,"geometry":{"type":"LineString","coordinates":[[-8846316.2522999998,4757578.0626000017],[-8846408.2123000007,4757462.1431000009],[-8846656.4480000008,4757151.873300001],[-8846952.4262000006,4756784.5819000006],[-8847121.8284000009,4756557.9262000024],[-8847310.0039000008,4756284.6023999974],[-8847580.7720999997,4755915.0904000029],[-8847720.9944000002,4755709.6363999993],[-8847870.5690000001,4755482.6576000005],[-8848071.9312999994,4755171.6230000034],[-8848337.8754999992,4754764.1037999988],[-8848507.4224999994,4754524.8232000023],[-8848784.0962000005,4754119.304399997],[-8848959.3780000005,4753858.4459000006],[-8849165.9809000008,4753552.9461999983],[-8849230.9472000003,4753432.9820000008],[-8849379.7004000004,4753142.7845999971],[-8849431.4656000007,4752950.3392999992],[-8849514.4627,4752782.5715000033],[-8849519.9075000007,4752764.9809999987],[-8849559.1504999995,4752661.1607000008],[-8849598.7927999999,4752584.750500001],[-8849618.9127999991,4752554.257600002],[-8849633.6623,4752539.0891999975],[-8849655.2328999992,4752524.0342999995],[-8849686.3662999999,4752498.0063999966],[-8849724.7729000002,4752444.6969999969],[-8849752.8909000009,4752394.641900003],[-8849850.9611000009,4752291.8025999963],[-8849911.0003999993,4752167.7801999971],[-8849973.4548000004,4752052.3619000018],[-8850003.4730999991,4751990.3514999971],[-8850038.5785000008,4751930.1385999992],[-8850075.5717999991,4751858.8255999982],[-8850114.0949000008,4751802.8351999968],[-8850187.3419000003,4751647.4174000025],[-8850274.1129000001,4751486.1953999996],[-8850386.4813000001,4751378.5760999992],[-8850480.057,4751276.9013999999],[-8850613.8200000003,4751099.2567000017],[-8850714.5176999997,4750942.9618000016],[-8850813.2191000003,4750813.2221999988],[-8850917.7167000007,4750614.766900003],[-8851158.1487000007,4750199.616899997],[-8851256.6857999992,4749983.869599998],[-8851277.9500999991,4749921.6678000018],[-8851321.8306000009,4749809.7978999987],[-8851335.3925999999,4749778.2233000025],[-8851347.6919999998,4749746.8654000014],[-8851359.9912,4749715.507600002],[-8851396.8897999991,4749621.438500002],[-8851405.1307999995,4749597.9065999985],[-8851441.8997000009,4749511.7246999964],[-8851478.6667999998,4749425.5420000032],[-8851478.7954999991,4749417.6559000015],[-8851511.5710000005,4749335.3554000035],[-8851548.3366999999,4749249.1753999963],[-8851585.1019000001,4749162.9944000021],[-8851625.7952999994,4749076.8800999969],[-8851662.5591000002,4748990.701700002],[-8851699.3235999998,4748904.5236999989],[-8851736.0861000009,4748818.3489999995],[-8851772.8478999995,4748732.1723999977],[-8851798.6190000009,4748639.4129000008],[-8851812.2641000003,4748536.6186000034],[-8851833.8136999998,4748473.4448999986],[-8851886.1908,4748407.3438000008],[-8851936.3268999998,4748373.8278999999],[-8851976.2872000001,4748301.6209999993],[-8851980.3429000005,4748293.7976000011],[-8852024.8913000003,4748211.6964000016],[-8852033.0667000003,4748192.1076999977],[-8852073.6239999998,4748113.8871999979],[-8852085.7906999998,4748090.4223000035],[-8852170.6367000006,4747945.8740999997],[-8852190.8497000001,4747910.7087000012],[-8852259.3421,4747805.3343999982],[-8852347.9196000006,4747672.6843999997],[-8852384.0945999995,4747622.0009000003],[-8852440.4191999994,4747540.0970000029],[-8852517.1894000005,4747407.375500001],[-8852582.7407000009,4747318.3329999968],[-8852609.1415999997,4747271.5622000024],[-8852659.9802999999,4747167.2612000033],[-8852708.7511,4747058.6362000033],[-8852731.2257000003,4746990.3471999988],[-8852771.3804000001,4746885.8742000014],[-8852820.2181000002,4746772.9616999999],[-8852926.4639999997,4746468.9500999972],[-8852967.2196999993,4746380.3508000001],[-8853015.1444000006,4746271.2700000033],[-8853033.0965999998,4746218.3484999985],[-8853070.4596999995,4746127.9790000021],[-8853099.5535000004,4746020.3101999983],[-8853144.1952,4745902.5964000002],[-8853239.6995000001,4745778.8180000037],[-8853290.4499999993,4745738.4754000008],[-8853355.8397000004,4745712.075000003],[-8853380.6528999992,4745657.550999999],[-8853383.2753999997,4745600.9496999979],[-8853396.1799999997,4745542.7996999994],[-8853422.0716999993,4745421.3523999974],[-8853453.2559999991,4745289.6938999966],[-8853499.7712999992,4745109.2031999975],[-8853754.3253000006,4744860.2412],[-8853757.3083999995,4744769.7906000018],[-8853861.7089000009,4744547.5406000018],[-8853868.9274000004,4744478.6349000037],[-8853768.8717,4744335.9015000015],[-8853823.0394000001,4744087.4064999968],[-8853893.2962999996,4743970.126699999],[-8853948.3101000004,4743844.0200000033],[-8853989.2112000007,4743745.1445999965],[-8854082.9723000005,4743547.5895999968],[-8854148.5693999995,4743358.1089000031],[-8854153.6862000003,4743306.5165999979],[-8854158.3690000009,4743297.4777999967],[-8854166.7271999996,4743266.0724999979],[-8854166.8537000008,4743258.1895999983],[-8854179.4520999994,4743207.1424999982],[-8854188.2514999993,4743148.1480000019],[-8854196.9875000007,4743093.0966000035],[-8854201.7980000004,4743037.9818999991],[-8854210.5338000003,4742982.9297000021],[-8854210.9131000005,4742959.2819999978],[-8854215.4074000008,4742923.8730999976],[-8854224.1431000009,4742868.8225999996],[-8854228.4476999994,4742845.2375999987],[-8854237.3728,4742778.3640000001],[-8854246.0449000001,4742727.2556999996],[-8854263.2625999991,4742632.9193999991],[-8854280.5445000008,4742534.6440000013],[-8854293.3939999994,4742467.8357999995],[-8854301.6865999997,4742440.3752000034],[-8854322.8282999992,4742346.1062000021],[-8854347.8947000001,4742251.9012999982],[-8854372.9605999999,4742157.6970999986],[-8854389.6090999991,4742098.8365999982],[-8854394.1022999994,4742063.4318000004],[-8854411.3173999991,4741969.1010999978],[-8854420.7453000005,4741870.7052000016],[-8854422.3233000003,4741772.1833999977],[-8854416.0515000001,4741673.5370000005],[-8854412.8840999994,4741626.1832000017],[-8854401.9301999994,4741574.7635999992],[-8854383.8829999994,4741475.9275999963],[-8854378.8993999995,4741405.6947000027],[-8854380.6802999992,4741294.5213000029],[-8854398.4484000001,4741173.0164000019],[-8854422.2512999997,4741003.9540000036],[-8854452.7504999992,4740854.0728999972],[-8854488.2873999998,4740579.884300001],[-8854433.4406000003,4740305.1959000006],[-8854360.6084000003,4740141.2690000013],[-8854257.3891000003,4739793.7079999968],[-8854080.2841999996,4739411.3884000033],[-8853792.2138,4739165.2599999979],[-8853490.5803999994,4739051.1359999999],[-8853023.0440999996,4738928.5560000017],[-8852497.9057,4738828.0109999999],[-8852143.3740999997,4738779.0894000009],[-8852090.7213000003,4738762.559299998],[-8851986.909,4738741.6876000017],[-8851975.5644000005,4738740.0746000037],[-8851947.0789999999,4738732.8827000037],[-8851808.7828000002,4738689.567400001],[-8851669.3704000004,4738631.1811999977],[-8851507.9166000001,4738587.4821000025],[-8851390.7530000005,4738585.556599997],[-8851213.3995999992,4738597.690200001],[-8851018.0446000006,4738627.311499998],[-8850825.2340999991,4738667.9173000008],[-8850702.8402999993,4738735.6796000004],[-8850510.1556000002,4738851.5377999991],[-8850346.1600000001,4739045.8623000011],[-8850202.4149999991,4739251.4697000012],[-8850087.9956999999,4739413.7775000036],[-8849980.7531000003,4739526.5525000021],[-8849891.1486000009,4739601.1256000027],[-8849627.6424000002,4739904.4113000035],[-8849498.1348999999,4739966.7585000023],[-8849343.1086999997,4739953.4289000034],[-8849141.2491999995,4739858.6916000023],[-8849040.7208999991,4739787.1411999986],[-8848868.4863000009,4739843.3918000013],[-8848764.0424000006,4740008.2729000002],[-8848766.8123000003,4740164.196800001],[-8848623.6514999997,4740403.6878999993],[-8848494.3992999997,4740449.9034999982],[-8848041.5160000008,4740641.2025000006],[-8847696.9158999994,4740759.0491999984],[-8847493.5313000008,4740755.627700001],[-8847263.5656000003,4740741.0033000037],[-8846963.9320999999,4740730.5728999972],[-8846808.0877,4740765.5681999996],[-8846655.7912000008,4740908.1308000013],[-8846443.6213000007,4741108.8109000027],[-8846173.9221999999,4741227.878899999],[-8846124.2668999992,4741248.0803000033],[-8846123.2994999997,4741248.4738999978],[-8846117.3910000008,4741250.877700001],[-8846114.0020000003,4741252.2564999983],[-8846111.9962000009,4741253.0724999979],[-8846111.9441,4741256.1644999981],[-8846108.0208999999,4741256.0979000032],[-8846104.0286999997,4741259.9716000035],[-8846100.1053999998,4741259.9050000012],[-8846096.1144999992,4741263.7789999992],[-8846060.4616999999,4741282.8818000033],[-8846016.8918999992,4741305.7929999977],[-8845977.1800999995,4741332.7098999992],[-8845937.5359000005,4741355.6860999987],[-8845925.6293000001,4741363.3672000021],[-8845893.9003999997,4741382.5363000035],[-8845854.2557999995,4741405.5122999996],[-8845810.6184999999,4741432.363499999],[-8845770.9722000007,4741455.3391999975],[-8845727.4702000003,4741474.3077000007],[-8845687.8886999991,4741493.3426999971],[-8845679.9728999995,4741497.1511000022],[-8845636.5358000007,4741512.1772999987],[-8845589.1738000009,4741527.1393000036],[-8845573.4072999991,4741530.8125],[-8845541.8770000003,4741538.1577000022],[-8845482.8060999997,4741548.9780000001],[-8845474.9568000007,4741548.8443000019],[-8845427.6610000003,4741559.8636000007],[-8845383.3805999998,4741566.5002999976],[-8845375.8910000008,4741571.6194000021],[-8845235.8778000008,4741569.2317999974],[-8845024.932,4741620.3171999976],[-8845014.1228999998,4741622.1002999991],[-8845014.3649000004,4741623.764700003],[-8845010.3748000003,4741627.6371000037],[-8844986.4246999994,4741650.8796000034],[-8844970.1916000005,4741682.137500003],[-8844953.9572000001,4741713.3931000009],[-8844930.0094000008,4741736.6357000023],[-8844902.2021999992,4741755.8694000021],[-8844878.4520999994,4741767.2888000011],[-8844874.5285999998,4741767.2216999978],[-8844792.3016999997,4741838.3100999966],[-8844693.8890000004,4741878.679399997],[-8844575.0157999992,4741890.6620000005],[-8844349.1995999999,4742033.9795000032],[-8844044.2232000008,4742316.1164000034],[-8843846.1863000002,4742466.9148000032],[-8843711.9119000006,4742562.7346000001],[-8843578.2337999996,4742623.5166999996],[-8843443.9549000002,4742719.3342000023],[-8843308.7138999999,4742871.2102999985],[-8843094.1751000006,4743168.920599997],[-8842909.1048000008,4743376.0156000033],[-8842631.9668000005,4743658.6275999993],[-8842333.3912000004,4743968.9086000025],[-8842112.9070999995,4744203.4321999997],[-8841826.2061999999,4744460.1406000033],[-8841670.5984000005,4744557.8839000016],[-8841488.5271000005,4744628.118900001],[-8841279.7927000001,4744682.4309],[-8841182.0690000001,4744734.0420000032],[-8841102.4899000004,4744893.9010000005],[-8840959.5962000005,4745080.6987000033],[-8840682.9663999993,4745328.255900003],[-8840497.1975999996,4745570.3941000029],[-8840340.1987999994,4745763.9592000023],[-8840204.9927999992,4745908.8271000013],[-8839949.6334000006,4746135.7221999988],[-8839758.1980000008,4746300.6350999996],[-8839446.2295999993,4746568.6009000018],[-8839326.1916000005,4746643.6145000011],[-8839124.7163999993,4746894.1965000033],[-8839111.4938999992,4746907.0131999999],[-8839099.4374000002,4746922.5762000009],[-8839087.3794999998,4746938.1380999982],[-8839079.3187000006,4746949.8268000036],[-8839071.3962999992,4746953.630400002],[-8839071.3271999992,4746957.5716999993],[-8839035.2941999994,4746996.3747999966],[-8839019.3121000007,4747011.8646000028],[-8838999.2635999992,4747035.1752000004],[-8838967.2259999998,4747070.1011999995],[-8838959.2342000008,4747077.8501000032],[-8838923.2017000001,4747116.6493000016],[-8838915.1405999996,4747128.3379999995],[-8838899.1568,4747143.8317999989],[-8838895.0916000009,4747151.6462000012],[-8838839.0774000008,4747209.8132999986],[-8838786.9199000001,4747271.9930000007],[-8838730.9057,4747330.1577999964],[-8838674.8213999998,4747392.2691000029],[-8838622.6633000001,4747454.4460999966],[-8838570.4326000009,4747520.5714000016],[-8838518.2050999999,4747586.6926999986],[-8838469.8999000005,4747652.8840000033],[-8838421.5979999993,4747719.0755999982],[-8838417.6016000006,4747722.9484999999],[-8838401.5453999992,4747742.386500001],[-8838385.4209000003,4747765.7634000033],[-8838365.3707999997,4747789.0719000027],[-8838345.3873999994,4747808.438699998],[-8838325.3344000001,4747831.7457000017],[-8838305.3533999994,4747851.1125999987],[-8838289.3675999995,4747866.6064999998],[-8838285.3003000002,4747874.4211999997],[-8838277.3782000002,4747878.2246000022],[-8838241.4070999995,4747913.0825999975],[-8838193.6586000007,4747947.7325000018],[-8838185.6643000003,4747955.4773999974],[-8838145.9072999991,4747982.3796000034],[-8838094.2298000008,4748016.9606999978],[-8838042.6190000009,4748047.5974000022],[-8838034.6966999993,4748051.3980000019],[-8837991.0119000003,4748078.2299999967],[-8837979.0913999993,4748085.9089000002],[-8837959.2459999993,4748097.3867999986],[-8837919.6271000002,4748116.4052999988],[-8837911.6324000005,4748124.1501000002],[-8837868.0875000004,4748143.0970999971],[-8837856.2340999991,4748146.8276000023],[-8837816.6149000004,4748165.8442000002],[-8837796.9123,4748169.4389000013],[-8837765.2153999992,4748184.6508999988],[-8837737.5165999997,4748195.9900000021],[-8837709.7467999998,4748211.2722000033],[-8837693.8291999996,4748222.8210000023],[-8837665.8511999995,4748249.9321999997],[-8837657.3666999992,4748285.2793999985],[-8837653.3724000007,4748289.1524000019],[-8837653.3026999999,4748293.0966000035],[-8837653.2329999991,4748297.0371999964],[-8837653.1632000003,4748300.9813999981],[-8837653.0933999997,4748304.9258000031],[-8837653.0237000007,4748308.868900001],[-8837652.9539999999,4748312.8105000034],[-8837652.7447999995,4748324.6384999976],[-8837648.6070000008,4748336.4013999999],[-8837644.4705999997,4748348.1594000012],[-8837640.3330000006,4748359.9184999987],[-8837636.3386000004,4748363.7927000001],[-8837628.2723999992,4748375.4807000011],[-8837616.2131999992,4748391.0442000031],[-8837608.2205999997,4748398.7889999971],[-8837600.2240999993,4748406.5363000035],[-8837580.3104999997,4748421.9557999969],[-8837572.3849999998,4748425.7599999979],[-8837564.3923000004,4748433.5072999969],[-8837560.3940999992,4748437.3791000023],[-8837548.4728999995,4748445.056400001],[-8837544.4759,4748448.9306999967],[-8837536.4832000006,4748456.675499998],[-8837532.4848999996,4748460.5498000011],[-8837524.4923,4748468.2946000025],[-8837516.4968999997,4748476.0419000015],[-8837508.5741000008,4748479.8422000036],[-8837500.6471999995,4748483.6464999989],[-8837484.7290000003,4748495.1953999996],[-8837468.8829999994,4748502.8025000021],[-8837453.1030999999,4748506.4640000015],[-8837437.2544999998,4748514.0710999966],[-8837421.4746000003,4748517.7309999987],[-8837405.6260000002,4748525.3395000026],[-8837405.5560999997,4748529.2824999988],[-8837389.6377000008,4748540.8312999979],[-8837373.7179000005,4748552.3803000003],[-8837357.7294999994,4748567.8721000031],[-8837353.7336999997,4748571.7465000004],[-8837321.6157000009,4748610.6167000011],[-8837317.6884000003,4748610.5464999974],[-8837285.5002999995,4748653.3614000008],[-8837249.3870999999,4748696.1046999991],[-8837213.2697999999,4748738.8492000028],[-8837177.2259999998,4748777.6494000033],[-8837141.1780999992,4748816.4482999966],[-8837105.2037000004,4748851.305399999],[-8837065.3704000004,4748882.1501000002],[-8837025.6068999991,4748909.0502000004],[-8836985.7705000006,4748939.8947999999],[-8836969.8535999991,4748951.4420000017],[-8836945.9364999998,4748970.737999998],[-8836910.0309999995,4749001.6499999985],[-8836870.1263999995,4749036.4390999973],[-8836834.0777000003,4749075.2378000021],[-8836830.0789000001,4749079.1120999977],[-8836801.9561000001,4749114.1081999987],[-8836773.7630000003,4749153.0527999997],[-8836761.7002000008,4749168.612499997],[-8836745.5683999993,4749191.992399998],[-8836733.4366999995,4749211.4968999997],[-8836717.3047000002,4749234.878200002],[-8836701.1740000006,4749258.2568999976],[-8836689.0407999996,4749277.7638999969],[-8836680.9767000005,4749289.4518999979],[-8836672.9100000001,4749301.1411999986],[-8836656.8478999995,4749320.5778999999],[-8836636.8607999999,4749339.9415000007],[-8836616.8710999992,4749359.3077000007],[-8836596.8850999996,4749378.6714000031],[-8836576.8938999996,4749398.0375000015],[-8836553.0492000002,4749413.3887000009],[-8836537.0569000002,4749428.8817000017],[-8836533.0591000002,4749432.7522],[-8836497.2208999991,4749459.7220999971],[-8836461.3785999995,4749486.6930000037],[-8836425.4696999993,4749517.6062999964],[-8836397.4847999997,4749544.7182999998],[-8836377.4942000005,4749564.0844999999],[-8836365.5708000008,4749571.7585000023],[-8836337.5153000001,4749602.8140999973],[-8836325.5216000006,4749614.4315000027],[-8836309.5286999997,4749629.9246999994],[-8836277.6154999994,4749656.9649000019],[-8836273.5459000003,4749664.7824999988],[-8836241.6312000006,4749691.824000001],[-8836209.7203000002,4749718.8641000018],[-8836201.7216999996,4749726.6085999981],[-8836157.9546000008,4749757.3816],[-8836149.8894999996,4749769.0697999969],[-8836118.0445000008,4749792.1660000011],[-8836090.0580000002,4749819.2766000032],[-8836078.1340999994,4749826.9531999975],[-8836038.2235000003,4749861.7387999967],[-8836026.2291999999,4749873.3564999998],[-8835998.3125999998,4749896.5258999988],[-8835966.3964000009,4749923.565700002],[-8835958.4692000002,4749927.3691999987],[-8835946.4747000001,4749938.987999998],[-8835930.5524000004,4749950.5345999971],[-8835930.4818999991,4749954.4796999991],[-8835914.5582999997,4749966.0276999995],[-8835898.6384999994,4749977.5756999999],[-8835882.7160999998,4749989.122299999],[-8835874.7874999996,4749992.9258999974],[-8835834.8049999997,4750031.6550000012],[-8835818.7414999995,4750051.0914999992],[-8835770.4812000003,4750113.3400999978],[-8835758.2721999995,4750136.7898000032],[-8835733.9295000006,4750179.7474000007],[-8835717.5833000001,4750214.9591000006],[-8835692.9594000001,4750273.6919],[-8835692.8889000006,4750277.633100003],[-8835668.4045000002,4750328.4796999991],[-8835643.7762000002,4750387.2104000002],[-8835631.4984000009,4750414.6084999964],[-8835619.2218999993,4750442.002700001],[-8835590.8794,4750488.8315000013],[-8835570.6017000005,4750523.9730999991],[-8835562.3940999992,4750543.5493000001],[-8835530.1936000008,4750586.3660999984],[-8835510.0568000004,4750613.6187999994],[-8835457.7931999993,4750679.7436000034],[-8835401.6689999998,4750741.8558999971],[-8835337.8292999994,4750795.9359000027],[-8835273.9902999997,4750850.0156000033],[-8835202.3650000002,4750900.012000002],[-8835130.8085999992,4750946.0600000024],[-8835051.4673999995,4750988.0239999965],[-8834989.7990000006,4751017.6001999974],[-8834939.0634000003,4751034.0256000012],[-8834844.4157999996,4751062.1067999974],[-8834781.4613000005,4751091.7890999988],[-8834714.5067999996,4751116.2613999993],[-8834663.9011000004,4751142.057099998],[-8834626.5309999995,4751163.9460000023],[-8834513.1851000004,4751271.863499999],[-8834437.2310000006,4751341.3791999966],[-8834394.4371000007,4751387.8654000014],[-8834268.0581,4751472.9042000026],[-8834162.2111000009,4751554.2054999992],[-8833995.8281999994,4751651.0244999975],[-8833878.6593999993,4751728.8555999994],[-8833761.5464999992,4751787.5905999988],[-8833755.9076000005,4751793.0503000021],[-8833736.0502000004,4751804.5252000019],[-8833716.1239999998,4751819.9444999993],[-8833700.1963,4751831.4909000024],[-8833680.2674000002,4751846.9099999964],[-8833660.4123,4751858.3874000013],[-8833640.5547000002,4751869.8620999977],[-8833624.5552999992,4751885.3542999998],[-8833604.7002000008,4751896.8276999965],[-8833584.8423999995,4751908.3024000004],[-8833564.9846000001,4751919.7770999968],[-8833545.1293000001,4751931.2518000007],[-8833525.1999999993,4751946.6706999987],[-8833465.6284999996,4751981.0970999971],[-8833433.8446999993,4752000.2426000014],[-8833409.9852000009,4752015.5908999965],[-8833350.4167999998,4752050.0156000033],[-8833294.7701999992,4752084.5102000013],[-8833274.9143000003,4752095.9833000004],[-8833235.1997999996,4752118.9316999987],[-8833175.6978999991,4752149.4111000001],[-8833120.1254999992,4752179.9606999978],[-8833116.1240999997,4752183.8347000033],[-8833056.5499000009,4752218.2553000003],[-8832993.1208999995,4752248.6620000005],[-8832965.3342000004,4752263.9378999993],[-8832945.4750999995,4752275.4103000015],[-8832901.8291999996,4752298.2859999985],[-8832885.8984999992,4752309.8316999972],[-8832862.1129999999,4752321.2360000014],[-8832818.3950999994,4752348.0556999967],[-8832778.6798999999,4752371.0018000007],[-8832746.8909000009,4752390.1495999992],[-8832738.9631999992,4752393.9487000033],[-8832695.2446999997,4752420.7682000026],[-8832655.4559000004,4752447.6598000005],[-8832623.5945999995,4752470.753200002],[-8832615.6642000005,4752474.550999999],[-8832575.875,4752501.4422999993],[-8832532.1555000003,4752528.2651999965],[-8832508.2256000005,4752547.5542000011],[-8832492.3658000007,4752555.1561999992],[-8832452.5054000001,4752585.9905000031],[-8832412.7152999993,4752612.8813000023],[-8832396.7835000008,4752624.4290999994],[-8832372.9210999999,4752639.7719999999],[-8832329.2017999999,4752666.5903000012],[-8832289.4111000001,4752693.4808999971],[-8832281.4110000003,4752701.2285000011],[-8832249.6201000009,4752720.3752999976],[-8832205.9707999993,4752743.2475000024],[-8832166.2526999991,4752766.1930000037],[-8832142.3922000006,4752781.5383000001],[-8832126.5330999997,4752789.1372999996],[-8832086.8133000005,4752812.0852999985],[-8832047.0895000007,4752835.0292000026],[-8832027.2321000006,4752846.5018000007],[-8831999.5143999998,4752857.8297000006],[-8831963.7923000008,4752876.9035999998],[-8831932.0001999997,4752896.0496999994],[-8831904.2102000006,4752911.3234999999],[-8831856.6330999993,4752934.1221999973],[-8831844.7744999994,4752937.8510999978],[-8831785.2639000006,4752968.3203999996],[-8831781.3350000009,4752968.2480000034],[-8831725.8969999999,4752990.9051999971],[-8831702.1087999996,4753002.3051000014],[-8831666.5299999993,4753013.4873000011],[-8831619.0241,4753032.3429000005],[-8831611.0929000005,4753036.1400000006],[-8831551.8696999997,4753050.8332000002],[-8831532.0822000001,4753058.3615000024],[-8831508.3619999997,4753065.8145999983],[-8831445.1399000008,4753084.3795000017],[-8831378.0598000009,4753098.9253999963],[-8831310.9034000002,4753117.4140999988],[-8831243.8951999992,4753128.014200002],[-8831176.8145000003,4753142.558799997],[-8831109.8783999998,4753149.2157000005],[-8831042.8672000002,4753159.8144000024],[-8830972.0757999998,4753162.4478999972],[-8830972.0033,4753166.3940000013],[-8830877.6345000006,4753168.5930999964],[-8830783.2682000007,4753170.7924999967],[-8830724.2608000003,4753173.6425999999],[-8830688.9006999992,4753172.9871999994],[-8830590.7492999993,4753167.2236000001],[-8830527.1283999998,4753166.0433999971],[-8830522.7793000005,4753166.7542999983],[-8830293.1388000008,4753187.1542000026],[-8830108.5541999992,4753206.3316999972],[-8829993.6952999998,4753218.5821999982],[-8829843.4417000003,4753263.0571999997],[-8829662.6437999997,4753298.7395000011],[-8829498.4434999991,4753322.3964999989],[-8829323.9349000007,4753349.9689000025],[-8829124.9454999994,4753372.9702000022],[-8828997.2178000007,4753382.8949000016],[-8828975.2734999992,4753385.740699999],[-8828931.9111000001,4753392.8216999993],[-8828888.6193000004,4753395.9575999975],[-8828849.2524999995,4753399.1682000011],[-8828672.1559999995,4753411.6361000016],[-8828593.5034999996,4753414.1067999974],[-8828491.2010999992,4753420.0820000023],[-8828302.6071000006,4753416.5427000001],[-8828118.0945999995,4753405.1829999983],[-8828110.2340999991,4753405.0351999998],[-8827910.1497000009,4753385.4902999997],[-8827855.3642999995,4753372.6181000024],[-8827839.6484999992,4753372.322300002],[-8827820.0788000003,4753368.0089000016],[-8827800.5066,4753363.6930999979],[-8827776.9342999998,4753363.2493000031],[-8827757.3607999999,4753358.9345000014],[-8827733.8621999994,4753354.5471000001],[-8827710.3622999992,4753350.1582999974],[-8827690.7902000006,4753345.8420000002],[-8827667.2916999999,4753341.4518999979],[-8827647.7194999997,4753337.1394999996],[-8827624.2197999991,4753332.7492000014],[-8827620.2908999994,4753332.6752000004],[-8827608.5778999999,4753328.5084000006],[-8827491.2245000005,4753298.6714000031],[-8827444.2267000005,4753289.8940000013],[-8827377.8007999994,4753268.9087999985],[-8827260.4528000001,4753239.0710000023],[-8827237.0273000002,4753230.7377000004],[-8827151.0344999991,4753205.4341000021],[-8827037.6881000008,4753171.7258000001],[-8827033.7579999994,4753171.6515000015],[-8826971.1939000003,4753154.6828999966],[-8826904.7699999996,4753133.6948999986],[-8826842.2061999999,4753116.7267000005],[-8826779.6389000006,4753099.757100001],[-8826713.1456000004,4753082.7138999999],[-8826650.5824999996,4753065.7474000007],[-8826607.5868999995,4753053.0921000019],[-8826584.1599000003,4753044.7573999986],[-8826521.6714999992,4753023.8417000026],[-8826513.8125999998,4753023.6928000003],[-8826498.1703999992,4753019.4514999986],[-8826470.8915999997,4753007.0961999968],[-8826447.4673999995,4752998.7585999966],[-8826408.4779000003,4752982.2352000028],[-8826392.8357999995,4752977.9909999967],[-8826346.0605999995,4752957.3748999983],[-8826338.2785999998,4752953.2813000008],[-8826287.5761999991,4752932.5904999971],[-8826279.7916999999,4752928.4953000024],[-8826256.4420999996,4752916.2141000032],[-8826229.1637999993,4752903.8597000018],[-8826221.3050999995,4752903.7105000019],[-8826186.2451000009,4752887.2594000027],[-8826147.2552000005,4752870.7352000028],[-8826139.3951999992,4752870.5859000012],[-8826096.4767000005,4752853.985299997],[-8826069.1232999992,4752845.5725999996],[-8826053.4827999994,4752841.3320000023],[-8826018.2745999992,4752832.7685000002],[-8825998.7040999997,4752828.4531999975],[-8825971.4265000001,4752816.0942000002],[-8825936.2915000003,4752803.5883999988],[-8825932.4372000005,4752799.5716999993],[-8825893.5225000009,4752779.1005000025],[-8825862.5383000001,4752754.8356000036],[-8825850.9756000005,4752742.7753000036],[-8825831.6286999993,4752726.6261000037],[-8825808.5791999996,4752698.5658000037],[-8825785.5285999998,4752670.5019999966],[-8825762.5497999992,4752638.4998999983],[-8825743.5050000008,4752606.5688999966],[-8825705.1127000004,4752558.4862999991],[-8825678.2072000001,4752526.4082999974],[-8825662.8653999995,4752506.3857999966],[-8825616.6154999994,4752458.1535999998],[-8825589.6373999994,4752430.0175999999],[-8825539.3863999993,4752385.6564999968],[-8825485.2073999997,4752341.2190999985],[-8825473.6429999992,4752329.1625000015],[-8825468.7772000004,4752325.8681000024],[-8825460.4530999996,4752321.5982000008],[-8825413.1642000005,4752296.7207999974],[-8825316.7202000003,4752255.4927000031],[-8825204.9315000009,4752213.9711000025],[-8825093.3059,4752163.8885999992],[-8824991.9765000008,4752110.576700002],[-8824902.7131999992,4752050.6445999965],[-8824813.6131999996,4751982.1525000036],[-8824726.6093000006,4751893.1499999985],[-8824689.875,4751837.9777999967],[-8824676.8153000008,4751826.2986000031],[-8824605.1745999996,4751710.9711999968],[-8824513.5986000001,4751503.7220000029],[-8824466.2234000005,4751304.1726000011],[-8824334.7134000007,4751044.7939999998],[-8824260.0666000005,4750844.7299999967],[-8824138.8611999992,4750582.1334000006],[-8824041.9192999993,4750299.4610999972],[-8823947.9354999997,4750040.8232999966],[-8823855.2784000002,4749891.7954000011],[-8823748.2038000003,4749783.5835999995],[-8823685.3862999994,4749679.6469999999],[-8823616.9269999992,4749513.9663999975],[-8823632.7183999997,4749401.2710999995],[-8823666.5994000006,4749234.1385999992],[-8823713.3322000001,4749108.3448000029],[-8823849.1541000009,4748960.295599997],[-8823947.3433999997,4748818.3721999973],[-8824010.4636000004,4748727.1362000033],[-8824037.1272999998,4748580.4184999987],[-8824013.8956000004,4748367.6921000034],[-8823983.5217000004,4748171.9519999996],[-8823951.1287999991,4748082.3123999983],[-8823922.0798000004,4747996.1613999978],[-8823883.4573999997,4747875.5903000012],[-8823830.3537000008,4747799.2498999983],[-8823756.8648000006,4747719.0944999978],[-8823695.9020000007,4747697.3813999966],[-8823613.7050000001,4747716.3430000022],[-8823524.3639000002,4747752.2846999988],[-8823444.8560000006,4747808.9570000023],[-8823330.8035000004,4747888.9294999987],[-8823135.9945999999,4748090.5992999971],[-8823012.2379000001,4748321.0305999964],[-8822918.9583000001,4748562.3253000006],[-8822834.1308999993,4748718.1887999997],[-8822700.7226999998,4748917.6275999993],[-8822519.7799999993,4749105.8769000024],[-8822304.8056000005,4749290.0433999971],[-8821855.4984000009,4749599.7842999995],[-8821623.9832000006,4749756.2294000015],[-8821065.0735999998,4750087.7892000005],[-8820685.9378999993,4750292.7091000006],[-8820272.7589999996,4750493.5279999971],[-8819896.7358999997,4750712.1851999983],[-8819582.6028000005,4750904.6511000022],[-8819252.3450000007,4751048.8470999971],[-8818922.2118999995,4751186.1871000007],[-8818601.3607999999,4751371.6486999989],[-8818431.9368999992,4751488.173299998],[-8818189.5603,4751671.7520999983]]},"properties":{"objectid":8374,"elev":3080,"st_length(shape)":68121.394398069824}},{"type":"Feature","id":8420,"geometry":{"type":"LineString","coordinates":[[-8846327.6082000006,4757588.8533999994],[-8846731.8211000003,4757102.2990999967],[-8847138.2489999998,4756588.6802000031],[-8847335.6640000008,4756301.0539000034],[-8847684.0274999999,4755811.7716000006],[-8847835.2228999995,4755595.6605999991],[-8847997.8400999997,4755341.7964000031],[-8848293.7219999991,4754866.1111000031],[-8848511.0102999993,4754569.8088999987],[-8848794.8510999996,4754166.2150000036],[-8848938.7418000009,4753953.6132000014],[-8849126.8789000008,4753676.7102999985],[-8849301.0925999992,4753370.6722000018],[-8849398.0711000003,4753164.5239000022],[-8849449.6269000005,4752984.7210000008],[-8849507.3609999996,4752866.447800003],[-8849558.3331000004,4752772.4695999995],[-8849574.2194999997,4752729.9191000015],[-8849603.2340999991,4752677.3090000004],[-8849667.9423999991,4752580.7637000009],[-8849707.216,4752526.6120999977],[-8849752.5425000004,4752467.4233999997],[-8849809.4613000005,4752377.6001999974],[-8849869.7470999993,4752290.4024000019],[-8849928.9616999999,4752164.6534999982],[-8849961.5949000008,4752099.2608999982],[-8849997.4829999991,4752043.3417999968],[-8850081.8145000003,4751894.0364999995],[-8850127.4684999995,4751821.9767000005],[-8850155.8736000005,4751761.0724000037],[-8850220.1745999996,4751640.1418000013],[-8850289.2745999992,4751511.4715000018],[-8850370.1371999998,4751425.2259000018],[-8850520.3664999995,4751288.5169999972],[-8850580.8782000002,4751208.190700002],[-8850660.6659999993,4751092.2119000033],[-8850805.5802999996,4750899.1127000004],[-8850933.4625000004,4750699.4781000018],[-8851000.8105999995,4750581.7330000028],[-8851111.4282000009,4750389.6367999986],[-8851207.3628000002,4750237.9606000036],[-8851280.6528999992,4750108.0336999968],[-8851328.2606000006,4749988.1766000018],[-8851388.1967999991,4749846.8581999987],[-8851411.1703999992,4749775.3025000021],[-8851443.3581000008,4749711.7176999971],[-8851456.2740000002,4749683.7824999988],[-8851485.6276999991,4749602.9503000006],[-8851510.5653000008,4749506.4086000025],[-8851536.7021999992,4749431.7796000019],[-8851570.7765999995,4749347.8991999999],[-8851604.9014999997,4749260.8929999992],[-8851645.2789999992,4749172.4265000001],[-8851664.7477000002,4749088.7893999964],[-8851698.4627999999,4749013.7932000011],[-8851737.6422000006,4748918.2829999998],[-8851773.4574999996,4748819.2842999995],[-8851800.4442999996,4748737.311300002],[-8851821.0116000008,4748629.4786999971],[-8851833.1426999997,4748514.6410000026],[-8851875.3465,4748443.2216999978],[-8851985.9879000001,4748369.4919999987],[-8852041.1703999992,4748312.4659999982],[-8852053.4641999993,4748281.1115999967],[-8852078.3476,4748248.7688999996],[-8852105.7487000003,4748213.8567000031],[-8852139.8288000003,4748180.7378999963],[-8852243.5526999999,4748093.1926999986],[-8852327.6206,4747976.7001999989],[-8852500.3428000007,4747770.7326000035],[-8852514.6996999998,4747609.3237999976],[-8852537.3479999993,4747480.6019999981],[-8852611.341,4747346.1860999987],[-8852687.1269000005,4747206.3241999969],[-8852774.6804000009,4746946.0014000013],[-8852850.4376999997,4746754.1458000019],[-8852950.1713999994,4746483.0694999993],[-8853035.2666999996,4746295.6300999969],[-8853152.0525000002,4746065.5552999973],[-8853188.5450999998,4746008.9922999963],[-8853244.1613999996,4745943.2145000026],[-8853312.1327999998,4745846.678199999],[-8853394.1383999996,4745762.2780999988],[-8853429.0635000002,4745655.6796000004],[-8853442.1095000003,4745582.0666000023],[-8853455.1170000006,4745510.8350000009],[-8853495.0972000007,4745345.2995000035],[-8853541.0582999997,4745145.2258000001],[-8853667.8308000006,4745013.7613999993],[-8853774.9673999995,4744906.5926000029],[-8853859.1447000001,4744707.0194000006],[-8853924.5481000002,4744534.7542999983],[-8853929.3769000005,4744424.3967999965],[-8853857.3025000002,4744346.5380999967],[-8853832.1289000008,4744297.0483999997],[-8853834.6423000004,4744235.7371999994],[-8853868.9570000004,4744096.7192000002],[-8853922.2366000004,4744013.2255000025],[-8853992.7326999996,4743903.9372999966],[-8854063.4982999992,4743777.7832999974],[-8854148.4488999993,4743624.2529999986],[-8854224.7262999993,4743439.9105999991],[-8854266.7199000008,4743347.9147000015],[-8854274.0025999993,4743324.8932999969],[-8854294.8938999996,4743246.3816],[-8854303.5031000003,4743199.2122000009],[-8854307.7444000002,4743179.5688999966],[-8854316.5429999996,4743120.574500002],[-8854325.3416000009,4743061.5803999975],[-8854334.0767000001,4743006.5292000026],[-8854342.8748000003,4742947.5371000022],[-8854347.5582999997,4742900.3043000028],[-8854351.6097999997,4742892.4852000028],[-8854360.4724000003,4742829.5512000024],[-8854373.2574000005,4742766.6810000017],[-8854386.1079999991,4742699.871299997],[-8854398.9560000002,4742633.0606999993],[-8854399.0190999992,4742629.1208000034],[-8854419.8458999991,4742554.5552999973],[-8854444.7226999998,4742472.1714000031],[-8854465.6119999997,4742393.6670999974],[-8854469.6619000006,4742385.8483999968],[-8854510.6810999997,4742276.1308000013],[-8854543.5326000005,4742185.9936999977],[-8854547.6469999999,4742174.2340999991],[-8854547.7731999997,4742166.3522000015],[-8854589.1044999994,4742036.9346000031],[-8854601.5744000003,4741993.7734000012],[-8854622.7123000007,4741899.5077000037],[-8854635.6849000007,4741824.8202999979],[-8854636,4741805.1162],[-8854641.5006000008,4741706.6582000032],[-8854641.8787999991,4741683.0134999976],[-8854635.2267000005,4741608.0112000033],[-8854621.1034999993,4741509.2400000021],[-8854595.2676999997,4741406.3364999965],[-8854580.3266000003,4741358.7955000028],[-8854571.6415999997,4741326.3096999973],[-8854571.8789000008,4741174.3444999978],[-8854574.7399000004,4740995.5301000029],[-8854568.4840999991,4740851.4724999964],[-8854571.3068000004,4740675.0439999998],[-8854562.1865999997,4740549.8034000024],[-8854487.2269000001,4740229.1655000001],[-8854468.2963999994,4740131.5939999968],[-8854445.6614999995,4739836.9946999997],[-8854342.5997000001,4739478.8694999963],[-8854192.0912999995,4739223.4730999991],[-8853983.5173000004,4739018.8822999969],[-8853619.1969000008,4738886.5024999976],[-8853065.6185999997,4738774.0283999965],[-8852488.4125999995,4738707.1297999993],[-8852190.7399000004,4738698.9417999983],[-8852146.6986999996,4738692.3664999977],[-8852058.5879999995,4738663.5587000027],[-8851903.8769000005,4738624.0811000019],[-8851743.8735000007,4738574.9365999997],[-8851617.8192999996,4738533.1884000003],[-8851477.6523000002,4738521.3084999993],[-8851319.5741000008,4738521.4464000016],[-8851154.7063999996,4738520.1017000005],[-8851015.4553999994,4738535.5954999998],[-8850869.0565000009,4738571.4931999967],[-8850793.7684000004,4738592.1435000002],[-8850667.6468000002,4738637.9510999992],[-8850505.3397000004,4738729.6806000024],[-8850379.9041000009,4738816.5450000018],[-8850290.4652999993,4738951.8951999992],[-8850182.8407000005,4739115.6799999997],[-8850084.0616999995,4739238.5625],[-8849982.3306000009,4739375.0798999965],[-8849963.1543000005,4739397.4708999991],[-8849794.6673000008,4739561.1409000009],[-8849670.2512999997,4739639.697300002],[-8849541.102,4739680.5498000011],[-8849295.0128000006,4739671.0803000033],[-8849113.7661000006,4739625.0618000031],[-8848970.4273000006,4739552.7987999991],[-8848873.6848000009,4739519.9262999967],[-8848842.4333999995,4739523.7885000035],[-8848643.4441,4739579.5870999992],[-8848531.7295999993,4739661.6592999995],[-8848464.6107999999,4739710.9676999971],[-8848385.6210999992,4739799.7643000036],[-8848353.8284000009,4739934.8611999974],[-8848318.7715000007,4740111.6508999988],[-8848219.0427000001,4740314.235799998],[-8848056.6045999993,4740424.3920999989],[-8847802.8190000001,4740554.5138000026],[-8847604.7009999994,4740556.5584999993],[-8847341.5492000002,4740605.8818999976],[-8847095.3509999998,4740601.7311000004],[-8846779.3953000009,4740607.1460999995],[-8846744.7167000007,4740613.2789999992],[-8846736.3979000002,4740617.1697999984],[-8846398.9246999994,4740836.6318999976],[-8846380.0264999997,4740852.679399997],[-8846344.2430000007,4740879.6631999984],[-8846304.5351,4740906.5803999975],[-8846268.7513999995,4740933.564000003],[-8846264.8256000001,4740933.4974000007],[-8846229.0405999999,4740960.4808999971],[-8846193.3225999996,4740983.5253000036],[-8846190.1359999999,4740986.619599998],[-8846188.0692999996,4740987.377700001],[-8846185.3901000004,4740988.3603999987],[-8846168.4996000007,4740994.556400001],[-8846138.8838999998,4741028.5179999992],[-8846049.9568000007,4741107.3161000013],[-8845945.6688000001,4741193.501500003],[-8845822.8561000004,4741248.7775999978],[-8845684.2950999998,4741334.378700003],[-8845546.4421999995,4741377.9236000031],[-8845529.7501999997,4741377.6393999979],[-8845311.0620000008,4741396.5940999985],[-8845155.2300000004,4741409.5600000024],[-8845041.0544000007,4741489.6388999969],[-8844973.6800999995,4741562.7045999989],[-8844969.1618000008,4741567.0895000026],[-8844970.182,4741568.5050000027],[-8844966.2590999994,4741576.9758000001],[-8844942.1028000005,4741589.5081999972],[-8844881.3348999992,4741617.6164000034],[-8844763.4796999991,4741615.6010000035],[-8844691.4914999995,4741648.1225000024],[-8844509.1316999998,4741746.2607999966],[-8844389.2095999997,4741879.2212999985],[-8844107.6320999991,4742127.5490000024],[-8843838.5724999998,4742380.309799999],[-8843630.5518999994,4742503.3145999983],[-8843512.2677999996,4742539.2525999993],[-8843342.3403999992,4742646.0313000008],[-8843226.2326999996,4742800.1534999982],[-8843063.1826000009,4742995.6627999991],[-8842929.8984999992,4743170.5887999982],[-8842792.8429000005,4743320.1317000017],[-8842463.5895000007,4743647.8021000028],[-8842049.2203000002,4744023.5829000026],[-8841860.4371000007,4744123.6974000037],[-8841773.7569999993,4744280.2824999988],[-8841702.5744000003,4744488.8963000029],[-8841613.0960000008,4744545.2911000028],[-8841327.5603999998,4744590.5377999991],[-8841157.1610000003,4744653.2435000017],[-8841061.9210000001,4744737.5341000035],[-8840961.6113000009,4744946.8039999977],[-8840846.1734999996,4745058.7387999967],[-8840616.8912000004,4745311.4575999975],[-8840344.2597000003,4745443.7053999975],[-8840011.1358000003,4745582.7893000022],[-8839749.2148000002,4745852.248499997],[-8839660.0517999995,4745976.6501000002],[-8839615.1947000008,4746027.6542000026],[-8839478.5249000005,4746200.5085000023],[-8839365.7226,4746334.0758000016],[-8839265.0436000004,4746476.0736000016],[-8839189.5984000005,4746578.8081],[-8839132.9750999995,4746696.938500002],[-8839111.6838000007,4746744.4887999967],[-8839080.8005999997,4746794.6083000004],[-8839057.0223999992,4746828.4214999974],[-8839035.4477999993,4746856.8625999987],[-8839016.0483999997,4746875.6667999998],[-8839012.0537,4746879.5411999971],[-8838972.0955999997,4746918.2716000006],[-8838968.0984000005,4746922.1446999982],[-8838932.0665000007,4746960.944600001],[-8838916.0817000009,4746976.4381000027],[-8838896.0330999997,4746999.7444999963],[-8838863.8595000003,4747042.5578999966],[-8838863.7902000006,4747046.500500001],[-8838851.7318999991,4747062.0596000031],[-8838799.5072000008,4747128.1834999993],[-8838747.2795000002,4747194.3037],[-8838695.0547000002,4747260.4240000024],[-8838642.8973999992,4747322.6044000015],[-8838590.7369999997,4747384.7809000015],[-8838538.5089999996,4747450.9016000032],[-8838490.1364999991,4747521.0361000001],[-8838437.9071999993,4747587.1596999988],[-8838397.5967999995,4747645.6031000018],[-8838389.5335000008,4747657.2946999967],[-8838337.3720999993,4747719.4719000012],[-8838333.3757000007,4747723.3461999968],[-8838317.25,4747746.7242000028],[-8838297.2703000009,4747766.0909999982],[-8838277.2161999997,4747789.3979000002],[-8838253.3081,4747808.6947999969],[-8838233.2550000008,4747832.0031000003],[-8838217.3374000005,4747843.5525000021],[-8838209.3456999995,4747851.299999997],[-8838201.3540000003,4747859.0449000001],[-8838165.4535000008,4747889.9609000012],[-8838117.7009999994,4747924.6076999977],[-8838093.8619999997,4747939.9602999985],[-8838069.9535000008,4747959.2584000006],[-8838018.3428000007,4747989.8935000002],[-8837966.8043000009,4748016.5866999999],[-8837950.9554999992,4748024.1916999966],[-8837927.1857999992,4748035.5997999981],[-8837899.4874000009,4748046.939199999],[-8837875.7162999995,4748058.3510999978],[-8837832.2400000002,4748073.3509000018],[-8837824.3834000006,4748073.2110000029],[-8837780.9766000006,4748084.2727999985],[-8837749.4193999991,4748091.5975999981],[-8837733.6439999994,4748095.262000002],[-8837686.3089000005,4748106.2507999986],[-8837670.5295000002,4748109.9149999991],[-8837634.9083999991,4748125.0540999994],[-8837630.9101,4748128.9271000028],[-8837615.0624000002,4748136.5354999974],[-8837614.9926999994,4748140.4759000018],[-8837599.1434000004,4748148.0829000026],[-8837587.1542000007,4748159.7018000036],[-8837575.1636999995,4748171.320600003],[-8837571.1655999999,4748175.1947999969],[-8837543.1176999994,4748206.248300001],[-8837539.1195,4748210.1199999973],[-8837522.9223999996,4748237.440700002],[-8837518.4395000003,4748268.9161999971],[-8837526.1527999993,4748276.943599999],[-8837538.8379999995,4748284.0559],[-8837541.7218999993,4748285.1086999997],[-8837543.9105999991,4748287.4099000022],[-8837547.3372000009,4748287.2611000016],[-8837551.2642999999,4748287.3312000036],[-8837555.1928000003,4748287.4012999982],[-8837559.1185999997,4748287.4712999985],[-8837562.9759,4748291.4856000021],[-8837562.9061999992,4748295.4262000024],[-8837562.7665999997,4748303.3147],[-8837558.6301000006,4748315.0725999996],[-8837554.6345000006,4748318.9469000027],[-8837546.5695999991,4748330.6357999966],[-8837530.7201000005,4748338.2402999997],[-8837530.6502999999,4748342.1846000031],[-8837514.8718999997,4748345.8474999964],[-8837506.8793000001,4748353.5922000036],[-8837502.9507999998,4748353.5221000016],[-8837487.1024999991,4748361.1303000003],[-8837483.1068999991,4748365.0007999986],[-8837471.2567999996,4748368.7348000035],[-8837463.2602999993,4748376.4821000025],[-8837459.2632999998,4748380.3536999971],[-8837443.4136999995,4748387.9607999995],[-8837439.4192999993,4748391.8312000036],[-8837435.4210000001,4748395.7053999975],[-8837427.5679000001,4748395.565200001],[-8837419.5725999996,4748403.3123999983],[-8837415.5743000004,4748407.1838999987],[-8837399.7284999993,4748414.7911000028],[-8837383.8089000005,4748426.3398000002],[-8837367.8905999996,4748437.8884000033],[-8837351.9723000005,4748449.4359000027],[-8837335.9826999996,4748464.9289999977],[-8837323.9914999995,4748476.5464000031],[-8837299.9404000007,4748503.7286000028],[-8837287.9464999996,4748515.3460000008],[-8837255.8310000002,4748554.2198999971],[-8837251.9037999995,4748554.1497000009],[-8837219.7155000009,4748596.9624999985],[-8837183.6022999994,4748639.7066999972],[-8837147.5548999999,4748678.5063999966],[-8837111.5110999998,4748717.3061000034],[-8837075.5330999997,4748752.1613000035],[-8837035.7000999991,4748783.0055999979],[-8836995.8682000004,4748813.8486000001],[-8836972.0241,4748829.2012000009],[-8836960.0995000005,4748836.8753999993],[-8836956.1046999991,4748840.7497000024],[-8836932.1878999993,4748860.0451999977],[-8836908.4136999995,4748871.4531000033],[-8836900.4202999994,4748879.1975999996],[-8836872.5085000005,4748902.363499999],[-8836864.5823999997,4748906.1674000025],[-8836840.6677999999,4748925.4628999978],[-8836824.6780999992,4748940.954400003],[-8836804.7595000006,4748956.3770999983],[-8836788.6983000003,4748975.8093999997],[-8836768.7134000007,4748995.1766000018],[-8836756.6508000009,4749010.738499999],[-8836744.6557,4749022.3571999967],[-8836728.5980999991,4749041.7911000028],[-8836712.6066999994,4749057.2824999988],[-8836700.5438999999,4749072.8447000012],[-8836700.4737999998,4749076.7893999964],[-8836692.4773999993,4749084.5339000002],[-8836688.3383000009,4749096.2933000028],[-8836680.3443999998,4749104.0406000018],[-8836676.2766999993,4749111.8554999977],[-8836676.1363999993,4749119.7446999997],[-8836672.2103000004,4749119.6743000001],[-8836672.1401000004,4749123.6177000031],[-8836663.9332999997,4749143.1922999993],[-8836651.7300000004,4749166.6410000026],[-8836643.4528999999,4749190.1616000012],[-8836627.3246999998,4749213.5402000025],[-8836615.1186999995,4749236.9877000004],[-8836611.1925000008,4749236.9173000008],[-8836599.0603999998,4749256.4255999997],[-8836579.0694999993,4749275.7915999964],[-8836559.0798000004,4749295.1534999982],[-8836535.2353000008,4749310.5056999996],[-8836531.2361999992,4749314.379900001],[-8836511.3191,4749329.8011000007],[-8836487.4718999993,4749345.1519000009],[-8836463.6258000005,4749360.5012999997],[-8836439.7809999995,4749375.8518000022],[-8836419.8597999997,4749391.2731000036],[-8836407.8676999994,4749402.8916999996],[-8836395.8742999993,4749414.5131999999],[-8836367.9597999994,4749437.6799999997],[-8836332.0470000003,4749468.5927999988],[-8836292.1386999991,4749503.378200002],[-8836268.1526999995,4749526.6145000011],[-8836256.1589000002,4749538.235799998],[-8836216.2475000005,4749573.0197999999],[-8836208.2529000007,4749580.7656000033],[-8836176.3383000009,4749607.8079999983],[-8836148.4229000006,4749630.9733000025],[-8836132.5,4749642.5213000029],[-8836088.7329999991,4749673.2937000021],[-8836044.8940999992,4749708.0069999993],[-8836032.8999000005,4749719.6256999969],[-8836001.0587000009,4749742.7242000028],[-8835973.1425000001,4749765.8894999996],[-8835961.1456000004,4749777.5080000013],[-8835917.3761999998,4749808.2800000012],[-8835869.6109999996,4749842.9223999977],[-8835861.6838000007,4749846.7255999967],[-8835821.8429000005,4749877.5681999996],[-8835805.9897000007,4749885.1710999981],[-8835782.0017000008,4749908.4107000008],[-8835770.0775000006,4749916.0842999965],[-8835758.0134999994,4749931.6467000023],[-8835746.0149000008,4749943.2651000023],[-8835701.6132999994,4750009.5283999965],[-8835668.9904999994,4750076.0068000033],[-8835664.9922000002,4750079.8784999996],[-8835644.2229999993,4750142.6248999983],[-8835623.5266999993,4750201.4279000014],[-8835623.4561000001,4750205.3702000007],[-8835602.6158000007,4750272.0623999983],[-8835581.9189999998,4750330.863499999],[-8835577.9192999993,4750334.7362999991],[-8835545.0121999998,4750416.9905999973],[-8835504.3913000003,4750491.2158000022],[-8835496.2541000005,4750506.8505999967],[-8835455.9123999998,4750565.3007000014],[-8835403.7182,4750627.4795999974],[-8835347.5952000003,4750689.5913999975],[-8835283.6835999992,4750747.6133999974],[-8835215.9871999994,4750797.6802000031],[-8835144.3620999996,4750847.6718000025],[-8835068.9497999996,4750889.7066999972],[-8834989.6062000003,4750931.6688999981],[-8834939.5634000003,4750949.9638999999],[-8834758.7939999998,4750986.5800999999],[-8834601.3764999993,4751034.0694999993],[-8834561.1297999993,4751052.8603999987],[-8834514.3570000008,4751093.1089999974],[-8834497.3607999999,4751127.7334999964],[-8834477.4065000005,4751156.1396000013],[-8834455.2951999996,4751190.6714000031],[-8834439.5252,4751214.0161999986],[-8834409.2482999992,4751247.372299999],[-8834396.5283000004,4751271.8002000004],[-8834359.1828000005,4751299.8906000033],[-8834298.2343000006,4751331.6618999988],[-8834232.2816000003,4751357.1771000028],[-8834147.3217999991,4751415.2252999991],[-8834040.1887999997,4751454.375],[-8833963.8006999996,4751491.0011000037],[-8833870.8399,4751538.6272],[-8833805.6293000001,4751579.5658999979],[-8833747.6163999997,4751618.5806000009],[-8833737.4733000007,4751624.8879999965],[-8833731.3332000002,4751630.8329999968],[-8833687.4791000001,4751665.5421999991],[-8833679.4809000008,4751673.2889999971],[-8833663.4806999993,4751688.7806999981],[-8833643.6234000009,4751700.2551999986],[-8833627.6243999992,4751715.7458999977],[-8833607.7696000002,4751727.2202999964],[-8833587.8407000005,4751742.6393000036],[-8833567.9832000006,4751754.1137999967],[-8833548.1283,4751765.5882000029],[-8833528.2707000002,4751777.0613999963],[-8833512.2700999994,4751792.5530999973],[-8833492.4149999991,4751804.0261999965],[-8833472.5572999995,4751815.5006000027],[-8833452.7034000009,4751826.9750000015],[-8833432.8443,4751838.4518999979],[-8833408.9890999999,4751853.7986999974],[-8833373.2017000001,4751876.8191],[-8833317.5600000005,4751911.311999999],[-8833257.9880999997,4751945.7370999977],[-8833249.9893999994,4751953.4808999971],[-8833202.3455999997,4751980.2295999974],[-8833142.7729000002,4752014.6529000029],[-8833091.1295999996,4752045.2752000019],[-8833087.1283,4752049.1463000029],[-8833075.2723999992,4752052.8752000034],[-8833043.4849999994,4752072.0234000012],[-8833003.7700999994,4752094.9708999991],[-8832960.1967999991,4752113.9004999995],[-8832920.4814999998,4752136.8504000008],[-8832876.8375000004,4752159.7243999988],[-8832837.1218999997,4752182.6700000018],[-8832793.4761999995,4752205.5474999994],[-8832757.7618000004,4752224.6207000017],[-8832753.7601999994,4752228.4944999963],[-8832710.1153999995,4752251.3677000031],[-8832670.3990000002,4752274.3167999983],[-8832634.6802999992,4752293.3896000013],[-8832618.7506000008,4752304.9349000007],[-8832586.9640999995,4752324.0821999982],[-8832575.0320999995,4752331.7559999973],[-8832531.3147,4752358.5747999996],[-8832511.3856000006,4752373.9897999987],[-8832503.4551999997,4752377.7911999971],[-8832439.8068000004,4752420.0283999965],[-8832407.9452999998,4752443.117399998],[-8832368.1556000002,4752470.0077000037],[-8832316.4372000005,4752504.5731000006],[-8832296.5048999991,4752519.9904000014],[-8832224.9242000002,4752566.0244000033],[-8832153.4147999994,4752608.1159999967],[-8832125.6259000003,4752623.3884999976],[-8832085.9068,4752646.3360999972],[-8832022.3965000007,4752680.6797999963],[-8832018.3982999995,4752684.5534999967],[-8831950.8867000006,4752722.7704000026],[-8831920.1664000005,4752737.492899999],[-8831789.7388000004,4752790.6736000031],[-8831595.0003999993,4752843.259300001],[-8831422.3376000002,4752882.5473999977],[-8831191.0141000003,4752920.7484000027],[-8831150.0552999992,4752921.8180000037],[-8831132.9904999994,4752922.1875],[-8831116.7083999999,4752917.0908000022],[-8831081.2775999997,4752914.3803000003],[-8831049.8890000004,4752914.4847000018],[-8831038.9002,4752918.391900003],[-8831009.2814000007,4752933.6005000025],[-8830970.8329000007,4752946.5905999988],[-8830926.3587999996,4752953.303199999],[-8830847.1861000005,4752954.5775000006],[-8830760.4601000007,4752958.4513999969],[-8830648.7884999998,4752983.0997999981],[-8830492.4386,4752988.420599997],[-8830421.2111000009,4753002.8554999977],[-8830393.0184000004,4753014.6636999995],[-8830346.8261999991,4753040.5241999999],[-8830321.2984999996,4753055.8071999997],[-8830293.9137999993,4753060.7791000009],[-8830250.2219999991,4753062.0226000026],[-8830223.7969000004,4753051.9403999969],[-8830207.0980999991,4753032.4475999996],[-8830198.5845999997,4753013.1070000008],[-8830179.7259999998,4752999.7399000004],[-8830127.4827999994,4752983.696800001],[-8830058.6425000001,4752979.6762000024],[-8829988.9052000009,4752987.2849999964],[-8829918.9780999999,4753005.1658999994],[-8829881.2861000001,4753014.055399999],[-8829857.8546999991,4753026.6357000023],[-8829845.4124999996,4753035.3101999983],[-8829809.2984999996,4753069.5771000013],[-8829795.9085000008,4753092.6208000034],[-8829785.1835999992,4753119.1394999996],[-8829778.4373000003,4753151.8982999995],[-8829767.1692999993,4753170.8709999993],[-8829758.0614999998,4753183.7180999964],[-8829735.2737000007,4753198.3655999973],[-8829705.6647999994,4753212.8859999999],[-8829678.2160999998,4753221.2807999998],[-8829640.5612000003,4753228.1150000021],[-8829609.2223000005,4753225.4752999991],[-8829584.1997999996,4753213.3620999977],[-8829557.1691999994,4753199.1560000032],[-8829542.2895999998,4753192.0275999978],[-8829502.9053000007,4753181.7014999986],[-8829462.7753999997,4753174.7868999988],[-8829408.1821999997,4753175.1381999999],[-8829354.2203000002,4753178.2415999994],[-8829285.9088000003,4753182.4465999976],[-8829211.3823000006,4753190.6455999985],[-8829176.557,4753192.0500999987],[-8829101.4118000008,4753196.811499998],[-8829030.3336999994,4753203.0183999985],[-8828990.6194000002,4753210.4966999963],[-8828909.7882000003,4753227.4817999974],[-8828845.3910000008,4753241.3486000001],[-8828761.1870000008,4753256.2142999992],[-8828640.8059,4753271.7713000029],[-8828466.0472999997,4753290.7008000016],[-8828403.1822999995,4753292.1508999988],[-8828218.4499999993,4753292.6300000027],[-8828026.0033999998,4753285.065700002],[-8828014.2903000005,4753280.8979000002],[-8827892.7152999993,4753266.7739000022],[-8827884.8550000004,4753266.626000002],[-8827876.9985000007,4753266.4781000018],[-8827853.5000999998,4753262.0883999988],[-8827833.9279999994,4753257.7749999985],[-8827810.3545999993,4753257.3312999979],[-8827790.7826000005,4753253.0168000013],[-8827767.2842999995,4753248.6269000024],[-8827743.7820999995,4753244.2368000001],[-8827724.2126000002,4753239.9248000011],[-8827700.7144000009,4753235.5346999988],[-8827681.1424000002,4753231.2199999988],[-8827657.5691999998,4753230.7758999988],[-8827645.8537000008,4753226.6102000028],[-8827579.2841999996,4753213.5147999972],[-8827555.7847000007,4753209.1283000037],[-8827461.8609999996,4753187.6253999993],[-8827356.1486000009,4753165.8990999982],[-8827344.4359000009,4753161.7333000004],[-8827231.0894000009,4753128.0235000029],[-8827152.8825000003,4753106.8145999983],[-8827117.6697000004,4753098.2585000023],[-8827062.9607999995,4753081.440200001],[-8827047.3195999991,4753077.197300002],[-8827000.4712000005,4753060.5271999985],[-8826933.9737,4753043.4880999997],[-8826871.4104999993,4753026.5192999989],[-8826808.9177999999,4753005.6050999984],[-8826742.4250000007,4752988.5625],[-8826679.9364999998,4752967.6503000036],[-8826629.0824999996,4752954.8465000018],[-8826617.3704000004,4752950.679899998],[-8826551.0265999995,4752925.7453999966],[-8826547.0965999998,4752925.6709999964],[-8826527.6038000006,4752917.4108000025],[-8826504.1771000009,4752909.0759999976],[-8826472.9685999993,4752896.6423999965],[-8826441.8368999995,4752880.2682000026],[-8826418.4858999997,4752867.9873000011],[-8826383.3500999995,4752855.4843999967],[-8826360.0018000007,4752843.2035000026],[-8826324.9378999993,4752826.7528999969],[-8826301.5898000002,4752814.4733999968],[-8826270.4560000002,4752798.0974000022],[-8826258.8184999991,4752789.9858999997],[-8826247.1079999991,4752785.8175000027],[-8826204.2627000008,4752765.2718999982],[-8826200.3328000009,4752765.197300002],[-8826161.3432999998,4752748.6731999964],[-8826137.9955000002,4752736.3919999972],[-8826118.4996000007,4752728.131099999],[-8826075.5804999992,4752711.5319999978],[-8826032.6627999991,4752694.9316999987],[-8826013.2401000001,4752682.7260000035],[-8825993.7482999992,4752674.4611999989],[-8825974.3268999998,4752662.2542999983],[-8825947.1228,4752645.9534000009],[-8825896.7960999999,4752605.5375000015],[-8825889.0851000007,4752597.5003999993],[-8825842.8362000007,4752549.2690000013],[-8825831.2750000004,4752537.2113000005],[-8825796.5852000006,4752501.0399999991],[-8825769.6809,4752468.9600000009],[-8825750.4116999991,4752448.8628000021],[-8825708.0913999993,4752400.7087000012],[-8825704.2360999994,4752396.6881999969],[-8825677.1833999995,4752372.4958000034],[-8825630.9327000007,4752324.2669999972],[-8825627.0787000004,4752320.2475999966],[-8825580.6832999997,4752279.9063000008],[-8825534.2858000007,4752239.5649000034],[-8825526.5033999998,4752235.4697000012],[-8825510.4462000001,4752222.8937999979],[-8825422.3474000003,4752171.8778999969],[-8825348.1022999994,4752129.3611999974],[-8825239.8222000003,4752082.7696999982],[-8825143.4781999998,4752036.4051000029],[-8825052.4445999991,4751979.8659999967],[-8824964.9518999998,4751916.5439999998],[-8824882.7376000006,4751844.7599999979],[-8824830.3823000006,4751792.9521000013],[-8824821.5062000006,4751787.2094999999],[-8824783.9952000007,4751756.7478],[-8824707.8856000006,4751668.9827999994],[-8824671.2347999997,4751551.1489000022],[-8824621.2983999997,4751270.7242000028],[-8824556.5540999994,4751123.5886999965],[-8824459.4301999994,4750957.3413000032],[-8824373.0457000006,4750764.5891999975],[-8824253.4104999993,4750491.0675999969],[-8824205.1981000006,4750336.0393999964],[-8824159.3844000008,4750162.5671000034],[-8824126.0021000002,4749981.1174999997],[-8824108.9166999999,4749779.0403999984],[-8824089.5107000005,4749390.3900000006],[-8824098.4349000007,4749190.2480999976],[-8824139.2116,4748929.0883999988],[-8824219.8190000001,4748725.1939999983],[-8824218.2201000005,4748540.2709000036],[-8824180.9265000001,4748349.5310000032],[-8824177.9252000004,4747969.4343999997],[-8824202.8674999997,4747733.6793000028],[-8824195.2773000002,4747594.8774999976],[-8824135.9740999993,4747485.8981999978],[-8824031.4395000003,4747334.9699999988],[-8823915.2166000009,4747260.8465000018],[-8823705.5011,4747261.9539000019],[-8823535.6094000004,4747320.3104000017],[-8823327.8681000005,4747485.7766999975],[-8823086.7925000004,4747789.2555000037],[-8822701.7478999998,4748398.0991000012],[-8822474.5921999998,4748773.7621000037],[-8822171.5057999995,4749106.8737000003],[-8821839.0022999998,4749372.6442999989],[-8821150.5675000008,4749843.1055999994],[-8820546.2634999994,4750192.9315000027],[-8819800.8943000007,4750638.5945999995],[-8819452.8912000004,4750829.2951999977],[-8819245.3857000005,4750914.3018999994],[-8818866.9868999999,4751078.0864999965],[-8818528.8506000005,4751264.116899997],[-8818305.1440999992,4751429.9658000022],[-8818069.1068999991,4751724.9763000011],[-8817677.7260999996,4752329.4505999982],[-8817300.2675999999,4752874.2782000005],[-8817165.3781000003,4753226.9813999981],[-8816931.0765000004,4753646.2278999984],[-8816682.7804000005,4754125.1573999971],[-8816433.5278999992,4754651.1903000027],[-8816128.6509000007,4755184.6970999986],[-8815905.7759000007,4755668.4701000005],[-8815671.1931999996,4756096.3467999995],[-8815318.0445000008,4756693.184799999],[-8815127.1670999993,4757066.2842999995],[-8814743.6581999995,4757898.1524000019],[-8814524.9189999998,4758382.1055999994],[-8814157.1530000009,4759122.9001000002],[-8813825.7781000007,4759627.5463000014],[-8813747.1837000009,4759729.4649000019],[-8813715.3585999999,4759792.1991000026],[-8813407.9798000008,4760223.0045000017],[-8812935.1004000008,4760817.5684999973],[-8812638.2652000003,4761145.7638000026],[-8812583.9360000007,4761214.2883000001],[-8812574.2749000005,4761228.3869000003],[-8812136.5186999999,4761803.6305999979],[-8811732.6481999997,4762321.9814999998],[-8811454.9629999995,4762678.3527000025],[-8811211.1992000006,4762977.8219000027],[-8810846.3534999993,4763587.5190000013],[-8810557.2182999998,4764100.0389000028],[-8810250.8247999996,4764653.3716000021],[-8809959.1010999996,4765289.3347000033],[-8809584.0420999993,4765989.4562000036],[-8809165.7544,4766795.7304999977],[-8808841.2829999998,4767422.8823999986],[-8808542.7174999993,4767984.7369000018],[-8808272.2774999999,4768374.2990000024],[-8807866.0669999998,4768983.3458999991],[-8807518.3842999991,4769535.9959999993],[-8807219.8510999996,4770089.692400001],[-8806837.5878999997,4770724.005400002],[-8806465.5336000007,4771259.7299999967],[-8806294.8594000004,4771577.3351999968],[-8806106.9162000008,4771935.7644999996],[-8805867.5239000004,4772400.192400001],[-8805704.4942000005,4772742.6941],[-8805598.3388999999,4773111.1159000024],[-8805440.3840999994,4773602.0173000023],[-8805250.4718999993,4774051.0750999972],[-8804959.7036000006,4774613.3496000022],[-8804637.1335000005,4775125.5401000008],[-8804356.7558999993,4775580.9680000022],[-8804092.9319000002,4776028.5207000002],[-8803881.0843000002,4776345.3567000031],[-8803575.8538000006,4776808.5279000029],[-8803355.5952000003,4777133.4377000034],[-8802999.3461000007,4777677.9448999986],[-8802735.2302000001,4778133.7877999991],[-8802505.1346000005,4778532.6828999966],[-8802230.8395000007,4779078.992399998],[-8802026.3707999997,4779429.0097000003],[-8801770.8962999992,4779860.3628999963],[-8801566.9230000004,4780185.679899998],[-8801295.8772999998,4780575.5019999966],[-8801051.5465999991,4780866.9878000021],[-8800723.1912999991,4781247.3395999968],[-8800311.6783000007,4781675.3579000011],[-8800017.1618000008,4782006.9834000021],[-8799755.8114,4782322.8422000036],[-8799467.5101999994,4782745.2999000028],[-8799202.9195000008,4783209.5089000016],[-8799015.0326000005,4783543.4751000032],[-8798843.9074000008,4783861.322800003],[-8798689.3677999992,4784171.2934999987],[-8798460.9344999995,4784479.6568000019],[-8798055.7905000001,4784982.074500002],[-8797786.4485999998,4785281.3042000011],[-8797449.2550000008,4785678.0116000026],[-8797186.4690000005,4786051.6163000017],[-8796880.6286999993,4786515.005900003],[-8796323.3676999994,4787203.814199999],[-8796111.0346000008,4787520.818599999],[-8795576.1271000002,4788309.1374000013]]},"properties":{"objectid":8420,"elev":3100,"st_length(shape)":112631.53340981086}},{"type":"Feature","id":8441,"geometry":{"type":"LineString","coordinates":[[-8821997.0160000008,4745660.0371999964],[-8822679.9407000002,4744718.9549999982],[-8823422.1690999996,4743702.8989999965],[-8823815.7810999993,4743181.8814999983],[-8823900.5743000004,4743069.0324999988],[-8824023.5728999991,4742932.621799998],[-8824126.4737999998,4742826.4588000029],[-8824230.8652999997,4742713.4804000035],[-8824440.7183999997,4742502.6008000001],[-8824562.7404999994,4742394.0661000013],[-8824676.4541999996,4742292.2158000022],[-8824804.5438999999,4742150.9470999986],[-8824864.6677000001,4742071.3416000009],[-8824921.2206999995,4741964.2946000025],[-8824962.1454000007,4741818.6274999976],[-8825012.7625999991,4741664.9354000017],[-8825082.9201999996,4741486.9826999977],[-8825133.9993999992,4741394.1225000024],[-8825143.4966000002,4741377.7001999989],[-8825276.9001000002,4741179.3110999987],[-8825341.6128000002,4741082.3316000029],[-8825441.5123999994,4740903.9548000023],[-8825551.2983999997,4740719.923299998],[-8825682.4675999992,4740558.1960999966],[-8825824.9443999995,4740374.7886999995],[-8825933.5846999995,4740250.9525000006],[-8826146.5896000005,4740085.3052999973],[-8826378.9693,4739903.6019999981],[-8826556.2596000005,4739784.1150999963],[-8826571.7043999992,4739769.1810000017],[-8826743.9679000005,4739599.8333000019],[-8826916.1725999992,4739433.313699998],[-8827102.7214000002,4739252.9170999974],[-8827259.0322999991,4739182.2978999987],[-8827306.6041999999,4739200.1708000004],[-8827339.7215999998,4739237.577200003],[-8827351.0065000001,4739387.751500003],[-8827367.0276999995,4739586.1194000021],[-8827392.1348999999,4739750.7070000023],[-8827478.9046999998,4739933.4356999993],[-8827585.5568000004,4740108.0518999994],[-8827603.3779000007,4740210.2564999983],[-8827590.2612999994,4740309.0503000021],[-8827568.1118000001,4740438.8025999963],[-8827567.3741999995,4740439.6937000006],[-8827567.4945999999,4740440.4530000016],[-8827546.7008999996,4740528.9531999975],[-8827521.4686999992,4740672.7994000018],[-8827483.4869999997,4740895.6447999999],[-8827410.6889999993,4741171.6088000014],[-8827358.5089999996,4741399.8572999984],[-8827263.6379000004,4741649.946800001],[-8827186.7798999995,4741840.9475999996],[-8827107.2598000001,4742023.4104999974],[-8827089.2112000007,4742068.4197999984],[-8827053.3028999995,4742170.7066000029],[-8827031.4279999994,4742246.9420000017],[-8826980.4024999999,4742423.9142000005],[-8826903.2561000008,4742685.2599000037],[-8826834.5901999995,4742930.3461999968],[-8826775.6370999999,4743093.4910999984],[-8826727.0173000004,4743214.3989999965],[-8826715.3704000004,4743253.8756000027],[-8826690.6107000001,4743338.2769000009],[-8826692.4638999999,4743384.8535000011],[-8826681.3862999994,4743539.3278999999],[-8826678.3548000008,4743628.248999998],[-8826656.4245999996,4743779.7839000002],[-8826614.8990000002,4743958.329400003],[-8826586.7943999991,4744075.5279999971],[-8826544.7251999993,4744210.2603999972],[-8826531.3330000006,4744236.8449999988],[-8826529.4860999994,4744243.7079000026],[-8826517.2660000008,4744267.1327000037],[-8826500.7503999993,4744310.1908999979],[-8826492.6048000008,4744325.8077000007],[-8826484.3072999995,4744349.3066999987],[-8826475.9397,4744376.7475000024],[-8826471.7182,4744392.438500002],[-8826459.2016000003,4744431.6313999966],[-8826459.1275999993,4744435.5715999976],[-8826450.6831,4744466.9549999982],[-8826450.3870000001,4744482.7192000002],[-8826437.5741000008,4744537.6767999977],[-8826437.4260000009,4744545.5596000031],[-8826428.9839999992,4744576.943400003],[-8826428.8358999994,4744584.8262000009],[-8826424.4649,4744608.3989000022],[-8826420.0938000008,4744631.9742999971],[-8826419.9456999991,4744639.8571999967],[-8826419.8716000002,4744643.7987999991],[-8826402.3181999996,4744742.0386999995],[-8826392.9131000005,4744824.6626000032],[-8826392.4686999992,4744848.3115999997],[-8826390.3209000006,4744962.6172000021],[-8826389.8764999993,4744986.2678999975],[-8826395.8008999992,4745088.8976999968],[-8826398.9872999992,4745128.3881999999],[-8826402.0983000007,4745171.8215999976],[-8826408.9115999993,4745227.1533999965],[-8826415.1362999994,4745314.0200999975],[-8826421.3573000003,4745400.8878000006],[-8826421.2832999993,4745404.8293000013],[-8826423.4316000007,4745499.5068999976],[-8826421.3578999992,4745609.8781000003],[-8826416.1728000008,4745676.815700002],[-8826406.9890000001,4745747.6215000004],[-8826380.8377999999,4745885.1423000023],[-8826359.8013000004,4745959.6683000028],[-8826334.3158,4746061.7127000019],[-8826272.4620999992,4746218.2779000029],[-8826203.0441999994,4746358.9289999977],[-8826182.7469999995,4746394.0380999967],[-8826146.2971999999,4746452.4966999963],[-8826134.0734000001,4746475.9285999984],[-8826125.9254000001,4746491.548299998],[-8826077.3992999997,4746565.5551000014],[-8826065.1752000004,4746588.9858999997],[-8826032.8729999997,4746635.6944999993],[-8825984.3479999993,4746709.7044999972],[-8825935.8939999994,4746779.7710999995],[-8825891.2914000005,4746853.8548000008],[-8825846.6894000005,4746927.936300002],[-8825818.0898000002,4746986.549999997],[-8825805.8646000009,4747009.9799999967],[-8825760.8881999999,4747103.7779999971],[-8825723.7641000003,4747197.7230999991],[-8825690.4938999992,4747295.6877000034],[-8825664.9235999994,4747401.6859000027],[-8825660.7019999996,4747417.3823999986],[-8825643.2843999993,4747507.7638999969],[-8825639.1333000008,4747519.5152999982],[-8825634.7589999996,4747543.0958999991],[-8825630.2397000007,4747574.5627999976],[-8825621.6410000008,4747613.8388999999],[-8825621.3684,4747628.2801999971],[-8825611.0592999998,4747674.9205000028],[-8825566.8610999994,4747848.6854000017],[-8825535.6936000008,4747928.2063999996],[-8825492.8502999991,4748030.1023999974],[-8825461.4488999993,4748121.9456999972],[-8825431.5157999992,4748190.193599999],[-8825421.6912999991,4748222.8748999983],[-8825415.7050000001,4748268.9822999984],[-8825417.1625999995,4748354.2634000033],[-8825400.9441,4748454.6159000024],[-8825386.7316999994,4748557.0621000007],[-8825376.1824999992,4748682.1771000028],[-8825375.5749999993,4748768.449500002],[-8825374.7345000003,4748867.0446000025],[-8825377.1559999995,4748910.7950000018],[-8825376.4105999991,4748950.2255999967],[-8825379.1466000006,4749013.3910999969],[-8825381.9532999992,4749072.6112999991],[-8825387.9815999996,4749117.6062000021],[-8825388.6692999993,4749196.1124000028],[-8825401.8232000005,4749492.554399997],[-8825424.1899999995,4749662.4812000021],[-8825463.4421999995,4749841.2933000028],[-8825525.6651000008,4749977.7408000007],[-8825582.7431000005,4750115.8040999994],[-8825654.3328000009,4750207.9148000032],[-8825766.6115000006,4750312.7854999974],[-8825852.0360000003,4750394.8861000016],[-8825952.6110999994,4750487.548299998],[-8826045.6640000008,4750526.9862999991],[-8826125.1437999997,4750562.7414000034],[-8826194.3310000002,4750601.7251999974],[-8826259.6634,4750642.7885000035],[-8826283.1181000005,4750663.7597000003],[-8826290.8982999995,4750667.8510999978],[-8826360.5625,4750724.4046000019],[-8826430.3743999992,4750773.071800001],[-8826492.8420000002,4750819.1424999982],[-8826588.2534999996,4750918.6248999983],[-8826630.5947999991,4750962.7719999999],[-8826808.2074999996,4751104.5486000031],[-8826953.4033000004,4751219.627700001],[-8827032.5397999994,4751292.3598000035],[-8827113.2979000006,4751351.422799997],[-8827228.4121000003,4751397.4349000007],[-8827320.3914000001,4751440.2692999989],[-8827385.2580999993,4751461.3998000026],[-8827398.9527000003,4751469.5160000026],[-8827504.0192000009,4751505.7462000027],[-8827663.4852000009,4751551.5623999983],[-8827851.5219000001,4751620.175999999],[-8828009.0629999992,4751677.938500002],[-8828216.0507999994,4751736.6274999976],[-8828451.8352000006,4751806.1278999969],[-8828645.3473000005,4751855.9935000017],[-8828774.3883999996,4751887.5234000012],[-8828962.9792999998,4751927.0160000026],[-8829101.0873000007,4751929.5984999985],[-8829270.2982000001,4751910.497299999],[-8829463.6959000006,4751874.7192000002],[-8829774.2042999994,4751777.7566],[-8830009.4974000007,4751689.6613000035],[-8830167.9357999992,4751606.9831999987],[-8830432.2695000004,4751515.9941999987],[-8830641.9451000001,4751429.123300001],[-8830973.2346999999,4751313.675999999],[-8831215.5465999991,4751213.6992999986],[-8831404.9387999997,4751116.1657000035],[-8831392.6658999994,4751108.670599997],[-8831442.2664999999,4751071.253700003],[-8831586.1052000001,4750935.6182999983],[-8831715.9126999993,4750774.2502999976],[-8831838.5362,4750609.1115000024],[-8831964.9113999996,4750436.7651000023],[-8832080.0150000006,4750286.0463000014],[-8832173.1783000007,4750145.8417999968],[-8832273.7835000008,4749994.8584000021],[-8832425.9673999995,4749797.5191999972],[-8832514.8364000004,4749693.6264000013],[-8832658.2443000004,4749579.8178000003],[-8832964.8056000005,4749461.7181999981],[-8833220.3120000008,4749360.8709999993],[-8833576.7886999995,4749287.3300999999],[-8833721.9605999999,4749275.4226000011],[-8833859.7554000001,4749270.6557999998],[-8833968.6338999998,4749261.7223000005],[-8834233.9449000005,4749219.246299997],[-8834347.4285000004,4749155.8140999973],[-8834424.3563999999,4749109.9100999981],[-8834526.8386000004,4749053.5539000034],[-8834578.7336999997,4748989.0024999976],[-8834632.6235000007,4748932.9988999963],[-8834704.0954,4748890.9076000005],[-8834779.4257999994,4748852.8237999976],[-8834862.5368000008,4748818.8303999975],[-8834941.6491,4748788.7057999969],[-8835020.9050999992,4748750.695600003],[-8835096.2293999996,4748712.6138999984],[-8835171.5570999999,4748674.5292000026],[-8835215.0395,4748659.5401000008],[-8835247.0241999999,4748628.5615999997],[-8835259.0178999994,4748616.9464000016],[-8835399.5088999998,4748449.873800002],[-8835501.1478000004,4748258.432599999],[-8835610.6381000001,4748067.1394999996],[-8835743.4013,4747892.0446000025],[-8835899.4408,4747733.1449000016],[-8836063.1897,4747582.2731000036],[-8836234.7170000002,4747435.4846000001],[-8836394.5996000003,4747280.5973000005],[-8836541.2639000006,4747065.5169999972],[-8836651.6655999999,4746909.3606000021],[-8836922.6428999994,4746579.5007999986],[-8837307.7027000003,4746328.1097000018],[-8837367.8675999995,4746339.7258000001],[-8837614.0556000005,4746370.4728000015],[-8837844.0504000001,4746447.0490999967],[-8838075.5766000003,4746484.8440999985],[-8838168.9274000004,4746458.0097000003],[-8838208.4357999992,4746412.0851999968],[-8838180.3170999996,4746250.9843000025],[-8838158.7035000008,4746159.939199999],[-8838125.8153000008,4746123.0904999971],[-8838118.2830999997,4746057.9305000007],[-8838128.4181999993,4745975.4913000017],[-8838216.7374000009,4745833.0412999988],[-8838400.3812000006,4745688.7261999995],[-8838592.7715000007,4745494.4956],[-8838880.3486000001,4745259.7875000015],[-8839263.7096999995,4744800.1523000002],[-8839688.2749000005,4744383.4077000022],[-8839833.9915999994,4744154.1017000005],[-8839973.7195999995,4743966.8505000025],[-8840121.4500999991,4743771.8373999968],[-8840313.9542999994,4743567.0724999979],[-8840653.7645999994,4743341.1780000031],[-8840969.3572000004,4743149.1032000035],[-8841371.1577000003,4742826.7986999974],[-8841650.8170999996,4742586.6642000005],[-8842029.6029000003,4742227.0683000013],[-8842255.8653999995,4742038.6894999966],[-8842501.3818999995,4741950.7462000027],[-8842728.2177000009,4741880.9145999998],[-8842997.1065999996,4741806.5366000012],[-8843144.6190000009,4741772.2048999965],[-8843222.2602999993,4741753.4966999963],[-8843373.7696000002,4741592.3033000007],[-8843737.5414000005,4741083.0749000013],[-8843909.6972000003,4740835.5239999965],[-8844066.8805,4740621.440700002],[-8844228.6079999991,4740421.8889999986],[-8844493.4561999999,4739800.2019999996],[-8844701.5949000008,4739408.7796000019],[-8844921.9013,4739147.625],[-8845140.4033000004,4738992.4061999992],[-8845333.2107999995,4738937.8950999975],[-8845818.2309000008,4738907.616899997],[-8846452.8997000009,4738866.0691],[-8846786.5857999995,4738839.4636000022],[-8847056.4545000009,4738787.5833000019],[-8847495.7732999995,4738686.1437000036],[-8847907.9273000006,4738527.7943999991],[-8848395.7046000008,4738295.1393000036],[-8848728.1604999993,4738077.6019999981],[-8849294.5599000007,4737685.4855000004],[-8849680.4322999995,4737459.8950999975],[-8849930.5254999995,4737383.7365999967],[-8850739.6161000002,4737361.4280000031],[-8851291.0492000002,4737334.8200000003],[-8851513.4569000006,4737320.6291999966],[-8851718.9657000005,4737252.617899999],[-8851751.5515000001,4737233.7069000006],[-8851979.3720999993,4737035.8039999977],[-8852369.0568000004,4736666.5595000014],[-8852933.7302999999,4736150.8878000006],[-8853698.9382000007,4735388.0812000036],[-8854326.3346999995,4734839.7079000026],[-8854576.4445999991,4734492.2748999968],[-8854782.4722000007,4734201.9104000032],[-8855299.5952000003,4733343.6638000011],[-8855728.5249000005,4732599.5785000026],[-8856103.0728999991,4731955.7405999973],[-8856414.5119000003,4731359.0547000021],[-8856710.7030999996,4730815.0918999985],[-8857282.6133999992,4729803.8994000033],[-8857688.2357000001,4729305.0306999981],[-8858017.5885000005,4729084.0600000024],[-8858363.4657000005,4729031.7608999982],[-8859011.2666999996,4728979.371100001],[-8859518.8482000008,4729006.554899998],[-8859714.0281000007,4729091.4034999982],[-8859850.4506999999,4729257.1393000036],[-8859876.4494000003,4729435.5930000022],[-8859875.4430999998,4729810.933600001],[-8859836.6217999998,4730152.0112000033],[-8859799.5828000009,4730377.6243999973],[-8859712.9094999991,4730713.1617000028],[-8859490.1821999997,4731166.9090000018],[-8858957.4245999996,4732135.6555000022],[-8858573.4619999994,4732779.4644000009],[-8858284.1153999995,4733501.8137999997],[-8857937.9272000007,4734483.2902999967],[-8857577.2072000001,4736080.9570000023],[-8857408.2457999997,4736762.0763000026],[-8856844.7071000002,4738130.4900999963],[-8856606.2392999995,4739258.5771000013],[-8856532.7013000008,4739662.0232999995],[-8856325.0031000003,4740357.1965000033],[-8856276.5728999991,4740688.8225999996],[-8856012.4911000002,4741306.0746000037],[-8855865.8639000002,4742079.4151000008],[-8855658.6292000003,4742437.4606000036],[-8855375.9612000007,4743011.1358999982],[-8855281.1555000003,4743539.6669000015],[-8855043.0803999994,4744022.5489000008],[-8854641.9856000002,4744493.1809],[-8854496.3315999992,4744596.8540999964],[-8854466.4594999999,4744663.8420000002],[-8854464.5298999995,4744784.2945000008],[-8854453.4787000008,4745174.4931000024],[-8854365.1007000003,4745597.1953999996],[-8854154.9540999997,4746128.8039000034],[-8853799.9452,4746711.1101000011],[-8853607.7930999994,4747016.4943000004],[-8853489.4144000001,4747212.2105000019],[-8853109.6269000005,4747837.5379000008],[-8853026.1547999997,4747951.8778999969],[-8852903.4992999993,4748113.7884000018],[-8852655.9112,4748577.3884000033],[-8852501.1547999997,4748941.2734000012],[-8852359.6152999997,4749377.7078000009],[-8852267.7965999991,4749708.8959000036],[-8852168.4855000004,4749909.7817000002],[-8851945.0602000002,4750359.3751000017],[-8851507.8306000009,4750959.7784999982],[-8851164.1502,4751417.065200001],[-8850804.8673,4751652.2600999996],[-8850682.1307999995,4751814.2004000023],[-8850547.0936999992,4752139.9130999967],[-8850472.0517999995,4752321.9397],[-8850459.8325999994,4752480.8950000033],[-8850243.4558000006,4752785.9842000008],[-8849941.7655999996,4753311.5336000025],[-8849723.6832999997,4753717.9024000019],[-8849495.2592999991,4754167.5243000016],[-8849303.7903000005,4754415.1713000014],[-8848832.2016000003,4755039.2414999977],[-8848348.9390999991,4755783.7444000021],[-8848027.9231000002,4756304.2399000004],[-8847806.1019000001,4756638.2478],[-8847417.2029999997,4757191.3997000009],[-8847156.0960000008,4757573.012500003]]},"properties":{"objectid":8441,"elev":3360,"st_length(shape)":96865.665574067287}},{"type":"Feature","id":8446,"geometry":{"type":"LineString","coordinates":[[-8847093.3123000003,4757591.2524000034],[-8847536.2225000001,4756971.4509999976],[-8847974.4350000005,4756341.9386000037],[-8848270.7127999999,4755864.4487000033],[-8848778.8030999992,4755072.1172000021],[-8849152.5756999999,4754552.5411000028],[-8849462.1962000001,4754133.2066999972],[-8849710.3893999998,4753650.1513999999],[-8849903.9806999993,4753272.3184999973],[-8850007.8554999996,4753090.7584000006],[-8850111.4881999996,4752923.6661000028],[-8850440.7028999999,4752475.7550000027],[-8850458.0414000005,4752297.5929000005],[-8850658.2793000005,4751804.1604000032],[-8850790.8570000008,4751627.9156000018],[-8851130.6956999991,4751406.8681999967],[-8851739.7128999997,4750582.6388999969],[-8851916.4879999999,4750344.4400999993],[-8852224.5877,4749708.1881000027],[-8852286.0369000006,4749472.934299998],[-8852467.8632999994,4748921.4434999973],[-8852627.5772999991,4748547.998499997],[-8852865.2534999996,4748103.5226000026],[-8853046.7579999994,4747865.4384000003],[-8853500.4901999999,4747120.800999999],[-8854116.6370000001,4746123.3638999984],[-8854312.6201000009,4745577.0680999979],[-8854405.6444000006,4745164.0812000036],[-8854409.2618000004,4744638.8215000033],[-8854439.2115000002,4744567.0160000026],[-8854580.0671999995,4744463.2665000036],[-8854971.4133000001,4744002.1194000021],[-8855170.7988000009,4743537.8933999985],[-8855256.2447999995,4742994.7575000003],[-8855483.8460000008,4742564.7524000034],[-8855770.1447000001,4742063.4284999967],[-8855893.6346000005,4741236.7254000008],[-8856004.2871000003,4740915.7136999965],[-8856104.4991999995,4740647.5353000015],[-8856109.6128000002,4740324.8541999981],[-8856205.5534000006,4740022.9020999968],[-8856350.1406999994,4739374.9160000011],[-8856571.1345000006,4738444.014700003],[-8856658.3633999992,4738084.179899998],[-8856713.3942000009,4737940.5697000027],[-8856803.3584000003,4737710.8276000023],[-8857191.8672000002,4736797.1718999967],[-8857375.6059000008,4736092.2116999999],[-8857467.6543000005,4735727.7133999988],[-8857597.1826000009,4735113.4457999989],[-8857767.5344999991,4734340.9795000032],[-8858003.2356000002,4733680.3242999986],[-8858158.6794000007,4733244.6952999979],[-8858417.2421000004,4732651.8522000015],[-8858614.4372000005,4732303.5590000004],[-8859219.3466999996,4731321.5050000027],[-8859386.9882999994,4731020.9083999991],[-8859510.0745999999,4730811.0650999993],[-8859599.2387000006,4730624.7588],[-8859665.1096000001,4730394.7782000005],[-8859707.1667999998,4730154.8057999983],[-8859730.2035000008,4729904.9177000001],[-8859700.7542000003,4729639.7802999988],[-8859641.7385000009,4729427.1225000024],[-8859576.9656000007,4729276.935800001],[-8859444.1462999992,4729188.2449999973],[-8859296.3584000003,4729137.8153000027],[-8859162.5728999991,4729111.6630000025],[-8859009.2489999998,4729109.2629999965],[-8858812.8028999995,4729106.1846000031],[-8858548.9033000004,4729126.1032000035],[-8858342.7244000006,4729132.4866999984],[-8858107.4212999996,4729162.4676000029],[-8857812.3613000009,4729335.8628000021],[-8857368.1837000009,4729848.5650999993],[-8856801.7536999993,4730816.5385999978],[-8856456.0478000008,4731460.7907000035],[-8856119.8827999998,4732105.2234999985],[-8855700.9708999991,4732825.3814999983],[-8855188.7791000009,4733678.8706],[-8854912.8233000003,4734146.2346000001],[-8854726.1294,4734427.2823999971],[-8854382.9381000008,4734898.3979000002],[-8854042.4169999994,4735201.0445000008],[-8853545.5932,4735679.3112000003],[-8853145.8564999998,4736082.1098999977],[-8852502.6096999999,4736712.0806000009],[-8852122.5181000009,4737081.4890000001],[-8851918.0098999999,4737280.2373000011],[-8851878.0186999999,4737308.764200002],[-8851600.7056000009,4737420.2164999992],[-8851191.8616000004,4737422.4196999967],[-8850533.9528999999,4737438.3407000005],[-8849902.5505999997,4737463.5813999996],[-8849759.5135999992,4737514.7475000024],[-8849534.8938999996,4737662.7129999995],[-8849041.3568999991,4737948.9730999991],[-8848591.7753999997,4738262.7232000008],[-8848306.6887999997,4738449.8272999972],[-8847914.1428999994,4738636.7390000001],[-8847449.7380999997,4738798.2421000004],[-8846962.3157000002,4738894.8376000002],[-8846572.2313999999,4738932.5887999982],[-8846038.0242999997,4738959.5156999975],[-8845485.6172000002,4739003.1071000025],[-8845211.5251000002,4739041.7857000008],[-8844993.1861000005,4739187.3761000037],[-8844791.8195999991,4739463.3074000031],[-8844578.9688000008,4739849.8364000022],[-8844309.4918000009,4740461.8147],[-8843965.8608999997,4740918.3866999969],[-8843632.5329999998,4741331.7849999964],[-8843396.8483000007,4741645.6974999979],[-8843244.1074000001,4741784.4596000016],[-8843143.9422999993,4741811.7074000016],[-8842959.5285999998,4741855.9384000003],[-8842767.0184000004,4741913.197800003],[-8842648.4002,4741945.3902999982],[-8842508.6169000007,4741987.7522],[-8842276.3047000002,4742070.6564000025],[-8842183.1866999995,4742145.4362000003],[-8841967.3670000006,4742336.6313999966],[-8841663.341,4742621.1308000013],[-8841327.8657000009,4742902.4453999996],[-8841005.8991999999,4743160.2807999998],[-8840669.0004999992,4743370.4262000024],[-8840329.1897,4743596.3219999969],[-8840128.4019000009,4743824.6552999988],[-8839977.9092999995,4744027.5256000012],[-8839791.8796999995,4744311.454400003],[-8839689.1319999993,4744503.4644000009],[-8839556.6830000002,4744554.9957000017],[-8839407.0441999994,4744707.8215000033],[-8838892.6347000003,4745307.4381000027],[-8838615.5515999999,4745542.3335999995],[-8838473.6627999991,4745700.5676999986],[-8838336.2282999996,4745903.6819999963],[-8838261.3912000004,4746128.9936000034],[-8838266.8025000002,4746268.7663000003],[-8838251.0361000001,4746418.7063999996],[-8838215.7166000009,4746486.6010000035],[-8838167.5085000005,4746541.0895000026],[-8838119.4394000005,4746587.6739000008],[-8838082.1449999996,4746618.6366999969],[-8838053.0961000007,4746641.6028999984],[-8838018.5632000007,4746651.7675999999],[-8837903.1042999998,4746649.7128999978],[-8837827.2391999997,4746635.1843999997],[-8837725.2733999994,4746612.2837999985],[-8837608.0299999993,4746562.754900001],[-8837459.4393000007,4746504.7589000016],[-8837370.7357999999,4746474.1854000017],[-8837310.3835000005,4746473.1076000035],[-8837252.4684999995,4746482.6149000004],[-8837181.0130000003,4746515.5992000028],[-8837037.7731999997,4746600.009300001],[-8836899.0772999991,4746724.0324999988],[-8836818.0614999998,4746851.7239999995],[-8836715.9571000002,4746984.3096000031],[-8836635.0306000002,4747106.7331999987],[-8836583.4839999992,4747200.6920000017],[-8836515.7690999992,4747318.0828000009],[-8836477.3413999993,4747412.2785999998],[-8836452.8198000006,4747471.6438999996],[-8836382.1805000007,4747536.7339000031],[-8836199.0133999996,4747675.4290999994],[-8836023.625,4747818.2054999992],[-8835867.5858999994,4747977.1098000035],[-8835746.4638,4748160.3071999997],[-8835675.8232000005,4748375.9698999971],[-8835620.6793000009,4748603.7506999969],[-8835495.6870000008,4748782.9421000034],[-8835431.8605000004,4748837.0125999972],[-8835356.6070000008,4748871.1567000002],[-8835265.852,4748893.1828000024],[-8835175.0965999998,4748915.2096000016],[-8835084.2726000007,4748941.1787],[-8834989.6623999998,4748959.190700002],[-8834895.0493000001,4748977.2018999979],[-8834808.1527999993,4749003.2400000021],[-8834732.8213999998,4749041.3205000013],[-8834665.1340999994,4749091.3728],[-8834605.2995999996,4749141.5702000037],[-8834541.5358000007,4749191.6920000017],[-8834473.8465,4749241.743900001],[-8834398.5133999996,4749279.8251999989],[-8834315.3958999999,4749313.816399999],[-8834216.9957999997,4749323.8623000011],[-8834154.0850000009,4749326.6645999998],[-8834106.9539999999,4749325.8074999973],[-8834099.1002999991,4749325.6647000015],[-8833600.6673000008,4749369.6340999976],[-8833455.5598000009,4749377.9025000036],[-8833138.7317999993,4749463.0804999992],[-8832842.8423999995,4749592.2968999967],[-8832638.1126000006,4749690.4293000028],[-8832498.1933999993,4749811.5803000033],[-8832398.3881999999,4749918.9122999981],[-8832327.7632999998,4750015.8636000007],[-8832238.4916999992,4750141.5838999972],[-8832138.0170000009,4750285.2934999987],[-8832019.1582999993,4750443.2219000012],[-8831866.4914999995,4750666.0319000036],[-8831728.9758000001,4750852.7321000025],[-8831613.7273999993,4751010.7308999971],[-8831455.3946000002,4751146.1002999991],[-8831297.7241999991,4751245.0882999972],[-8831176.7184999995,4751321.0970000029],[-8831172.5601000004,4751324.0421999991],[-8831141.6163999997,4751339.0518999994],[-8830973.0543000009,4751416.4187999964],[-8830830.7561000008,4751456.5957999974],[-8830748.4141000006,4751482.4698000029],[-8830447.7751000002,4751600.1928000003],[-8830156.1278000008,4751692.3878000006],[-8830034.125,4751741.4941999987],[-8829755.7939999998,4751851.0516000018],[-8829585.6666000001,4751919.807099998],[-8829405.5601000004,4751974.6736000031],[-8829270.2905999999,4752002.9738999978],[-8829113.1086999997,4752017.1626000032],[-8828968.3065000009,4752007.6048000008],[-8828779.7140999995,4751968.1119000018],[-8828604.6996999998,4751932.2952999994],[-8828173.5360000003,4751821.4540999979],[-8827888.5319999997,4751739.0337999985],[-8827537.8069000002,4751614.2682000026],[-8827426.8537000008,4751574.3068000004],[-8827349.4046,4751566.8533999994],[-8827156.7729000002,4751507.0487999991],[-8826983.9322999995,4751410.626000002],[-8826886.5759999994,4751363.577200003],[-8826696.3694000002,4751247.6436000019],[-8826530.5118000004,4751070.5231999978],[-8826483.2553000003,4751029.2211000025],[-8826447.5968999993,4750980.2761000022],[-8826434.5251000002,4750970.4148999974],[-8826368.6396999992,4750921.8214000016],[-8826306.5318999998,4750881.1911000013],[-8826298.7515999991,4750877.0970000029],[-8826263.8429000005,4750852.7646000013],[-8826259.9148999993,4750852.6900999993],[-8826232.7905999999,4750832.4505999982],[-8826221.1554000005,4750824.3378999978],[-8826201.8140999991,4750808.1889000013],[-8826186.3252000008,4750796.0604000017],[-8826170.8350000009,4750783.9307999983],[-8826170.5011,4750783.6405000016],[-8826137.2840999998,4750765.7093999982],[-8826083.2201000005,4750738.6555000022],[-8826021.7455000002,4750706.6661999971],[-8825958.9332999997,4750673.2813000008],[-8825879.9103999995,4750631.368900001],[-8825806.7956000008,4750565.5962999985],[-8825759.7205999997,4750529.7703000009],[-8825723.0426000003,4750485.2380999997],[-8825722.6654000003,4750484.3445999995],[-8825632.2136000004,4750385.9101999998],[-8825559.0392000005,4750305.4108000025],[-8825483.4377999995,4750190.9632000029],[-8825438.5614999998,4750075.0469999984],[-8825391.4075000007,4749971.4164000005],[-8825358.0168999992,4749843.3937000036],[-8825343.3608999997,4749752.7119999975],[-8825319.3511999995,4749615.6252000034],[-8825320.8008999992,4749430.7440000027],[-8825328.8581000008,4749281.4750000015],[-8825327.0984000005,4749272.7431000024],[-8825323.8408000004,4749237.1797000021],[-8825320.5872000009,4749201.6149000004],[-8825313.4011000004,4749165.9781000018],[-8825313.5503000002,4749158.0891000032],[-8825313.9230000004,4749138.3747999966],[-8825307.1883000005,4749079.076700002],[-8825308.3812000006,4749015.985799998],[-8825304.6764000002,4749004.0816000029],[-8825305.7203000002,4748948.8783999979],[-8825305.7850000001,4748945.4552000016],[-8825300.3406000007,4748878.7751000002],[-8825300.2756999992,4748773.9993000031],[-8825304.7285999991,4748646.7127000019],[-8825315.3948999997,4748515.4375],[-8825336.1708000004,4748390.5195000023],[-8825349.6579999998,4748218.2155999988],[-8825395.5965999998,4748060.9126000032],[-8825459.7852999996,4747912.1762999967],[-8825518.9222999997,4747705.8281999975],[-8825522.1386999991,4747682.6409000009],[-8825522.2075999994,4747678.9943000004],[-8825522.4309999999,4747667.1664000005],[-8825526.8787999991,4747639.6432999969],[-8825527.0275999997,4747631.7594000027],[-8825527.9210999999,4747584.4460000023],[-8825532.1468000002,4747568.7507999986],[-8825536.9640999995,4747521.5164000019],[-8825537.2619000003,4747505.746299997],[-8825542.0087000001,4747462.452200003],[-8825546.1599000003,4747450.6994000003],[-8825546.4575999994,4747434.9294999987],[-8825572.0253999997,4747328.9285999984],[-8825605.2993999999,4747230.9642999992],[-8825642.4221999999,4747137.0177000016],[-8825683.4759,4747043.1481999978],[-8825724.4494000003,4746953.2188000008],[-8825773.2747000009,4746863.4431999996],[-8825797.5789000001,4746824.4642999992],[-8825821.8802000005,4746785.4909999967],[-8825866.4816999994,4746711.4091999978],[-8825914.9371000007,4746641.3447000012],[-8825963.4608999994,4746567.3356000036],[-8826003.9113999996,4746505.005400002],[-8826007.9874000009,4746497.1956999972],[-8826052.5876000002,4746423.1140000001],[-8826097.2598999999,4746345.0917000026],[-8826138.0054000001,4746266.9953999966],[-8826166.5269000009,4746212.3254000023],[-8826207.6421000008,4746114.5187000036],[-8826211.7919999994,4746102.7669999972],[-8826215.7935000006,4746098.9021999985],[-8826224.0892999992,4746075.3966000006],[-8826269.9448000006,4745934.3025999963],[-8826300.0209999997,4745796.8571000025],[-8826312.8365000002,4745741.8928999975],[-8826326.6917000003,4745631.7449999973],[-8826336.8392999992,4745509.6959000006],[-8826336.9134,4745505.7541000023],[-8826336.9875000007,4745501.8122000024],[-8826331.8785999995,4745355.8183000013],[-8826325.8781000003,4745257.1261000037],[-8826318.7687999997,4745217.5606999993],[-8826308.7699999996,4745122.7370000035],[-8826305.6580999997,4745079.3035999984],[-8826299.4356999993,4744992.4400999993],[-8826300.5471999999,4744933.315700002],[-8826297.7356000002,4744874.1171000004],[-8826307.5120000001,4744771.7857000008],[-8826307.5861000009,4744767.8440999985],[-8826307.9565999992,4744748.1366999969],[-8826308.1046999991,4744740.2537999973],[-8826312.5490000006,4744712.7368000001],[-8826316.9944000002,4744685.2211000025],[-8826321.4360000007,4744657.7052000016],[-8826321.7323000003,4744641.9395999983],[-8826326.1035999991,4744618.3652999997],[-8826330.4748999998,4744594.7914000005],[-8826338.9912999999,4744559.4660999998],[-8826347.8805999998,4744504.4355999976],[-8826352.0270000007,4744492.685800001],[-8826360.6939000003,4744449.4782000035],[-8826368.9879000001,4744425.9789000005],[-8826377.5807000007,4744386.7142999992],[-8826385.7263999991,4744371.0974999964],[-8826394.0982000008,4744343.6559000015],[-8826406.2446999997,4744324.1723999977],[-8826418.5379000008,4744296.8062999994],[-8826426.6834999993,4744281.1895999983],[-8826442.9785999991,4744249.9553999975],[-8826447.1261,4744238.2058999985],[-8826459.5683999993,4744202.9575999975],[-8826463.7171,4744191.2080999985],[-8826476.0111999996,4744163.8423999995],[-8826484.5266999993,4744128.5199000016],[-8826493.1187999994,4744089.2534999996],[-8826497.0453999992,4744089.3278999999],[-8826501.5601000004,4744057.8738999963],[-8826506.1527999993,4744022.4760999978],[-8826515.1119999997,4743963.5056999996],[-8826515.2138999999,4743958.0826999992],[-8826524.3528000005,4743915.5476000011],[-8826535.1777999997,4743847.305399999],[-8826550.4254999999,4743761.3514999971],[-8826560.5534000006,4743584.9535000026],[-8826568.3147,4743389.3495000005],[-8826582.7634999994,4743273.2692999989],[-8826620.5061000008,4743078.238499999],[-8826693.8824000005,4742800.3880999982],[-8826763.2947000004,4742515.626000002],[-8826823.2258000001,4742239.4817000031],[-8826865.3091000002,4742149.0342999995],[-8826927.1328999996,4742008.6900999993],[-8826978.0548999999,4741848.3306000009],[-8827043.6460999995,4741657.1187999994],[-8827089.7760000005,4741451.3925999999],[-8827133.1392000001,4741242.7883000001],[-8827139.3882999998,4741199.2524999976],[-8827141.1690999996,4741172.3488999978],[-8827149.1320999991,4741141.2102999985],[-8827170.8520999998,4740884.0954999998],[-8827177.4785999991,4740680.4694999978],[-8827176.2409000006,4740576.7879000008],[-8827158.5593999997,4740469.1030000001],[-8827123.7301000003,4740363.7580000013],[-8827072.3602000009,4740268.365199998],[-8826998.7030999996,4740162.2893000022],[-8826934.4204999991,4740101.5490999967],[-8826839.4840999991,4740040.2299999967],[-8826694.4638999999,4740033.3850999996],[-8826512.1195999999,4740054.5688999966],[-8826481.1187999994,4740062.9057999998],[-8826468.1001999993,4740070.3483000025],[-8826383.4450000003,4740100.7392000034],[-8826165.7138,4740227.9855000004],[-8825969.0556000005,4740393.945600003],[-8825802.3657000009,4740560.4736000001],[-8825645.5385999996,4740781.9297000021],[-8825571.2310000006,4740963.9007999972],[-8825488.5386999995,4741156.6638000011],[-8825456.1193000004,4741224.0349000022],[-8825395.8646000009,4741297.6055999994],[-8825280.3295000009,4741445.3977999985],[-8825188.3728999998,4741565.8492999971],[-8825145.9101999998,4741626.0467000008],[-8825140.1330999993,4741633.1476999968],[-8825095.3998000007,4741836.2238000035],[-8825034.9337000009,4742006.1554000005],[-8824921.3983999994,4742170.9707000032],[-8824805.7556999996,4742302.8976999968],[-8824668.3841999993,4742430.3035999984],[-8824485.4158999994,4742589.6876000017],[-8824306.0364999995,4742775.1463000029],[-8824153.1677000001,4742928.2616000026],[-8824081.9584999997,4743005.3523999974],[-8824022.8848000001,4743082.8291999996],[-8823592.7547999993,4743647.9439999983],[-8823340.9659000002,4743983.5560000017],[-8822836.9951000009,4744672.7062000036],[-8822420.0260000005,4745242.5916000009],[-8821998.4627999999,4745816.882600002]]},"properties":{"objectid":8446,"elev":3340,"st_length(shape)":95228.559101818726}},{"type":"Feature","id":8575,"geometry":{"type":"LineString","coordinates":[[-8855275.3557999991,4729485.9584000036],[-8855021.7147000004,4729926.1787],[-8854634.1327,4730575.4914999977],[-8854305.6914000008,4731152.9395999983],[-8853784.2942999993,4731996.8319000006],[-8852744.7686999999,4733466.2097000033],[-8852258.1645,4733939.1634000018],[-8851728.1009999998,4734404.115699999],[-8850625.6052999999,4735253.1381999999],[-8849323.7126000002,4735858.2929999977],[-8848612.8454999998,4736269.139700003],[-8847712.1501000002,4736742.3601000011],[-8847123.1894000005,4737235.3594999984],[-8846648.9024,4737380.4162999988],[-8846175.0923999995,4737496.304899998],[-8845171.8469999991,4737581.2895999998],[-8844291.3449000008,4737704.7250000015],[-8843977.7829,4737786.8137999997],[-8843582.5161000006,4737976.8254999965],[-8843271.3365000002,4738343.2228000015],[-8842956.1372999996,4738942.829400003],[-8842749.4064000007,4739566.2092999965],[-8842583.8253000006,4740328.8623000011],[-8842378.6713999994,4740857.558799997],[-8842043.8463000003,4740902.7858999968],[-8841649.8073999994,4741012.5938000008],[-8841318.4496999998,4741276.6036000028],[-8841093.9556000009,4741659.1459000036],[-8840852.9285000004,4741995.8007000014],[-8840349.6848000009,4742419.0214999989],[-8840166.6789999995,4742531.7242999971],[-8839788.7894000001,4742788.434799999],[-8839407.6458000001,4742985.9144999981],[-8839057.9355999995,4743461.0746999979],[-8838840.5687000006,4743843.7735000029],[-8838098.3943000007,4744326.5720999986],[-8837464.9567000009,4744818.5725999996],[-8836749.2357000001,4745440.3836999983],[-8835798.0404000003,4745817.2113000005],[-8835241.2156000007,4746077.0789000019],[-8834135.4649,4747362.9245999977],[-8833660.9261000007,4747485.6137999967],[-8833325.5861000009,4747545.1601999998],[-8832685.9407000002,4747555.3479999974],[-8831956.1967999991,4747724.3518999964],[-8831464.9534000009,4747963.3740999997],[-8830934.4197000004,4748362.1746999994],[-8830527.0808000006,4748777.8412000015],[-8830232.1816000007,4749005.871799998],[-8829889.5088,4749065.175499998],[-8828561.6942999996,4749339.5659999996],[-8827898.5102999993,4749436.5760999992],[-8827506.8627000004,4749392.7167999968],[-8827270.1107999999,4749227.7132999972],[-8827141.9079,4748699.9099999964],[-8827171.3504000008,4748291.8527000025],[-8827706.8765999991,4747244.0047999993],[-8828001.3103999998,4746651.3052000031],[-8828127.4387999997,4746121.1273000017],[-8828145.0211999994,4745567.0546000004],[-8828212.9592000004,4744649.2542999983],[-8828285.5054000001,4744264.0445000008],[-8828369.1796000004,4744061.3932000026],[-8828629.5603999998,4743730.7744999975],[-8828705.8267000001,4743535.2853000015],[-8829231.9407000002,4742188.6806000024],[-8829674.1755999997,4741153.6283000037],[-8830268.8220000006,4739866.110299997],[-8830932.7576000001,4738603.3913000003],[-8831693.0896000005,4737155.4356999993],[-8831948.8983999994,4736540.324000001],[-8832184.1552000009,4735772.8504000008],[-8832302.9616999999,4735003.2951999977],[-8832532.0296,4733931.8372000009],[-8832690.1531000007,4732917.6394999996],[-8833096.8649000004,4731674.3003000021],[-8833473.0297999997,4730827.9139999971],[-8833751.4127999991,4730236.9191000015],[-8834399.8979000002,4729126.7829999998],[-8835363.8037,4727940.6167000011],[-8836217.6051000003,4727044.6032999977],[-8837094.9318000004,4726125.6490999982],[-8837463.5439999998,4725676.6097000018],[-8838108.8622999992,4724706.8350000009],[-8838647.5556000005,4723840.3442000002],[-8839220.0201999992,4723032.8861000016],[-8840185.4152000006,4721695.1723999977],[-8841023.4857000001,4720308.6176000014],[-8841385.3192999996,4719556.0143000036],[-8841431.8614000008,4718879.6974999979],[-8841099.8233000003,4718582.0710000023],[-8840377.9838999994,4718639.5207000002],[-8839613.5449000001,4719139.7915000021],[-8839176.9522999991,4719505.7053000033],[-8838223.9395000003,4720142.6965999976],[-8837083.9787000008,4720823.0128000006],[-8836423.0222999994,4721371.6963],[-8836009.8884999994,4721714.6154000014],[-8835562.6790999994,4722010.2054999992],[-8834798.8002000004,4722451.8901000023],[-8834142.4405000005,4722731.9827999994],[-8833452.8467999995,4722918.005900003],[-8833194.5106000006,4723053.4512000009],[-8832852.0264999997,4723339.1855000034],[-8832637.6462999992,4723615.5768000036],[-8832419.4423999991,4724102.1396000013],[-8832137.5545000006,4724891.2546999976],[-8831753.0072000008,4726204.2344999984],[-8831394.3924000002,4727365.9540999979],[-8831052.4324999992,4728399.3078000024],[-8830813.9575999994,4729099.8081],[-8830655.6319999993,4729529.9175999984],[-8830434.2670000009,4730114.9809999987],[-8830213.0605999995,4730690.0036000013],[-8830065.6370000001,4731070.0107000023],[-8829887.2825000007,4731494.7826000005],[-8829844.0282000005,4731582.3322999999],[-8829837.5398999993,4731590.3959000036],[-8829829.5525000002,4731598.1230999976],[-8829781.4922000002,4731652.3618000001],[-8829761.5980999991,4731667.7436000034],[-8829725.5888999999,4731706.4534000009],[-8829689.7207999993,4731737.2912999988],[-8829669.7537999991,4731756.6084999964],[-8829617.8438000008,4731806.8377000019],[-8829566.0771999992,4731849.1937000006],[-8829554.1700999998,4731856.8469000012],[-8829550.1755999997,4731860.7118000016],[-8829438.6542000007,4731953.1481000036],[-8829327.2022999991,4732041.6498000026],[-8829215.6731000002,4732134.0865999982],[-8829104.0716999993,4732230.4582000002],[-8828996.2445999999,4732334.7771999985],[-8828896.2569999993,4732439.2427000031],[-8828730.9387999997,4732651.4562000036],[-8828550.4138999991,4732977.4430000037],[-8828479.9737999998,4733200.3769000024],[-8828405.6298999991,4733633.4865000024],[-8828382.5292000007,4733937.9162999988],[-8828326.2289000005,4734150.621799998],[-8828237.9397,4734394.2714999989],[-8828161.4154000003,4734568.0578999966],[-8828103.2458999995,4734693.1278999969],[-8828031.9657000005,4734772.3947999999],[-8827909.1294999998,4734808.6402999982],[-8827802.6943999995,4734901.2647999972],[-8827536.8586999997,4735081.568400003],[-8827279.8162999991,4735273.7528000027],[-8827249.8380999994,4735302.0002000034],[-8827113.3629000001,4735364.9279000014],[-8826704.9116999991,4735645.9126999974],[-8826466.6132999994,4735840.5104999989],[-8826328.6668999996,4735970.6372999996],[-8826079.2573000006,4736228.0733999982],[-8825901.9613000005,4736516.7449999973],[-8825743.1677999999,4736875.4657000005],[-8825659.3060999997,4737116.1424999982],[-8825645.0341999996,4737171.9201999977],[-8825641.9677000009,4737176.4012999982],[-8825641.4724000003,4737185.498800002],[-8825572.6262999997,4737506.1212000027],[-8825481.8958999999,4737759.9567999989],[-8825399.2096999995,4737937.6120000035],[-8825216.1943999995,4738176.4235000014],[-8825024.3227999993,4738358.6415999979],[-8824860.5142000001,4738455.0944000036],[-8824829.3461000007,4738469.1516000032],[-8824604.4991999995,4738819.2873999998],[-8824316.2350999992,4739355.7879000008],[-8824044.9174000006,4739859.7809000015],[-8823916.9568000007,4740136.5709000006],[-8823827.4894999992,4740377.5826999992],[-8823749.2124000005,4740652.0151000023],[-8823551.9517999999,4740871.7743000016],[-8823400.8983999994,4741130.8461999968],[-8823210.1816000007,4741462.5152999982],[-8823053.0260000005,4741766.8918000013],[-8822841.6865999997,4742175.0314999968],[-8822681.8328000009,4742437.449000001],[-8822552.8068000004,4742634.0885000005],[-8822342.9360000007,4742963.6723000035],[-8822169.1095000003,4743227.5785000026],[-8822033.2404999994,4743417.1061000004]]},"properties":{"objectid":8575,"elev":3800,"st_length(shape)":104314.74927949745}},{"type":"Feature","id":8576,"geometry":{"type":"LineString","coordinates":[[-8841375.0538999997,4718547.9704999998],[-8841220.6390000004,4718476.9148999974],[-8841079.5902999993,4718476.9016999975],[-8840814.2578999996,4718491.8123999983],[-8840524.6981000006,4718501.4092999995],[-8840368.8084999993,4718515.7775999978],[-8840307.6064999998,4718539.1252999976],[-8840137.9495000001,4718646.0380999967],[-8839820.2090000007,4718877.3295999989],[-8839383.4965000004,4719235.9479999989],[-8839138.8748000003,4719456.306400001],[-8838888.1437999997,4719608.1783000007],[-8838541.0395999998,4719846.2591999993],[-8838147.3779000007,4720103.0464999974],[-8837685.2259999998,4720380.5891000032],[-8837174.2010999992,4720669.4589999989],[-8836989.6278000008,4720790.7286000028],[-8836683.5626999997,4721041.7155999988],[-8836265.8423999995,4721415.2666999996],[-8836068.2179000005,4721585.1445999965],[-8835942.2837000005,4721690.3583000004],[-8835545.9674999993,4721951.9266000018],[-8835113.2825000007,4722205.5028000027],[-8834798.5373999998,4722392.7994000018],[-8834582.8136999998,4722484.1700000018],[-8834175.9826999996,4722650.2459999993],[-8833740.8770000003,4722764.496299997],[-8833413.2152999993,4722856.2553000003],[-8833125.9678000007,4723000.0398999974],[-8832753.4101,4723286.3924999982],[-8832509.432,4723592.1904999986],[-8832400.4144000001,4723834.4984000027],[-8832280.9968999997,4724113.2669999972],[-8832163.5171000008,4724418.9521000013],[-8832004.2675000001,4724880.248499997],[-8831928.8802000005,4725145.1881000027],[-8831837.4703000002,4725488.0292999968],[-8831687.0736999996,4725995.9584000036],[-8831519.0516999997,4726535.3540000021],[-8831439.1734999996,4726778.2562000006],[-8831359.3805999998,4727016.2775999978],[-8831266.3920000009,4727310.2695000023],[-8831168.8884999994,4727584.6344000027],[-8831114.6653000005,4727754.7120999992],[-8830993.1977999993,4728141.0716999993],[-8830907.4877000004,4728435.2265999988],[-8830817.2185999993,4728712.1956999972],[-8830703.8340000007,4729054.7397999987],[-8830575.4362000003,4729419.0159000009],[-8830483.2530000005,4729666.6397999972],[-8830341.9970999993,4730067.3645000011],[-8830200.8644999992,4730460.7710999995],[-8830102.8504000008,4730759.6469999999],[-8830003.1608000007,4731016.9386000037],[-8829941.5512000006,4731189.3743000031],[-8829886.1010999996,4731348.6570999995],[-8829885.0874000005,4731351.0719999969],[-8829881.0932,4731354.9355999976],[-8829868.8258999996,4731382.2719999999],[-8829860.7650000006,4731393.9368999973],[-8829848.7149999999,4731409.4628999978],[-8829812.3433999997,4731467.8553000018],[-8829784.3924000002,4731494.9007000029],[-8829744.3146000002,4731541.4113000035],[-8829728.3450000007,4731556.8658000007],[-8829672.4381000008,4731610.9566999972],[-8829620.6015000008,4731657.2487000003],[-8829596.7151999995,4731676.4940000027],[-8829568.8356999997,4731699.6027999967],[-8829520.9887000006,4731742.0309000015],[-8829517.0669,4731741.9579000026],[-8829409.3945000004,4731838.4038000032],[-8829297.7982000001,4731934.7761999965],[-8829186.2010999992,4732031.1469999999],[-8829078.5187999997,4732127.5917000026],[-8828970.6925000008,4732231.9108000025],[-8828954.7181000002,4732247.3637999967],[-8828813.0825999994,4732384.8840000033],[-8828670.9848999996,4732583.7458999977],[-8828520.6750000007,4732851.9461999983],[-8828419.0457000006,4733107.1636999995],[-8828334.9433999993,4733536.4510999992],[-8828300.3007999994,4733911.0834999979],[-8828247.2199000008,4734160.2844000012],[-8828123.7778999992,4734470.7238999978],[-8828022.6383999996,4734698.1855000034],[-8827890.6450999994,4734723.5107000023],[-8827680.0734000001,4734879.4157999977],[-8827223.9207000006,4735211.4121000022],[-8827098.5795000009,4735250.7546000034],[-8826832.4927999992,4735412.5542000011],[-8826572.7971999999,4735602.2734000012],[-8826277.0545000006,4735867.7690000013],[-8826008.8484000005,4736140.7356000021],[-8825808.1363999993,4736505.3528999984],[-8825641.2300000004,4736912.3317999989],[-8825551.8873999994,4737244.3259000033],[-8825442.4290999994,4737541.1862000003],[-8825235.0085000005,4737891.8090000004],[-8825029.8069000002,4738124.2864999995],[-8824825.1221999992,4738328.9636999965],[-8824647.4601000007,4738568.9214999974],[-8824368.2591999993,4739050.3005999997],[-8823929.7203000002,4739897.186300002],[-8823727.6652000006,4740324.4554999992],[-8823632.7601999994,4740579.9384000003],[-8823489.9135999996,4740806.6876000017],[-8823281.693,4741192.1388000026],[-8822886.9083999991,4741914.8025999963],[-8822606.9958999995,4742424.0970000029],[-8822349.9646000005,4742822.5578999966],[-8822028.5800000001,4743324.1228]]},"properties":{"objectid":8576,"elev":3820,"st_length(shape)":33410.247836789851}},{"type":"Feature","id":8573,"geometry":{"type":"LineString","coordinates":[[-8822032.2616000008,4743558.5882000029],[-8822117.9254000001,4743446.6969999969],[-8822266.4032000005,4743234.7021000013],[-8822441.5982000008,4742990.0358000025],[-8822690.2949000001,4742631.5033000037],[-8822853.4293000009,4742379.6243000031],[-8822991.5085000005,4742163.9465999976],[-8823200.4360000007,4741790.6903000027],[-8823378.9207000006,4741462.2687000036],[-8823497.4823000003,4741265.4399000034],[-8823666.1896000002,4740992.7299999967],[-8823918.3817999996,4740719.8792999983],[-8823959.1911999993,4740586.1855999976],[-8824065.0159000009,4740326.2523000017],[-8824164.6491999999,4740108.1806999967],[-8824312.2509000003,4739822.1908000037],[-8824562.9560000002,4739329.0461999997],[-8825027.5445000008,4738537.9412999973],[-8825316.6306999996,4738284.548299998],[-8825435.8588999994,4738097.6253999993],[-8825513.8023000006,4737996.2154000029],[-8825572.5429999996,4737861.2503999993],[-8825649.9921000004,4737610.4781000018],[-8825750.3868000004,4737194.2045999989],[-8825896.7805000003,4736792.0944000036],[-8826077.8223000001,4736480.2559999973],[-8826169.4609999992,4736352.567900002],[-8826372.2436999995,4736114.1551999971],[-8826584.3063999992,4735909.1033999994],[-8826876.0854000002,4735682.327200003],[-8827190.1095000003,4735502.4223000035],[-8827506.9931000005,4735345.7920000032],[-8827711.5446000006,4735187.0445000008],[-8827968.8267000001,4735016.383100003],[-8827984.6607000008,4735008.8005999997],[-8828000.4956999999,4735001.2193000019],[-8828016.3268999998,4734993.6379999965],[-8828032.1608000007,4734986.0566999987],[-8828047.9956999999,4734978.4767000005],[-8828063.9027999993,4734966.9562999979],[-8828079.7377000004,4734959.3751000017],[-8828095.6447000001,4734947.8558999971],[-8828107.7029999997,4734932.3241999969],[-8828123.6829000004,4734916.8686999977],[-8828135.7412,4734901.3383999988],[-8828135.8144000005,4734897.3993000016],[-8828147.8725000005,4734881.8703999966],[-8828156.0100999996,4734866.2651999965],[-8828164.1450999994,4734850.6614999995],[-8828192.5488000009,4734799.9847000018],[-8828221.2448999994,4734733.5587000027],[-8828233.4491000008,4734710.1520000026],[-8828319.3165000007,4734522.688000001],[-8828352.0789000001,4734448.4616999999],[-8828401.4796999991,4734323.3395000026],[-8828439.1841000002,4734194.0622000024],[-8828472.7493999992,4734076.5249999985],[-8828490.2613999993,4733978.382600002],[-8828525.432,4733774.2260999978],[-8828525.5050000008,4733770.2886999995],[-8828548.6886999998,4733577.7276000008],[-8828570.9245999996,4733436.3531000018],[-8828583.8564999998,4733373.5788000003],[-8828634.8530999999,4733161.8527000025],[-8828638.9904999994,4733150.1147999987],[-8828717.2146000005,4732950.7167000026],[-8828753.8911000006,4732876.5737000033],[-8828806.6140999999,4732783.0364999995],[-8828903.3407000005,4732643.0637999997],[-8829007.5450999998,4732522.9223000035],[-8829115.4467999991,4732414.6643999964],[-8829223.1307999995,4732318.2167000026],[-8829338.5800999999,4732225.8513000011],[-8829449.9614000004,4732141.2858000025],[-8829561.4134,4732052.7829999998],[-8829581.3088000007,4732037.4023000002],[-8829589.2215,4732033.6101000011],[-8829641.0614,4731987.317900002],[-8829660.9564999994,4731971.9356999993],[-8829692.9035999998,4731941.0257999972],[-8829732.7617000006,4731906.3232999966],[-8829748.7357999999,4731890.8684],[-8829804.7125000004,4731832.8377000019],[-8829832.8093999997,4731797.9183000028],[-8829852.7774,4731778.5995000005],[-8829880.9463999998,4731739.7435000017],[-8829885.0094000008,4731731.9420000017],[-8829921.2391999997,4731681.4219999984],[-8829936.7568999995,4731655.2884000018],[-8830001.0358000007,4731582.5109999999],[-8830074.3838999998,4731412.6354999989],[-8830164.5298999995,4731147.3857999966],[-8830227.1964999996,4731012.5710999966],[-8830284.9397999998,4730872.6305000037],[-8830332.5613000002,4730737.5401000008],[-8830411.2829999998,4730537.2854999974],[-8830524.6941999998,4730263.6767999977],[-8830626.5660999995,4730027.9503000006],[-8830789.4857000001,4729713.5508999974],[-8830893.2372999992,4729374.4887999967],[-8831006.9715,4728983.0260000005],[-8831071.7783000004,4728797.4209000021],[-8831204.9625000004,4728428.0984999985],[-8831347.4618999995,4728042.6379999965],[-8831414.2928999998,4727844.3909000009],[-8831553.7268000003,4727428.0662999973],[-8831743.4769000001,4726925.6442999989],[-8831837.7531000003,4726508.5235999972],[-8831915.9311999995,4726181.7788999975],[-8831985.4660999998,4725932.8474000022],[-8832162.8322000001,4725314.233099997],[-8832254.9684999995,4725013.1599999964],[-8832456.0923999995,4724376.9026999995],[-8832626.7047000006,4723928.6442999989],[-8832771.3809999991,4723715.5746999979],[-8832985.9075000007,4723433.0881000012],[-8833193.8954000007,4723212.1133000031],[-8833573.1494999994,4723003.3150999993],[-8834238.1135000009,4722866.746100001],[-8834853.1922999993,4722591.4852000028],[-8835242.8293999992,4722404.5728999972],[-8835583.5374999996,4722227.6441999972],[-8835756.8681000005,4722123.8247999996],[-8836247.9356999993,4721813.6490999982],[-8836623.0766000003,4721524.9482999966],[-8837134.0212999992,4721108.1802000031],[-8837585.2414999995,4720800.8838],[-8838315.3717,4720333.6128999963],[-8838691.7602999993,4720070.2665999979],[-8839617.7315999996,4719542.9702000022],[-8840177.3007999994,4719223.010300003],[-8840375.5075000003,4719135.8831999972],[-8840477.2215999998,4719097.7995999977],[-8840656.9298,4719140.7996999994],[-8840792.6541000009,4719222.8911999986],[-8840837.7094999999,4719330.5795999989],[-8840837.5710000005,4719442.9165999964],[-8840829.0880999994,4719620.3400000036],[-8840802.2501999997,4719815.566399999],[-8840741.1010999996,4720012.009800002],[-8840650.4707999993,4720139.0834000036],[-8840325.2182999998,4720682.4679000005],[-8840064.4682,4721147.2617999986],[-8839639.4076000005,4721821.2290000021],[-8839283.8431000002,4722336.9487999976],[-8838717.3405000009,4723144.4067000002],[-8838481.8847000003,4723497.3320000023],[-8837997.7792000007,4724231.9724999964],[-8837749.0316000003,4724619.1259000003],[-8837343.8123000003,4725277.2572999969],[-8837014.3699999992,4725731.8902999982],[-8836498.6807000004,4726402.5927999988],[-8836175.2551000006,4726717.7364000008],[-8835691.5129000004,4727211.3285000026],[-8835351.2697999999,4727555.1816999987],[-8834957.2489,4727976.0420000032],[-8834703.8175000008,4728310.5838000029],[-8834290.3484000005,4728805.4536999986],[-8834134.2462000009,4728997.1682000011],[-8834110.4123999998,4729023.6009000018],[-8834032.2588,4729111.0363999978],[-8833995.5490000006,4729165.0495000035],[-8833974.2730999999,4729212.5080000013],[-8833906.6415999997,4729377.0288999975],[-8833875.7378000002,4729471.7475000024],[-8833806.0504000001,4729620.0684999973],[-8833599.4331999999,4730058.8720000014],[-8833456.5569000002,4730368.2515999973],[-8833177.0154999997,4730941.7967000008],[-8833048.4963000007,4731255.0866999999],[-8832802.5007000007,4731869.1933000013],[-8832644.8244000003,4732294.4532999992],[-8832520.4387999997,4732676.7951999977],[-8832461.7042999994,4732926.0918999985],[-8832332.3390999995,4733382.7533999979],[-8832263.7829999998,4733973.0056999996],[-8832144.6316,4734562.3636000007],[-8831985.2335000001,4735376.0407000035],[-8831926.1269000005,4735743.3549000025],[-8831717.2656999994,4736392.8682999983],[-8831600.6151999999,4736742.8236000016],[-8831554.9935999997,4736865.4038000032],[-8831200.4470000006,4737570.3783999979],[-8831014.4572999999,4737953.5763000026],[-8830723.7813000008,4738523.6393999979],[-8830476.5436000004,4738991.0524000004],[-8830158.6640000008,4739660.5045000017],[-8829975.6084000003,4740076.4956],[-8829697.6313000005,4740735.8505999967],[-8829489.4587999992,4741236.750500001],[-8829213.1908999998,4741898.0138000026],[-8829046.2925000004,4742316.1957999989],[-8828972.3155000005,4742501.8610000014],[-8828757.6676000003,4743055.3774000034],[-8828592.7408000007,4743462.7387999967],[-8828505.2794000003,4743691.7577999979],[-8828311.2259,4743913.3344999999],[-8828170.8052999992,4744168.6120000035],[-8828093.9407000002,4744604.9068000019],[-8828066.6581999995,4745098.4610999972],[-8828044.1059000008,4745532.181599997],[-8828035.9342999998,4746067.9219999984],[-8827911.7289000005,4746616.0438999981],[-8827633.3147,4747184.9107000008],[-8827379.4042000007,4747699.7550000027],[-8827069.8346999995,4748286.2487000003],[-8827062.6603999995,4748765.8202999979],[-8827055.8035000004,4748842.0099000037],[-8827085.1017000005,4749017.0091999993],[-8827104.7705000006,4749126.4107000008],[-8827128.5003999993,4749212.2665999979],[-8827288.9589000009,4749438.8125],[-8827507.6864999998,4749550.1541000009],[-8827949.2558999993,4749553.0139999986],[-8828215.9331,4749519.8616999984],[-8828691.6894000005,4749436.1028999984],[-8829312.7855999991,4749322.3258000016],[-8830229.6471999995,4749166.7617999986],[-8830469.1318999995,4749036.735299997],[-8830659.0214000009,4748847.6374000013],[-8831197.0270000007,4748327.001000002],[-8831527.1185999997,4748089.612499997],[-8831742.4135999996,4747993.6457000002],[-8831995.7937000003,4747892.9245999977],[-8832573.4460000005,4747772.7118000016],[-8832673.3050999995,4747754.5560000017],[-8832848.0591000002,4747697.797799997],[-8833078.0665000007,4747687.4706000015],[-8833661.2240999993,4747661.7780999988],[-8834175.6951000001,4747531.2392999977],[-8834417.8069000002,4747250.3861000016],[-8834792.8208000008,4746822.9654999971],[-8835093.7251999993,4746490.4948000014],[-8835243.4934,4746311.5307999998],[-8835388.0251000002,4746121.5731000006],[-8835692.3256999999,4746001.7127000019],[-8836129.5941000003,4745831.5537],[-8836816.2817000002,4745573.2026999965],[-8837137.4339000005,4745317.3665999994],[-8837508.3654999994,4745007.9204000011],[-8837877.1131999996,4744718.4112000018],[-8838156.1370000001,4744489.0591000021],[-8838476.6785000004,4744264.0733999982],[-8838951.2462000009,4743920.1172999963],[-8839126.7408000007,4743609.009800002],[-8839467.7959000003,4743139.1928000003],[-8839802.8899000008,4742905.370099999],[-8840161.8072999995,4742660.7282000035],[-8840352.8679000009,4742537.6275999993],[-8840600.1973000001,4742347.0157999992],[-8841005.1020999998,4741995.8277999982],[-8841229.2542000003,4741695.5034999996],[-8841435.5001999997,4741377.6959000006],[-8841818.8977000006,4741168.2927000001],[-8842308.6943999995,4740975.251500003],[-8842502.4812000003,4740958.6383000016],[-8842549.1769999992,4740766.9795000032],[-8842644.7129999995,4740574.3540999964],[-8842717.3991,4740448.5151000023],[-8842857.6164999995,4739864.498800002],[-8842960.2997999992,4739465.0430999994],[-8843045.3697999995,4739143.3608999997],[-8843237.1327,4738714.6074000001],[-8843496.4445999991,4738352.3819999993],[-8843765.5603999998,4738050.2339000031],[-8844142.7756999992,4737875.1912999973],[-8844614.2260999996,4737792.5095999986],[-8844974.7463000007,4737747.8469000012],[-8845501.7215,4737695.1152999997],[-8845961.6682999991,4737650.2945000008],[-8846258.8618000001,4737608.1413000003],[-8846336.7288000006,4737600.384800002],[-8847124.8676999994,4737388.6268000007],[-8847751.1829000004,4736905.4645000026],[-8848453.2486000005,4736537.8959999979],[-8849043.7425999995,4736246.4737000018],[-8849595.9563999996,4735972.5376000032],[-8850266.6382999998,4735637.0200000033],[-8850607.3392999992,4735472.0593999997],[-8850736.7026000004,4735408.8620999977],[-8851375.1684000008,4734938.4685000032],[-8851968.1403000001,4734483.6424999982],[-8852235.6099999994,4734261.1933000013],[-8852446.7952999994,4734054.1539999992],[-8852824.6666000001,4733708.2999000028],[-8853133.3414999992,4733281.4843000025],[-8853393.9110000003,4732922.8410999998],[-8853867.7970000003,4732331.8033000007],[-8854086.7114000004,4731976.1295000017],[-8854285.1602999996,4731656.4153999984],[-8854513.4823000003,4731275.5104999989],[-8854694.2761000004,4730928.3153999969],[-8855073.5110999998,4730257.8143000007],[-8855326.2007999998,4729817.4782000035],[-8855467.2296999991,4729582.1331999972]]},"properties":{"objectid":8573,"elev":3760,"st_length(shape)":103236.62305765275}},{"type":"Feature","id":8574,"geometry":{"type":"LineString","coordinates":[[-8822035.4772999994,4743481.7854999974],[-8822185.4955000002,4743280.302199997],[-8822407.4515000004,4742956.185800001],[-8822600.8321000002,4742669.9518999979],[-8822921.8814000003,4742166.0975999981],[-8823147.2957000006,4741749.494599998],[-8823253.7262999993,4741550.6828000024],[-8823433.8104999997,4741229.2849999964],[-8823611.6119999997,4740935.7937999964],[-8823833.7803000007,4740686.8203999996],[-8823957.4488999993,4740311.9658000022],[-8824080.0396999996,4740036.8452999964],[-8824300.0089999996,4739596.2215000018],[-8824645.8215999994,4738968.8088999987],[-8824888.2468999997,4738561.8392999992],[-8824975.5484999996,4738490.4805999994],[-8825146.9064000007,4738344.3813999966],[-8825295.0647,4738201.1587999985],[-8825437.7992000002,4737994.7701999992],[-8825513.5010000002,4737836.8950000033],[-8825594.2556999996,4737586.1867000014],[-8825690.2233000007,4737229.5694999993],[-8825805.8213,4736883.2924000025],[-8825933.3165000007,4736606.9425000027],[-8826117.7199000008,4736291.8540000021],[-8826273.2517000008,4736105.6447999999],[-8826529.1367000006,4735854.9663000032],[-8826911.2333000004,4735570.1675999984],[-8827291.7601999994,4735368.2880000025],[-8827596.2895999998,4735164.9698999971],[-8827840.7873,4734990.382600002],[-8828007.6306999996,4734903.9244000018],[-8828090.2609999999,4734836.4452000037],[-8828135.9221999999,4734776.5615999997],[-8828172.9049999993,4734676.496100001],[-8828269.9553999994,4734483.4720000029],[-8828315.1421000008,4734374.0288999975],[-8828335.6249000002,4734327.1445000023],[-8828393.7442000005,4734154.9214000031],[-8828414.6685000006,4734084.4135999978],[-8828457.6095000003,4733884.3404000029],[-8828461.8231000006,4733868.6643999964],[-8828462.2613999993,4733845.0406000018],[-8828478.0482000001,4733680.3947999999],[-8828525.9553999994,4733355.4122999981],[-8828564.0245999992,4733184.4287],[-8828626.5767000001,4733010.4015000015],[-8828734.9957999997,4732809.2028999999],[-8828825.3748000003,4732666.3368000016],[-8828917.8136999998,4732545.9764000028],[-8829021.9441,4732429.7726000026],[-8829129.7719000001,4732325.4521000013],[-8829241.3728999998,4732229.0781000033],[-8829352.8301999997,4732140.5782999992],[-8829464.2830999997,4732052.0753000006],[-8829575.7339999992,4731963.574500002],[-8829591.6345000006,4731952.054899998],[-8829619.5146999992,4731928.9455000013],[-8829623.4365999997,4731929.0183999985],[-8829675.2759000007,4731882.7264999971],[-8829699.2337999996,4731859.5428000018],[-8829727.1135000009,4731836.4331],[-8829771.1118999999,4731789.9956],[-8829783.0187999997,4731782.3408999965],[-8829839.0671999995,4731720.3753999993],[-8829839.1396999992,4731716.4376000017],[-8829871.1579,4731681.5913000032],[-8829887.2026000004,4731662.1999000013],[-8829915.2985999994,4731627.2806999981],[-8829919.4378999993,4731615.5428000018],[-8829955.7357000001,4731561.0866999999],[-8829984.0484999996,4731514.3571999967],[-8829996.4644000009,4731479.1473999992],[-8830029.3476999998,4731397.0644000024],[-8830033.7039000001,4731373.5174999982],[-8830037.7690999992,4731365.7173999995],[-8830042.0503000002,4731346.1081999987],[-8830043.3302999996,4731342.4782000035],[-8830088.2078000009,4731206.4055000022],[-8830166.8432,4731021.5252000019],[-8830240.3692000005,4730841.5888999999],[-8830277.8708999995,4730711.3476999998],[-8830393.1788999997,4730402.2101000026],[-8830492.3516000006,4730154.308600001],[-8830703.7965999991,4729680.4778999984],[-8830890.0852000006,4729103.0596000031],[-8831004.3812000006,4728765.8971000016],[-8831075.9052000009,4728550.0881000012],[-8831246.8563999999,4728070.1451999992],[-8831352.4279999994,4727765.4182000011],[-8831457.8445999995,4727468.8373999968],[-8831532.3478999995,4727236.8249000013],[-8831641.4933000002,4726883.3398000002],[-8831795.1062000003,4726313.6014999971],[-8831916.4192999993,4725884.3940000013],[-8832008.6370000001,4725568.626500003],[-8832077.7100000009,4725336.553199999],[-8832255.5341999996,4724770.0503999963],[-8832449.4947999995,4724206.5833000019],[-8832576.8408000004,4723888.7914000005],[-8832713.4107000008,4723657.9844999984],[-8832873.9382000007,4723446.6067999974],[-8833108.2129999995,4723190.4593999982],[-8833514.8811000008,4722961.8606999964],[-8833892.0368000008,4722871.055399999],[-8834206.8757000007,4722789.9587000012],[-8834476.1878999993,4722686.3297000006],[-8834819.2851999998,4722535.2013999969],[-8835593.8486000001,4722123.2963000014],[-8836151.5465999991,4721750.8621999994],[-8837072.3087000009,4721007.8995999992],[-8837730.7526999991,4720582.9723000005],[-8838353.4235999994,4720192.6409000009],[-8839189.7197999991,4719629.7845999971],[-8839681.3660000004,4719313.0248999968],[-8840413.0500000007,4718856.7378000021],[-8840794.1779999994,4718836.2774000019],[-8840998.2783000004,4718902.2003000006],[-8841069.4383000005,4719003.7672000006],[-8841089.1168000009,4719115.2845000029],[-8841085.7456,4719310.4623000026],[-8841082.4209000003,4719502.9328000024],[-8841052.7992000002,4719654.2730000019],[-8841014.4208000004,4719843.4275999963],[-8840979.8655999992,4719967.568400003],[-8840924.0842000004,4720069.6457000002],[-8840765.4434999991,4720340.7787000015],[-8840423.1287999991,4720923.3021000028],[-8840189.1980000008,4721328.7396000028],[-8839988.8323999997,4721666.9692000002],[-8839537.5999999996,4722293.7383000031],[-8838984.1064999998,4723048.9275999963],[-8838745.7586000003,4723391.9442000017],[-8838182.5648999996,4724231.0989999995],[-8837904.1970000006,4724695.512500003],[-8837381.5252,4725527.307099998],[-8837008.2897999994,4726003.6322000027],[-8836569.9861999992,4726489.6560999975],[-8835997.0796000008,4727095.385300003],[-8835573.2063999996,4727524.6855999976],[-8835024.9863000009,4728103.7238999978],[-8834535.2769000009,4728732.677199997],[-8834272.3221000005,4729075.3304999992],[-8834189.6420000009,4729163.4016999975],[-8833632.2984999996,4730239.0349999964],[-8833474.9252000004,4730570.0634000003],[-8833255.9210999999,4731019.4244000018],[-8832975.5654000007,4731720.1643000022],[-8832764.8660000004,4732305.4685999975],[-8832573.1634,4732885.7189000025],[-8832452.6161000002,4733418.4246999994],[-8832377.6719000004,4733971.000500001],[-8832240.2734999992,4734685.4013999999],[-8832044.7559999991,4735768.1503000036],[-8831871.5745999999,4736365.2194999978],[-8831596.1275999993,4737079.9566999972],[-8831195.2836000007,4737844.0376999974],[-8831001.5010000002,4738231.6491999999],[-8830505.4541999996,4739165.191399999],[-8830170.6166999992,4739862.6812999994],[-8829758.6791999992,4740776.1560000032],[-8829501.1471999995,4741385.4930000007],[-8829124.1591999996,4742305.1630000025],[-8828899.6744999997,4742879.8594999984],[-8828561.9740999993,4743718.8333000019],[-8828348.4957999997,4743989.3642999977],[-8828230.7891000006,4744204.6120000035],[-8828152.5344999991,4744627.1941],[-8828110.5190999992,4745284.2619000003],[-8828086.0028000008,4745873.7338000014],[-8828079.1956999991,4746093.8197000027],[-8828005.6510000005,4746407.8145999983],[-8827958.2372999992,4746627.1489999965],[-8827763.9015999995,4747028.6132000014],[-8827552.9010000005,4747451.5279999971],[-8827406.7415999994,4747737.0003999993],[-8827291.5747999996,4747957.8017999977],[-8827117.4105999991,4748291.7028999999],[-8827103.4421999995,4748748.2920999974],[-8827109.8844000008,4748838.1550000012],[-8827179.1798,4749187.5583000034],[-8827324.5890999995,4749377.9521000013],[-8827515.1062000003,4749474.0104999989],[-8827880.3922000006,4749494.4852000028],[-8828067.6804000009,4749473.5292999968],[-8828651.6565000005,4749386.5785999969],[-8829361.1326000001,4749250.2651999965],[-8829953.6109999996,4749141.6427000016],[-8830214.6467000004,4749086.6648999974],[-8830430.7509000003,4748971.0182000026],[-8830789.5300999992,4748607.8234999999],[-8831056.9445999991,4748351.7123999968],[-8831468.8315999992,4748043.8816],[-8831949.3968000002,4747829.7586999983],[-8832708.3458999991,4747645.1934999973],[-8832825.2029999997,4747622.8615000024],[-8833578.5142000001,4747598.558600001],[-8833875.0307999998,4747525.1064999998],[-8834152.5436000004,4747454.0197999999],[-8834373.9202999994,4747191.5733999982],[-8834689.1838000007,4746827.5107999966],[-8835018.3498,4746441.9518000036],[-8835300.5973000005,4746104.4865000024],[-8836037.2306999993,4745794.2371999994],[-8836770.341,4745527.3772],[-8836984.6513999999,4745351.7881999984],[-8837583.8967000004,4744843.2613999993],[-8838135.6830000002,4744412.7106999978],[-8838609.9244999997,4744078.6281000003],[-8838900.4752999991,4743874.4738999978],[-8839037.4230000004,4743629.5472000018],[-8839187.6095000003,4743401.1664000005],[-8839420.5430999994,4743084.5560000017],[-8839781.9294000007,4742851.7484000027],[-8840146.8949999996,4742613.0454000011],[-8840372.5584999993,4742461.5738999993],[-8840893.9352000002,4742051.8391999975],[-8840998.6032999996,4741916.6845000014],[-8841155.6887999997,4741680.0361000001],[-8841380.9211999997,4741333.4057999998],[-8841726.0138000008,4741097.5656000003],[-8842281.1438999996,4740922.4302000031],[-8842435.7367000002,4740903.3725000024],[-8842552.0344999991,4740592.8946999982],[-8842650.0864000004,4740398.9496999979],[-8842831.9448000006,4739578.8061000034],[-8842995.1741000004,4739054.5386999995],[-8843177.4685999993,4738680.0464000031],[-8843364.2305999994,4738359.9751999974],[-8843673.023,4738022.9946999997],[-8844057.7816000003,4737831.2965999991],[-8844397.3115999997,4737752.9064000025],[-8844828.4763999991,4737695.0874999985],[-8845462.6767999995,4737629.8435000032],[-8846254.0190999992,4737550.9253000021],[-8846707.8971999995,4737428.2164999992],[-8847112.8080000002,4737320.9615999982],[-8847710.5786000006,4736842.0768000036],[-8848114.3769000005,4736636.9831999987],[-8848573.0591000002,4736383.9034999982],[-8849096.8037999999,4736121.0285999998],[-8849740.7193,4735786.7951999977],[-8850683.9699000008,4735340.6904999986],[-8851376.9420999996,4734811.6488000005],[-8851927.5178999994,4734386.1653999984],[-8852325.7082000002,4734015.2079000026],[-8852762.2048000004,4733615.0018000007],[-8853249.0468000006,4732941.3628000021],[-8853671.9440000001,4732372.5980999991],[-8854018.1875,4731859.6228],[-8854448.6154999994,4731152.5503000021],[-8854660.2938000001,4730765.0344000012],[-8855380.0931000002,4729536.0458000004]]},"properties":{"objectid":8574,"elev":3780,"st_length(shape)":103730.02303620875}},{"type":"Feature","id":8577,"geometry":{"type":"LineString","coordinates":[[-8840778.4126999993,4717892.9676000029],[-8840439.8267999999,4717926.1230999976],[-8840152.0784000009,4717972.3652999997],[-8839855.8457999993,4718086.817900002],[-8839349.8161999993,4718378.2643999979],[-8838830.5774000008,4718728.0644999966],[-8838575.7182999998,4718977.5204000026],[-8838061.6285999995,4719307.8561000004],[-8837550.8407000005,4719586.9516000003],[-8837266.6041999999,4719706.4426999986],[-8836947.1991000008,4719888.7947999984],[-8836706.7569999993,4720006.6119000018],[-8836403.8336999994,4720218.5522999987],[-8836013.5800000001,4720553.4782000035],[-8835861.8652999997,4720741.2564999983],[-8835631.2877999991,4720986.2366999984],[-8835373.9063000008,4721233.1777999997],[-8834997.7032999992,4721458.4372999966],[-8834628.8234000001,4721681.3773000017],[-8834226.0123999994,4721896.3667000011],[-8833943.5353999995,4722047.5758000016],[-8833673.7375000007,4722169.697800003],[-8833356.4393000007,4722227.4406000003],[-8833156.4013999999,4722257.9975000024],[-8832941.1966999993,4722320.0288999975],[-8832712.9011000004,4722433.1136000007],[-8832514.0944999997,4722529.634300001],[-8832351.1448999997,4722661.0063000023],[-8832175.7202000003,4722809.2485999987],[-8832056.0072000008,4722970.7246000022],[-8831875.6088999994,4723258.1191999987],[-8831765.1701999996,4723444.1982000023],[-8831609.9530999996,4723817.5688999966],[-8831479.8333000001,4724281.8079999983],[-8831308.1316999998,4725023.8359000012],[-8831196.4616,4725542.2207000032],[-8831015.2072000001,4726271.9404999986],[-8830928.1297999993,4726641.7713999972],[-8830750.3859999999,4727310.5323999971],[-8830569.2440000009,4728030.5954999998],[-8830440.9132000003,4728524.3740999997],[-8830280.0465999991,4729198.4499000013],[-8830199.8917999994,4729453.621799998],[-8830099.7322000004,4729869.7624000013],[-8829984.8324999996,4730424.9870999977],[-8829943.2375000007,4730568.4483999982],[-8829875.1425000001,4730828.7647999972],[-8829789.3754999992,4731122.9858999997],[-8829747.9546000008,4731256.679899998],[-8829724.6971000005,4731329.5923999995],[-8829702.2440000009,4731386.799999997],[-8829631.1667999998,4731458.1075000018],[-8829627.1763000004,4731461.9711000025],[-8829579.4034000002,4731500.4609000012],[-8829551.4504000004,4731527.5056999996],[-8829527.5655000005,4731546.7519000024],[-8829475.7248999998,4731593.0415999964],[-8829471.7302999999,4731596.9050000012],[-8829367.9083999991,4731697.3584000021],[-8829260.0870999992,4731801.6750999987],[-8829152.2664000001,4731905.9930000007],[-8829044.4394000005,4732010.3081],[-8829012.4941000007,4732041.2163999975],[-8828816.1693999991,4732218.173299998],[-8828610.9086000007,4732464.4931999967],[-8828446.7620000001,4732732.4307999983],[-8828323.2155000009,4733049.7769000009],[-8828255.1413000003,4733361.2207000032],[-8828221.9162000008,4733659.4268999994],[-8828196.7701999992,4733895.245099999],[-8828115.3632999994,4734178.6639000028],[-8827978.8532999996,4734447.1564000025],[-8827830.0488000009,4734632.0196999982],[-8827591.4099000003,4734808.2456],[-8827233.5664000008,4735065.631099999],[-8826799.9732000008,4735300.7283999994],[-8826343.7734999992,4735632.697300002],[-8825955.3125999998,4736042.4034999982],[-8825704.0604999997,4736517.2804000005],[-8825565.8825000003,4736869.1897],[-8825454.0695999991,4737291.1306999996],[-8825352.8411999997,4737518.6256999969],[-8825096.1769999992,4737910.0223999992],[-8824792.4848999996,4738224.0502000004],[-8824600.9792999998,4738463.7405000031],[-8824271.2104000002,4739055.3972000033],[-8823847.1709000003,4739867.7880000025],[-8823543.5475999992,4740536.4992000014],[-8823119.7837000005,4741328.1168000028],[-8822631.6327,4742222.8646000028],[-8822345.4404000007,4742697.266900003],[-8822024.1933999993,4743191.8721999973]]},"properties":{"objectid":8577,"elev":3840,"st_length(shape)":33488.995450090297}},{"type":"Feature","id":8586,"geometry":{"type":"LineString","coordinates":[[-8822030.1828000005,4744662.6724999994],[-8822191.4940000009,4744417.7078000009],[-8822304.3937999997,4744246.9327000007],[-8822451.2744999994,4744027.8994999975],[-8822544.3972999994,4743889.938699998],[-8822642.8021000009,4743748.5869999975],[-8822739.3311999999,4743614.1877999976],[-8822837.6636999995,4743476.3303999975],[-8822932.4818999991,4743340.1529999971],[-8823086.2256000005,4743124.7556999996],[-8823172.0076000001,4743005.8751000017],[-8823270.3281999994,4742868.0213999972],[-8823375.8358999994,4742718.0790999979],[-8823529.5274,4742504.4337000027],[-8823626.1324000005,4742364.8034999967],[-8823722.8013000004,4742221.6819999963],[-8823855.1115000006,4742033.8316000029],[-8824046.1634999998,4741775.4966000021],[-8824119.4184000008,4741673.8493999988],[-8824206.9478999991,4741553.2634000033],[-8824312.3614000008,4741406.8216999993],[-8824386.5603,4741307.6133000031],[-8824609.8852999993,4741039.6344000027],[-8824708.3844000008,4740902.0742999986],[-8824902.1951000001,4740620.2556999996],[-8825180.3816999998,4740247.0939000025],[-8825428.0580000002,4739912.5364999995],[-8825499.9485999998,4739829.4510999992],[-8825588.7915000003,4739743.5631999969],[-8825697.1699999999,4739633.4157999977],[-8825844.0007000007,4739507.5781000033],[-8826054.0603999998,4739352.8354000002],[-8826253.1127000004,4739203.3554999977],[-8826383.6344000008,4739074.4695999995],[-8826570.7982000001,4738831.7198999971],[-8826601.9715999998,4738787.0126999989],[-8826653.1911999993,4738696.1965000033],[-8826702.0405999999,4738602.5456999987],[-8826750.8914999999,4738508.8969999999],[-8826755.0373999998,4738497.1539999992],[-8826799.6690999996,4738419.1867000014],[-8826848.5156999994,4738325.5363999978],[-8826868.7224000003,4738294.3959000036],[-8826909.4279999994,4738216.3554999977],[-8826978.3311999999,4738099.4444999993],[-8827043.3847000003,4737978.5200999975],[-8827047.3063999992,4737978.5939999968],[-8827100.8118999992,4737845.6334000006],[-8827146.6885000002,4737700.7101999968],[-8827167.1850000005,4737653.8147],[-8827204.1126000006,4737567.8263999969],[-8827204.1862000003,4737563.886500001],[-8827216.3213999998,4737544.4147000015],[-8827228.4578000009,4737524.9428000003],[-8827236.3782000002,4737521.1530999988],[-8827256.5059999991,4737493.9504999965],[-8827284.4068999998,4737470.8355000019],[-8827284.4804999996,4737466.8954999968],[-8827308.3874999993,4737447.6454000026],[-8827316.3789000008,4737439.9157999977],[-8827328.2941999994,4737432.2612999976],[-8827344.2059000004,4737420.7393999994],[-8827368.0365999993,4737405.4280000031],[-8827379.9518999998,4737397.7735000029],[-8827407.7813000008,4737378.5944000036],[-8827419.6229999997,4737374.878700003],[-8827447.4496999998,4737355.702200003],[-8827455.3673999999,4737351.9096999988],[-8827475.2028000001,4737340.4641999975],[-8827491.1153999995,4737328.943599999],[-8827495.0355999991,4737329.0173000023],[-8827514.9443999995,4737313.6303000003],[-8827534.7796999998,4737302.184799999],[-8827558.5362999998,4737290.8103],[-8827578.2954999991,4737283.3003999963],[-8827582.2182,4737283.3742000014],[-8827605.9772999994,4737272.0023000017],[-8827617.8188000005,4737268.2849999964],[-8827633.5830000006,4737264.6411999986],[-8827657.2661000006,4737257.2052000016],[-8827665.1102000009,4737257.3526000008],[-8827696.6397999991,4737250.065200001],[-8827728.1680999994,4737242.7788999975],[-8827736.0121999998,4737242.9262999967],[-8827755.7750000004,4737235.4175999984],[-8827775.5326000005,4737227.9086999968],[-8827783.4539000001,4737224.1163000017],[-8827803.2886999995,4737212.6688999981],[-8827819.0502000004,4737209.0261000022],[-8827827.0436000004,4737201.2951000035],[-8827835.0342999995,4737193.5653000027],[-8827850.8729999997,4737185.9826999977],[-8827866.7837000005,4737174.4615999982],[-8827878.6984000001,4737166.8052999973],[-8827906.4503000006,4737151.566399999],[-8827930.3553999998,4737132.3153000027],[-8827946.2633999996,4737120.7928000018],[-8827958.1805000007,4737113.1378000006],[-8827982.1561999992,4737089.946800001],[-8828002.1370999999,4737070.6221000031],[-8828006.1305,4737066.755900003],[-8828030.1818000004,4737039.6275999993],[-8828046.1626999993,4737024.1679000035],[-8828058.1530000009,4737012.5729999989],[-8828082.2014000006,4736985.4447999969],[-8828094.1876999997,4736973.8497999981],[-8828106.1752000004,4736962.253700003],[-8828134.0726999994,4736939.1388999969],[-8828146.0602000002,4736927.5428000018],[-8828158.0501000006,4736915.9478999972],[-8828182.0236000009,4736892.7580000013],[-8828198.0079999994,4736877.298299998],[-8828209.9953000005,4736865.702200003],[-8828234.0416999999,4736838.5738999993],[-8828238.1118999999,4736830.7704999968],[-8828262.3776999991,4736791.8269999996],[-8828266.4478999991,4736784.0235000029],[-8828286.8666999992,4736741.0670000017],[-8828294.8567999993,4736733.3369999975],[-8828311.2065999992,4736698.1853],[-8828323.2653999999,4736682.6520000026],[-8828351.3080000002,4736651.6591000035],[-8828355.3781000003,4736643.8542999998],[-8828387.3441000003,4736612.936300002],[-8828399.3309000004,4736601.3401999995],[-8828419.2331000008,4736585.9549999982],[-8828451.1987999994,4736555.0341999978],[-8828455.1955999993,4736551.1692999974],[-8828483.1643000003,4736524.114699997],[-8828503.2162999995,4736500.8502999991],[-8828515.2759000007,4736485.3171999976],[-8828539.3948999997,4736454.2509000003],[-8828547.3845000006,4736446.5209000036],[-8828571.6508000009,4736407.576700002],[-8828575.5719000008,4736407.6499999985],[-8828579.6403999999,4736399.8480999991],[-8828591.6267000008,4736388.2519000024],[-8828607.6827000007,4736368.8539000005],[-8828627.5879999995,4736353.4676000029],[-8828631.5833000001,4736349.6026000008],[-8828651.4129000008,4736338.1545000002],[-8828671.3180999998,4736322.7678999975],[-8828698.9935999997,4736311.4650000036],[-8828710.9066000003,4736303.8096999973],[-8828722.7466000002,4736300.0900000036],[-8828746.4253000002,4736292.6532000005],[-8828754.3455999997,4736288.862999998],[-8828781.8749000002,4736285.4363999963],[-8828809.4771999996,4736278.0741000026],[-8828837.0065000001,4736274.6472000033],[-8828864.5357000008,4736271.2230999991],[-8828892.0662999991,4736267.7961999997],[-8828919.6684000008,4736260.4323000014],[-8828939.4272000007,4736252.9205000028],[-8828943.4199000001,4736249.0568000004],[-8828987.0041000005,4736226.2312000021],[-8828998.9193999991,4736218.574500002],[-8829030.6597000007,4736199.4686999992],[-8829050.6381999999,4736180.1435000002],[-8829070.4657000005,4736168.6944999993],[-8829098.4355999995,4736141.6393000036],[-8829110.3482000008,4736133.9822999984],[-8829146.2301000003,4736103.1336999983],[-8829150.2265000008,4736099.2697999999],[-8829190.1760000009,4736060.6177999973],[-8829226.2069000006,4736021.8941000029],[-8829230.2721999995,4736014.0909999982],[-8829270.5863000005,4735955.7496000007],[-8829282.7193999998,4735936.2769000009],[-8829307.0530999992,4735893.3959000036],[-8829339.4505000003,4735838.8457000032],[-8829347.5118000004,4735827.1775000021],[-8829359.6407999992,4735807.7062000036],[-8829432.4223999996,4735690.8775999993],[-8829512.9751999993,4735578.1336999983],[-8829597.3015000001,4735473.3391999975],[-8829601.2936000004,4735469.4741000012],[-8829693.4635000005,4735364.8258000016],[-8829789.4781999998,4735264.186999999],[-8829845.0633000005,4735210.4038000032],[-8829847.7018999998,4735205.3412000015],[-8829983.7328999992,4735034.8995999992],[-8830139.7124000005,4734850.0034999996],[-8830305.5261000004,4734665.2905000001],[-8830465.5070999991,4734529.8862000033],[-8830574.8343000002,4734472.6096000001],[-8830583.0428999998,4734561.7106999978],[-8830515.1423000004,4734826.3166999966],[-8830503.5300999992,4734871.5681999996],[-8830413.1735999994,4735235.5952000022],[-8830310.6818000004,4735456.0882000029],[-8830222.7653999999,4735686.7392000034],[-8830125.5478000008,4735924.6428000033],[-8829942.1286999993,4736225.1882999986],[-8829629.3841999993,4736634.550999999],[-8829416.6804000009,4736956.8125],[-8829279.6087999996,4737181.6306999996],[-8829074.1646999996,4737642.4439999983],[-8828989.0174000002,4737986.8800999969],[-8828946.9703000002,4738396.3968999982],[-8828915.4042000007,4738771.5200999975],[-8828887.1319999993,4738968.7409000024],[-8828814.5585999992,4739165.1379000023],[-8828751.2772000004,4739391.375500001],[-8828693.5569000002,4739583.1130999997],[-8828625.9892999995,4739774.6699000001],[-8828491.9476999994,4740098.4812000021],[-8828397.4631999992,4740413.1529999971],[-8828200.4688000008,4740943.4773999974],[-8828112.0857999995,4741194.0034999996],[-8827988.591,4741478.4908000007],[-8827823.3981999997,4741885.829400003],[-8827688.1023999993,4742273.9623999968],[-8827614.5581,4742519.8501999974],[-8827614.7703000009,4742524.2995000035],[-8827614.4658000004,4742524.7938999981],[-8827512.2973999996,4742720.692400001],[-8827444.5894000009,4742832.3687999994],[-8827440.9617999997,4742847.9350999966],[-8827437.8873999994,4742855.9522999972],[-8827300.602,4743033.9306999967],[-8827249.5062000006,4743141.7898000032],[-8827203.9660999998,4743280.5539000034],[-8827157.3790000007,4743365.9139000028],[-8827119.8987000007,4743510.9927000031],[-8827092.1011999995,4743685.0033000037],[-8827041.2451000009,4743998.2141000032],[-8826998.7105999999,4744194.5425999984],[-8826964.6251999997,4744413.4948000014],[-8826950.7422000002,4744627.8806999996],[-8826928.1788999997,4744878.5930000022],[-8826884.9810000006,4745276.9200000018],[-8826863.7539000008,4745480.4769999981],[-8826865.8125,4745783.9055999964],[-8826858.0459000003,4745846.6272],[-8826854.8593000006,4745934.2018999979],[-8826845.5028000008,4746069.5781999975],[-8826833.7017000001,4746189.8483999968],[-8826815.2638000008,4746300.4096999988],[-8826796.1809999999,4746372.6202000007],[-8826725.3981999997,4746510.9484999999],[-8826655.2301000003,4746616.4263999984],[-8826589.6386999991,4746695.9745000005],[-8826542.2064999994,4746752.5881000012],[-8826498.8379999995,4746810.6480000019],[-8826466.8225999996,4746850.0632999986],[-8826448.5471000001,4746880.1982000023],[-8826411.9513000008,4746946.5507000014],[-8826371.3531999998,4747016.7699000016],[-8826363.1283999998,4747036.3315000013],[-8826350.9043000005,4747059.7650000006],[-8826310.2313000001,4747133.9245999977],[-8826257.1079999991,4747243.3453999981],[-8826240.7369999997,4747278.5306999981],[-8826190.5505999997,4747402.5012999997],[-8826178.9441999998,4747431.1713000014],[-8826166.6449999996,4747458.5465999991],[-8826165.0789000001,4747463.2382000014],[-8826120.8548000008,4747595.7158000022],[-8826076.4210000001,4747733.802199997],[-8825967.0965999998,4748042.4244000018],[-8825966.7994999997,4748058.1965000033],[-8825962.7982999999,4748062.0661000013],[-8825958.5013999995,4748081.7026000023],[-8825958.2785,4748093.5335000008],[-8825954.1286999993,4748105.2871000022],[-8825949.9034000002,4748120.9847000018],[-8825949.8291999996,4748124.9249000028],[-8825945.4551999997,4748148.5094999969],[-8825945.3808999993,4748152.4497999996],[-8825941.2336999997,4748164.2062000036],[-8825927.8926999997,4748246.7823000029],[-8825915.2177000009,4748293.8709999993],[-8825902.6937000006,4748333.0781000033],[-8825895.0655000005,4748351.6106999964],[-8825864.7721999995,4748561.8527000025],[-8825863.8376000002,4748611.4289000034],[-8825850.1524999999,4748686.1525000036],[-8825829.6548999995,4748868.9460999966],[-8825831.7670000009,4749028.204400003],[-8825847.6126000006,4749182.5900999978],[-8825864.2328999992,4749295.9026999995],[-8825909.7346999999,4749414.9017999992],[-8825962.2817000002,4749522.0511000007],[-8825998.0738999993,4749613.4737000018],[-8826039.5932,4749672.4750000015],[-8826113.8845000006,4749802.2973000035],[-8826195.8661000002,4749886.0376999974],[-8826281.1619000006,4749974.9774999991],[-8826331.5296999998,4750017.0256000012],[-8826437.5738999993,4750090.9487000033],[-8826569.3511999995,4750156.7976000011],[-8826638.4574999996,4750191.2236000001],[-8826778.3910000008,4750283.6362999976],[-8827027.2281999998,4750473.2656999975],[-8827298.7885999996,4750724.9648000002],[-8827534.3276000004,4750897.2154999971],[-8827658.9516000003,4750981.7566],[-8827838.1977999993,4751063.9001000002],[-8827980.3223000001,4751124.7945000008],[-8828179.8412999995,4751217.5886000022],[-8828292.2379000001,4751226.5486000031],[-8828473.0221999995,4751226.5156999975],[-8828606.5145999994,4751201.6196999997],[-8828716.1378000006,4751176.2749999985],[-8828836.5617999993,4751120.3081],[-8829019.2740000002,4751027.0080000013],[-8830159.8880000003,4750326.673299998],[-8830712.9852000009,4750089.5925000012],[-8830971.3964000009,4749910.4711999968],[-8832008.9035999998,4748977.2939999998],[-8832490.6524,4748743.1528000012],[-8833115.273,4748564.1437999979],[-8833606.4921000004,4748527.1432000026],[-8834058.9514000006,4748463.1451999992],[-8834387.8846000005,4748357.4830000028],[-8834553.1166999992,4748261.9768000022],[-8835317.9664999992,4747553.4802000001],[-8836191.6391000003,4746603.9887999967],[-8836599.9890999999,4746440.6071000025],[-8837065.7232000008,4746060.2449000031],[-8837211.3921000008,4745986.4235000014],[-8837321.7353000008,4745980.4887000024],[-8837443.1867999993,4745919.2519999966],[-8837526.6303000003,4745868.936300002],[-8837728.0933999997,4745709.3448999971],[-8837990.0021000002,4745444.262000002],[-8838501.3473000005,4745171.3818999976],[-8838853.1795000006,4744864.0394999981],[-8839443.0954,4744297.4021999985],[-8839896.7620999999,4743715.190700002],[-8840009.0092999991,4743598.6011999995],[-8840182.9202999994,4743406.689000003],[-8840540.9528000001,4743189.0257000029],[-8840800.7247000001,4743038.1338],[-8841128.1210999992,4742769.8649000004],[-8841439.8078000005,4742498.683600001],[-8841906.6084000003,4742056.3304999992],[-8842037.8100000005,4741903.1862000003],[-8842299.9688000008,4741762.8527000025],[-8842539.7799999993,4741701.1543999985],[-8843111.818,4741559.824500002],[-8843341.7280000001,4741110.9758000001],[-8843774.1208999995,4740285.0301000029],[-8844224.3074999992,4739177.3025000021],[-8844510.1193000004,4738893.5131999999],[-8844702.1242999993,4738745.8973999992],[-8844925.6742000002,4738664.4274000004],[-8845410.9607999995,4738561.1717000008],[-8846065.5271000005,4738493.5710999966],[-8846830.9158999994,4738440.9226000011],[-8847605.0187999997,4738257.1494999975],[-8848368.6442000009,4737915.6938000023],[-8848515.1414999999,4737860.0886999965],[-8848743.6964999996,4737676.3005999997],[-8849049.3231000006,4737467.2408000007],[-8849264.9132000003,4737328.0617000014],[-8849641.3002000004,4737138.0144999996],[-8849953.7228999995,4737053.9698999971],[-8850274.5858999994,4736996.824500002],[-8850638.6982000005,4737011.7657999992],[-8850844.5410999991,4736971.5816000029],[-8851103.7880000006,4736872.1305000037],[-8852215.4394000005,4736004.8427999988],[-8853150.2635999992,4735154.307099998],[-8854179.6067999993,4734101.9818999991],[-8854888.6007000003,4733057.6265999973],[-8855373.0826999992,4732160.5345999971],[-8856045.4495999999,4730938.6941]]},"properties":{"objectid":8586,"elev":3460,"st_length(shape)":68623.806265028601}},{"type":"Feature","id":8597,"geometry":{"type":"LineString","coordinates":[[-8821995.6552000009,4745498.7154999971],[-8822564.4016999993,4744694.3228999972],[-8823068.4773999993,4744000.7072999999],[-8823645.7164999992,4743209.9715000018],[-8823824.4306000005,4742978.6281000003],[-8823950.4157999996,4742836.7713999972],[-8824176.7342000008,4742620.7356999964],[-8824314.3480999991,4742481.0200999975],[-8824519.4318000004,4742305.639200002],[-8824579.0658999998,4742252.0304000005],[-8824673.3629999999,4742167.6035000011],[-8824751.2288000006,4742086.9688000008],[-8824792.3012000006,4742005.6317000017],[-8824846.3881999999,4741884.8518000022],[-8824874.2988000009,4741778.628899999],[-8824892.5410999991,4741679.065700002],[-8824933.9989999998,4741577.2089999989],[-8824980.5701000001,4741493.2427000031],[-8825041.2837000005,4741382.1745000035],[-8825073.9683999997,4741311.6306999996],[-8825102.4098000005,4741249.2176000029],[-8825127.9188000001,4741197.697800003],[-8825141.0094000008,4741154.1529000029],[-8825138.8791000005,4741122.6349999979],[-8825105.8498999998,4741067.2629999965],[-8825073.8214999996,4741031.0700000003],[-8825061.9465999994,4741010.3153999969],[-8825051.5380000006,4740984.1143999994],[-8825061.6707000006,4740952.8310000002],[-8825092.1895000003,4740924.673299998],[-8825128.9113999996,4740904.8451000005],[-8825188.9623000007,4740852.6164000034],[-8825263.7268000003,4740791.0882000029],[-8825402.5080999993,4740659.6155999973],[-8825533.8336999994,4740489.6833999977],[-8825714.7698999997,4740290.5886000022],[-8825856.3148999996,4740156.4316999987],[-8826091.9406000003,4739947.4271000028],[-8826454.6407999992,4739647.7769000009],[-8826460.8621999994,4739641.2066000029],[-8826493.0852000006,4739603.5788000003],[-8826628.4600000009,4739447.6855999976],[-8826818.8377,4739213.6070000008],[-8826939.9584999997,4739065.934299998],[-8827224.4428000003,4738771.3869000003],[-8827424.4771999996,4738622.3720000014],[-8827540.8653999995,4738576.4644000009],[-8827624.7905999999,4738609.1647000015],[-8827660.1438999996,4738677.7321999967],[-8827655.1118999999,4738796.4685000032],[-8827644.7307999991,4739050.9158999994],[-8827638.8752999995,4739364.8737000003],[-8827660.2197999991,4739580.3180000037],[-8827695.0492000002,4739677.177699998],[-8827736.6208999995,4739714.7435000017],[-8827789.9888000004,4739724.2351000011],[-8827908.9947999995,4739689.6859000027],[-8828062.7006000001,4739607.6838999987],[-8828165.8537000008,4739516.2440000027],[-8828274.5340999998,4739430.5662999973],[-8828314.0260000005,4739428.4768999964],[-8828324.5057999995,4739471.1158000007],[-8828318.1882000007,4739507.7811999992],[-8828285.5175000001,4739597.7141000032],[-8828242.2612999994,4739650.6649999991],[-8828129.8137999997,4739787.2062000036],[-8828067.8232000005,4739865.3967000023],[-8828025.9204999991,4739918.2492000014],[-8827958.3850999996,4740064.123800002],[-8827873.3117999993,4740243.6272],[-8827803.6632000003,4740502.6569999978],[-8827736.8811000008,4740758.9166999981],[-8827642.6793000009,4741125.0350999981],[-8827605.9653999992,4741279.9941999987],[-8827563.6677999999,4741432.0201999992],[-8827518.1813999992,4741603.7990000024],[-8827482.9956,4741676.7197000012],[-8827417.9936999995,4741836.814000003],[-8827361.8133000005,4741977.2651999965],[-8827300.3127999995,4742100.6362000033],[-8827194.5321999993,4742330.7246000022],[-8827129.6801999994,4742482.3388999999],[-8827027.6795000006,4742695.9574000016],[-8827010.3051999994,4742792.677699998],[-8826989.4839999992,4742885.3630999997],[-8826970.6914000008,4742942.4984000027],[-8826941.6373999994,4742979.6761000007],[-8826898.5990999993,4743079.3881999999],[-8826830.1572999991,4743239.6186999977],[-8826794.7813000008,4743381.3121000007],[-8826778.4620999992,4743597.2877999991],[-8826743.4974000007,4743789.6438999996],[-8826733.4978999998,4743886.6490999982],[-8826710.0226000007,4743975.1868000031],[-8826663.4815999996,4744130.3685000017],[-8826657.4605,4744140.0746999979],[-8826594.9842000008,4744311.1476999968],[-8826549.4700000007,4744424.3255999982],[-8826545.4145999998,4744441.1476999968],[-8826540.8219000008,4744476.5456999987],[-8826532.3037,4744511.8693000004],[-8826496.9783999994,4744720.1741999984],[-8826486.9792999998,4744834.3285000026],[-8826476.8344999999,4744956.3698000014],[-8826478.9846999999,4745051.0430999994],[-8826482.2414999995,4745086.5929000005],[-8826488.6137000006,4745165.572800003],[-8826495.1326000001,4745236.6723999977],[-8826510.9134999998,4745442.0150000006],[-8826510.3953000009,4745469.6071999967],[-8826506.6196999997,4745670.6423000023],[-8826497.2846000008,4745749.3316000029],[-8826470.6941999998,4745910.5031000003],[-8826462.0288999993,4745953.7168999985],[-8826440.8421,4746036.1259000003],[-8826428.4714000002,4746067.4399000034],[-8826399.3589999992,4746153.6445999965],[-8826390.9114999995,4746185.0332000032],[-8826325.3528000005,4746329.6987000033],[-8826252.1593999993,4746462.3942999989],[-8826211.5623000003,4746532.6083000004],[-8826179.1125000007,4746587.2040000036],[-8826098.2840999998,4746707.9223999977],[-8826094.2861000001,4746711.7914000005],[-8826045.6843999997,4746789.7418000028],[-8826005.3071999997,4746848.1316],[-8825960.6305999998,4746926.1559000015],[-8825919.9551999997,4747000.3166000023],[-8825879.1305999998,4747082.3599999994],[-8825858.5309999995,4747133.240199998],[-8825846.0840000007,4747168.4980000034],[-8825837.9311999995,4747184.1182999983],[-8825812.8869000003,4747262.5188999996],[-8825783.4670000002,4747364.5012999997],[-8825757.9012000002,4747470.5045000017],[-8825732.4055000003,4747572.560800001],[-8825732.3311999999,4747576.5046999976],[-8825728.1840000004,4747588.2563000023],[-8825719.7331000008,4747619.6486999989],[-8825706.9875000007,4747670.6780999973],[-8825702.5388999991,4747698.2014999986],[-8825694.2403999995,4747721.7104000002],[-8825689.7916999999,4747749.2339999974],[-8825688.8671000004,4747754.9565000013],[-8825664.4143000003,4747828.9724999964],[-8825586.6786000002,4748045.2410999984],[-8825539.3958000001,4748165.5423000008],[-8825512.0603,4748312.9302999973],[-8825496.7631000001,4748472.8756000027],[-8825480.0796000008,4748597.8728],[-8825466.2169000003,4748681.8378000036],[-8825463.5844999999,4748738.3475999981],[-8825462.8309000004,4748742.813500002],[-8825453.6370999999,4748813.6393000036],[-8825453.5625999998,4748817.5825000033],[-8825448.3675999995,4748884.5403999984],[-8825447.1755999997,4748947.628200002],[-8825449.9119000006,4749010.7949000001],[-8825449.8374000005,4749014.7378999963],[-8825452.6445000004,4749073.9580999985],[-8825455.9024999999,4749109.5236999989],[-8825455.5299999993,4749129.2366999984],[-8825462.7127,4749164.8772],[-8825465.9693999998,4749200.4390999973],[-8825473.1559999995,4749236.0799999982],[-8825474.6029000003,4749251.8910999969],[-8825477.1579999998,4749386.1269000024],[-8825500.9395000003,4749571.4878000021],[-8825540.6454000007,4749726.3365999982],[-8825598.7482999992,4749900.3716000021],[-8825638.1094000004,4749983.3057999983],[-8825712.4943000004,4750108.0002000034],[-8825833.0055999998,4750228.4359000027],[-8825945.7703000009,4750307.6303000003],[-8826065.9684999995,4750354.4321999997],[-8826147.1195,4750391.9305000007],[-8826230.0724999998,4750424.3256999999],[-8826267.2229999993,4750443.8655000031],[-8826317.8184999991,4750473.9338999987],[-8826384.7537999991,4750541.9822999984],[-8826451.9474999998,4750596.3372000009],[-8826496.7873999998,4750644.7050999999],[-8826511.2340999991,4750652.3035999984],[-8826518.9403000008,4750660.3386000022],[-8826542.2096999995,4750676.5601999983],[-8826553.8476999998,4750684.6709999964],[-8826557.7000999991,4750688.6890999973],[-8826577.0443999991,4750704.8376000002],[-8826631.4419999998,4750737.4305000007],[-8826646.9313999992,4750749.5579999983],[-8826681.8380999994,4750773.8898999989],[-8826705.6186999995,4750788.1380999982],[-8826710.2093000002,4750793.5647],[-8826790.4711000007,4750872.4672999978],[-8826852.8091000002,4750943.7673000023],[-8826968.4539000001,4751052.1208000034],[-8827045.4663999993,4751128.9210999981],[-8827217.4736000001,4751233.2013999969],[-8827416.3787999991,4751358.5361000001],[-8827731.0338000003,4751496.3232000023],[-8828124.3818999995,4751621.8816],[-8828378.8222000003,4751696.8708999977],[-8828657.3274000008,4751762.0300000012],[-8828864.6389000006,4751803.5873000026],[-8829059.1057999991,4751802.0874999985],[-8829263.6758999992,4751807.6225999966],[-8829513.9071999993,4751742.0800999999],[-8829813.9913999997,4751655.1979999989],[-8830104.3774999995,4751539.0152999982],[-8830447.8629999999,4751410.1115000024],[-8830731.3524999991,4751297.2102999985],[-8831021.6871000007,4751182.7163000032],[-8831366.1214000005,4751000.7190999985],[-8831491.9449000005,4750906.7556999996],[-8831692.0798000004,4750690.1118000001],[-8831855.3544999994,4750482.055399999],[-8831955.8352000006,4750338.3458999991],[-8832067.4474999998,4750180.2867000028],[-8832219.9697999991,4749964.7590999976],[-8832368.2664000001,4749781.9048999995],[-8832494.0263,4749642.3025999963],[-8832663.1238000002,4749510.7725000009],[-8833002.5517999995,4749378.7206000015],[-8833389.3956000004,4749229.3317999989],[-8833745.7352000009,4749163.0605000034],[-8834003.8647000007,4749116.8215000033],[-8834196.9154000003,4749062.1162],[-8834493.8859000001,4748871.0323000029],[-8834652.2738000005,4748728.3687999994],[-8834715.9078000002,4748680.0077999979],[-8834727.6336000003,4748674.3849000037],[-8834799.1032999996,4748632.2901000008],[-8834858.7895999998,4748589.9817000031],[-8834866.7160999998,4748586.1807999983],[-8834930.5427000001,4748532.1137999967],[-8834990.4427000005,4748477.9770999998],[-8834994.3698999994,4748478.0481999964],[-8834994.4407000002,4748474.1036999971],[-8835018.3574000001,4748454.8175000027],[-8835182.2029999997,4748300.0058000013],[-8835330.4715999998,4748137.0254999995],[-8835474.8827999998,4747970.0302999988],[-8835619.2174999993,4747806.9796999991],[-8835771.4037999995,4747644.0684999973],[-8835927.4401999991,4747485.1736000031],[-8836091.182,4747334.304899998],[-8836243.2832999993,4747175.3364000022],[-8836395.4462000001,4747012.427699998],[-8836556.5521000009,4746881.2665000036],[-8836801.2350999992,4746616.8593999967],[-8837122.0363999996,4746399.5134999976],[-8837203.5737999994,4746329.3105000034],[-8837267.3055000007,4746272.9397],[-8837314.4585999995,4746228.5960000008],[-8837355.7458999995,4746207.4249000028],[-8837398.0085000005,4746208.1794999987],[-8837455.0737999994,4746220.1520999968],[-8837533.7583000008,4746243.4642999992],[-8837611.9834000003,4746292.7839000002],[-8837720.2991000004,4746337.1621999964],[-8837809.6985999998,4746371.6177999973],[-8837871.0002999995,4746375.4478999972],[-8837910.7786999997,4746362.4632999972],[-8837938.4079,4746342.4157000035],[-8837955.4685999993,4746303.0102000013],[-8837964.4459000006,4746257.9838000014],[-8837963.8315999992,4746215.5254999995],[-8837963.2656999994,4746170.3298000023],[-8837958.4406000003,4746134.6432000026],[-8837966.1994000003,4746081.380400002],[-8837981.7996999994,4746047.4267999977],[-8838004.7960000001,4745980.7431000024],[-8838006.6180000007,4745968.6609999985],[-8838018.2526999991,4745932.0882999972],[-8838176.4276999999,4745737.4541999996],[-8838584.2225000001,4745383.6652000025],[-8838840.1272,4745158.9397],[-8839245.9444999993,4744765.5829000026],[-8839494.1788999997,4744527.5437000021],[-8839630.6501000002,4744377.1224000007],[-8839767.7614999991,4744189.824000001],[-8839966.9522999991,4743903.4957000017],[-8840133.2290000003,4743698.2707000002],[-8840320.1640000008,4743511.8523999974],[-8840898.4396000002,4743153.1322000027],[-8841318.8322000001,4742817.9820000008],[-8841569.2292999998,4742601.0496999994],[-8842043.9889000002,4742153.5556999967],[-8842219.6433000006,4742009.0830999985],[-8842657.7164999992,4741861.253899999],[-8843118.9316000007,4741740.1502000019],[-8843237.7233000007,4741691.131099999],[-8843582.2360999994,4741186.3888000026],[-8844133.0895000007,4740396.1635000035],[-8844273.2884,4740051.7317000031],[-8844582.1048000008,4739382.6507000029],[-8844821.5969999991,4739121.8273999989],[-8845097.9750999995,4738948.3329000026],[-8845324.5963000003,4738879.9492999986],[-8845565.0324000008,4738845.512000002],[-8846117.0254999995,4738825.992399998],[-8846578.8830999993,4738775.4835999981],[-8847001.2061000001,4738730.2144000009],[-8847436.7111000009,4738616.6203000024],[-8847804.0413000006,4738497.8322999999],[-8848079.0494999997,4738377.4847000018],[-8848397.1856999993,4738205.9252000004],[-8848793.0166999996,4737918.0587000027],[-8849197.2682000007,4737657.0952000022],[-8849529.6863000002,4737439.5439999998],[-8849923.1082000006,4737294.3825000003],[-8850279.2241999991,4737255.6662999988],[-8850803.4145999998,4737264.3266000003],[-8851141.4663999993,4737243.1278999969],[-8851337.2184999995,4737228.5023000017],[-8851520.8792000003,4737164.8425000012],[-8851924.8052999992,4736851.9145999998],[-8852912.4787000008,4735982.007600002],[-8853794.3584000003,4735119.9932999983],[-8854246.8416000009,4734713.2434],[-8854696.8778000008,4734157.2031999975],[-8854977.6370000001,4733689.9218000025],[-8855297.3287000004,4733184.766900003],[-8855963.0949000008,4732016.0798000023],[-8856387.8100000005,4731228.6775999963],[-8856585.4245999996,4730856.4156000018],[-8857049.5866999999,4729992.7021000013],[-8857334.5336000007,4729549.6706999987],[-8857622.2111000009,4729236.6186000034],[-8857956.2038000003,4729025.3486000001],[-8858384.4316000007,4728916.6037999988],[-8859008.2688999996,4728863.8378000036],[-8859631.0587000009,4728878.3835999966],[-8860026.7300000004,4729014.4701000005],[-8860054.3644999992,4729087.0798999965],[-8860053.0282000005,4729173.6755999997],[-8860065.6207999997,4729289.3614000008],[-8860063.2452000007,4729443.313000001],[-8860059.2360999994,4729703.1112999991],[-8860025.7332000006,4730010.5816999972],[-8859896.8693000004,4730595.7101000026],[-8859777.4697999991,4730877.8035999984],[-8859208.6669999994,4732009.6281000003],[-8858779.1157000009,4732811.5762000009],[-8858415.1023999993,4733710.8823999986],[-8858058.9545000009,4734716.2998000011],[-8857800.8532999996,4735887.067400001],[-8857696.3572000004,4736434.3632000014],[-8857614.2019999996,4736779.7828999981],[-8857098.2667999994,4738173.047799997],[-8856851.4488999993,4739223.9444999993],[-8856410.5020000003,4740715.0464000031],[-8856160.7426999994,4741337.3501000032],[-8855961.5833999999,4742095.4007999972],[-8855625.2482999992,4742726.0262999982],[-8855452.4203999992,4743031.6372999996],[-8855352.9737999998,4743550.4579999968],[-8855104.5364999995,4744081.3659000024],[-8854699.1829000004,4744518.199500002],[-8854524.4287999999,4744640.681400001],[-8854501.3903000001,4745180.0864000022],[-8854402.8754999992,4745636.3638999984],[-8854178.0999999996,4746182.1987999976],[-8853966.1520000007,4746525.8153000027],[-8853640.8478999995,4747050.7739999965],[-8853270.9093999993,4747661.795599997],[-8853137.7266000006,4747881.3830000013],[-8852922.1544000003,4748147.8394000009],[-8852713.9850999992,4748549.4100999981],[-8852489.6766999997,4749056.7981999964],[-8852310.8487999998,4749719.2444000021],[-8851983.0779999997,4750384.1089999974],[-8851663.8395000007,4750817.6774000004],[-8851182.9629999995,4751441.4878999963],[-8850818.7985999994,4751681.425999999],[-8850701.0219999999,4751833.8035999984],[-8850676.3002000004,4751876.7990000024],[-8850496.1418999992,4752317.5156999975],[-8850473.4472000003,4752529.3505000025],[-8849969.8661000002,4753355.4112000018],[-8849792.0368000008,4753651.5099999979],[-8849508.9508999996,4754211.1666999981],[-8849111.1129000001,4754735.1609999985],[-8848816.1898999996,4755135.4579999968],[-8848352.8596000001,4755836.8803000003],[-8848066.4357999992,4756300.0627000034],[-8847805.1348999999,4756696.1312000006],[-8847534.3659000006,4757082.3976999968],[-8847199.4182999991,4757568.9196999967]]},"properties":{"objectid":8597,"elev":3380,"st_length(shape)":99080.30892008869}},{"type":"Feature","id":8618,"geometry":{"type":"LineString","coordinates":[[-8846563.2434999999,4757569.7449000031],[-8846694.2053999994,4757407.5371000022],[-8846889.8939999994,4757162.6630999967],[-8847142.1614999995,4756859.8049999997],[-8847260.4115999993,4756717.5503000021],[-8847349.0288999993,4756591.8576999977],[-8847504.0393000003,4756375.7739000022],[-8847751.0759999994,4756013.8973999992],[-8847921.9515000004,4755771.7201000005],[-8848044.2230999991,4755572.1543999985],[-8848252.1765000001,4755236.0012999997],[-8848393.2489,4755019.6982999966],[-8848641.5064000003,4754673.3757999986],[-8848765.1397999991,4754483.1498999968],[-8848911.7237999998,4754305.7158000022],[-8849173.7905000001,4753962.7362999991],[-8849388.5921,4753581.7582999989],[-8849566.2468999997,4753204.8227000013],[-8849578.7700999994,4753101.1437999979],[-8849707.0662999991,4752813.3303999975],[-8849838.5385999996,4752706.9822999984],[-8850060.8396000005,4752430.0407999977],[-8850155.7631999999,4752104.4764999971],[-8850274.5891999993,4751827.3790000007],[-8850381.7622999996,4751601.2551999986],[-8850540.9299999997,4751405.4518000036],[-8850753.6853999998,4751236.8901999965],[-8850876.8552000001,4751069.9477000013],[-8851009.4600000009,4750892.3105999976],[-8851129.4836999997,4750728.4191000015],[-8851345.6832999997,4750442.1005999967],[-8851503.4475999996,4750235.429899998],[-8851650.6742000002,4749998.1831],[-8851717.6940000001,4749899.9193999991],[-8851856.5132999998,4749718.6291000023],[-8851921.3542999998,4749547.9148000032],[-8851951.2585000005,4749462.5170999989],[-8851986.6859000009,4749346.8976999968],[-8852020.2442000005,4749243.0370000005],[-8852092.9974000007,4749101.0874999985],[-8852128.4221000001,4748985.4715000018],[-8852220.3546999991,4748798.3716999963],[-8852278.6131999996,4748619.1427000016],[-8852334.4548000004,4748485.3426999971],[-8852352.6155999992,4748399.7604999989],[-8852409.8310000002,4748284.5080000013],[-8852573.9558000006,4748091.8632000014],[-8852610.1197999995,4748033.5195999965],[-8852645.0978999995,4747944.8476999998],[-8852671.3925999999,4747874.5566999987],[-8852688.7311000004,4747839.4798000008],[-8852706.3423999995,4747787.5693999976],[-8852723.5427000001,4747731.0116000026],[-8852742.1057999991,4747666.3778000027],[-8852799.2849000003,4747566.4667999968],[-8852833.1363999993,4747455.4478999972],[-8852851.5120000001,4747376.3610000014],[-8852873.4656000007,4747340.244599998],[-8852882.6704999991,4747299.6291000023],[-8852888.1927000005,4747222.4792999998],[-8852898.5078999996,4747113.2254000008],[-8852911.2714000009,4746984.7034000009],[-8852918.8947999999,4746909.7356000021],[-8852954.7747000009,4746805.192900002],[-8853105.7250999995,4746583.9930000007],[-8853180.8934000004,4746482.8055000007],[-8853303.8724000007,4746358.5800999999],[-8853474.2758000009,4746235.1256000027],[-8853593.6177999992,4746041.7754999995],[-8853627.0036999993,4745841.4430999979],[-8853627.1063999999,4745740.1991999969],[-8853661.6515999995,4745587.3592000008],[-8853915.5155999996,4745199.2001999989],[-8853997.1673000008,4744840.9447999969],[-8854067.7237,4744582.5319000036],[-8854180.3111000005,4744309.2634000033],[-8854203.6021999996,4744258.3553000018],[-8854275.9147999994,4744208.2400000021],[-8854338.6382999998,4744118.9936000034],[-8854363.2758000009,4743984.0028999969],[-8854354.9638,4743891.3919999972],[-8854373.2860000003,4743796.5965000018],[-8854412.0559,4743744.7875000015],[-8854573.9877000004,4743456.1230999976],[-8854682.6338999998,4743143.4192000031],[-8854699.5742000006,4742891.0415999964],[-8854866.4193999991,4742543.9161999971],[-8855025.7695000004,4742261.4562999979],[-8855204.8728,4741953.4087999985],[-8855240.2174999993,4741759.6519000009],[-8855231.409,4741302.8891000003],[-8855217.0824999996,4741048.3633000031],[-8855358.7752999999,4740796.4644000009],[-8855387.0051000006,4740664.1231999993],[-8855391.8644999992,4740564.1290000007],[-8855401.2947000004,4740345.317400001],[-8855397.9348000009,4740309.7919000015],[-8855391.0266999993,4740250.5622999966],[-8855391.1522000004,4740242.6819999963],[-8855391.7794000003,4740203.2771999985],[-8855400.2552000005,4740164.0023000017],[-8855404.8066000007,4740124.6607000008],[-8855408.7936000004,4740120.7849000022],[-8855413.2820999995,4740085.3862999976],[-8855421.5068999995,4740061.8699000031],[-8855429.9197000004,4740026.5342999995],[-8855438.2697000001,4739995.139200002],[-8855442.3819999993,4739983.3818000033],[-8855547.8846000005,4739624.0776000023],[-8855564.4196000006,4739372.5926000029],[-8855584.7539000008,4738882.0236999989],[-8855590.1589000002,4738764.7735999972],[-8855615.5519999992,4738604.5996000022],[-8855632.3433999997,4738437.998999998],[-8855684.4852000009,4738271.9672000036],[-8855722.7105999999,4738091.5138999969],[-8855767.9481000006,4737914.7260000035],[-8855789.8056000005,4737428.7089999989],[-8855692.8763999995,4737075.7100000009],[-8855557.1677000001,4736938.6406999975],[-8855230.0873000007,4736830.4492999986],[-8854890.7115000002,4736828.5449000001],[-8854621.5168999992,4736859.7088000029],[-8854552.6342999991,4736877.5395999998],[-8854497.7222000007,4736877.8524999991],[-8854239.9596999995,4736932.8000999987],[-8853760.3255000003,4737139.9814999998],[-8853297.0703999996,4737325.9155000001],[-8852894.5143999998,4737589.0839999989],[-8852633.6424000002,4737740.5146000013],[-8852184.3222000003,4738045.5006000027],[-8851809.5427000001,4738137.5238000005],[-8851196.7427999992,4738109.6092000008],[-8850538.9356999993,4738116.6090999991],[-8850316.6561999992,4738121.8574000001],[-8850040.0380000006,4738188.6674000025],[-8849753.3554999996,4738326.6947000027],[-8849403.1412000004,4738543.9759000018],[-8849292.5921999998,4738615.3456000015],[-8849240.4412999991,4738643.4196999967],[-8849106.3541999999,4738716.447800003],[-8849062.6883000005,4738740.2291999981],[-8848848.8449000008,4738834.1665999964],[-8848682.5616999995,4738919.8246999979],[-8848497.0088,4738941.6658999994],[-8848370.3463000003,4738953.1516999975],[-8848273.8789000008,4738960.7488999963],[-8847956.4956999999,4739061.7861000001],[-8847753.9943000004,4739212.3628000021],[-8847582.3587999996,4739343.6215000004],[-8847275.4519999996,4739379.3524999991],[-8847105.1353999991,4739528.6225999966],[-8846954.9399999995,4739634.9765999988],[-8846842.8391999993,4739675.4144999981],[-8846727.9298,4739703.7091000006],[-8846492.3923000004,4739742.0556999967],[-8846277.3861999996,4739751.4285999984],[-8846132.8913000003,4739748.9782000035],[-8845971.0743000004,4739821.4804999977],[-8845841.0938000008,4739910.6467000023],[-8845764.3568999991,4740016.8423999995],[-8845760.8364000004,4740078.8849000037],[-8845719.0043000001,4740166.5734999999],[-8845673.1967999991,4740343.1745999977],[-8845665.9404000007,4740455.9312999994],[-8845657.6862000003,4740627.8008999974],[-8845579.9436000008,4740793.1152999997],[-8845423.3673999999,4740871.0806000009],[-8845262.1640000008,4740905.9610000029],[-8844890.9458000008,4741012.5091999993],[-8844766.9310999997,4741064.1445000023],[-8844766.3785999995,4741064.1350999996],[-8844747.0870999992,4741086.1758000031],[-8844709.2627000008,4741095.4135000035],[-8844524.4199000001,4741213.3347000033],[-8844448.6684000008,4741321.4059000015],[-8844369.2916999999,4741413.7910000011],[-8844346.9776000008,4741421.7590000033],[-8844333.9996000007,4741439.565700002],[-8844117.2499000002,4741642.360299997],[-8843772.5474999994,4741976.8100000024],[-8843479.0266999993,4742212.7013000026],[-8843367.1550999992,4742294.9135000035],[-8843178.2035000008,4742429.3396999985],[-8843003.7585000005,4742606.0869000033],[-8842870.4760999996,4742825.6187999994],[-8842792.0796000008,4742954.3068000004],[-8842563.1186999995,4743198.9602999985],[-8842230.3845000006,4743366.0414000005],[-8841952.9429000001,4743477.1471000016],[-8841447.6118000001,4743716.0119000003],[-8841303.6708000004,4743845.239699997],[-8841183.4955000002,4744117.1643999964],[-8841001.9943000004,4744293.1651000008],[-8840900.4272000007,4744399.4209000021],[-8840772.8055000007,4744494.680399999],[-8840486.2554000001,4744674.108099997],[-8840281.2652000003,4744991.987499997],[-8840047.6720000003,4745143.3545999974],[-8839928.7320000008,4745191.3299999982],[-8839641.0438000001,4745283.7646000013],[-8839300.1765000001,4745564.9883999974],[-8839075.8498,4745785.0222999975],[-8838938.8422999997,4745964.435999997],[-8838902.4649,4746092.9249000028],[-8838856.1460999995,4746189.6142999977],[-8838833.3496000003,4746291.9919999987],[-8838824.2279000003,4746362.9873000011],[-8838804.4252000004,4746444.3357999995],[-8838792.8642999995,4746504.7470000014],[-8838746.9129000008,4746580.3623000011],[-8838724.9942000005,4746632.6841999963],[-8838684.7221000008,4746733.8202999979],[-8838676.6623,4746745.5085000023],[-8838668.5292000007,4746761.139200002],[-8838624.0197000001,4746835.2792999968],[-8838575.5841000006,4746909.3540000021],[-8838531.0717999991,4746983.4971000031],[-8838482.7016000003,4747053.6284999996],[-8838430.4053000007,4747123.6903999969],[-8838378.1751000006,4747189.8084999993],[-8838326.0175999999,4747251.9830000028],[-8838273.7885999996,4747318.1053000018],[-8838221.6260000002,4747380.2797999978],[-8838169.4651999995,4747442.4584000036],[-8838113.4464999996,4747500.6230000034],[-8838057.4271000009,4747558.7853000015],[-8838025.5933999997,4747581.884300001],[-8837997.6182000004,4747608.994599998],[-8837952.3641999997,4747641.8282999992],[-8837871.9277999997,4747671.7910000011],[-8837799.3068000004,4747701.5208000019],[-8837689.8781000003,4747692.1105000004],[-8837593.6779999994,4747694.5036000013],[-8837532.1019000001,4747705.7303000018],[-8837460.0811999999,4747729.0954999998],[-8837349.9354999997,4747825.7312000021],[-8837310.9732000008,4747946.2351000011],[-8837269.4914999995,4748093.4007999972],[-8837234.9090999998,4748197.5515000001],[-8837213.4359000009,4748254.6881999969],[-8837165.4816999994,4748305.188699998],[-8837128.0454999991,4748339.4428000003],[-8837098.8268999998,4748371.7895999998],[-8837077.9438000005,4748383.2804000005],[-8837048.5954999998,4748404.5692000017],[-8837040.6724999994,4748408.3730999976],[-8837008.8350000009,4748431.4692000002],[-8836996.9135999996,4748439.1459999979],[-8836977.1389000006,4748446.679399997],[-8836945.3699999992,4748465.8338000029],[-8836913.6710999999,4748481.0411000028],[-8836878.0473999996,4748496.1819000021],[-8836846.4182999991,4748507.4469999969],[-8836814.7191000003,4748522.6581000015],[-8836779.0950000007,4748537.7971000001],[-8836751.1813999992,4748560.9658000022],[-8836719.4143000003,4748580.1172000021],[-8836687.5745000001,4748603.2113000005],[-8836683.5770999994,4748607.0854000002],[-8836659.6629000008,4748626.379900001],[-8836627.8928999994,4748645.5310000032],[-8836597.7291000001,4748668.6591000035],[-8836581.8122000005,4748680.2056000009],[-8836573.8159999996,4748687.9497999996],[-8836569.8172999993,4748691.8237999976],[-8836553.8977000006,4748703.371299997],[-8836537.9805999994,4748714.9189999998],[-8836529.9829999991,4748722.6658999994],[-8836513.9931000005,4748738.1567000002],[-8836489.8677999992,4748769.2780999988],[-8836469.6681999993,4748800.4725999981],[-8836453.3269999996,4748835.6806999967],[-8836445.1225000005,4748855.2546999976],[-8836440.9130000006,4748870.9584000036],[-8836424.5714999996,4748906.1667999998],[-8836412.1574000008,4748941.4433000013],[-8836395.8859000001,4748972.7085999995],[-8836375.6181000005,4749007.8444000036],[-8836355.4177000001,4749039.0393999964],[-8836351.4187000003,4749042.9133000001],[-8836327.3637000006,4749070.0932999998],[-8836299.3784999996,4749097.2026000023],[-8836275.4637000002,4749116.4971000031],[-8836267.5373,4749120.297799997],[-8836235.6972000003,4749143.3958000019],[-8836203.8544999994,4749166.4897999987],[-8836199.8553999998,4749170.3638999984],[-8836168.0841000006,4749189.5143000036],[-8836148.0964000002,4749208.8794],[-8836144.0973000005,4749212.7519999966],[-8836140.1685000006,4749212.681400001],[-8836128.1764000002,4749224.2996999994],[-8836124.2476000004,4749224.2290000021],[-8836112.3245000001,4749231.9025999978],[-8836100.3322999999,4749243.5208000019],[-8836088.3387000002,4749255.1389999986],[-8836076.4155000001,4749262.8150999993],[-8836064.4219000004,4749274.4333000034],[-8836052.4256999996,4749286.049999997],[-8836048.5008000005,4749285.9792999998],[-8836040.5023999996,4749293.7274999991],[-8836028.5099999998,4749305.3457000032],[-8836016.5164000001,4749316.9623999968],[-8836000.6655999999,4749324.565200001],[-8835988.6718000006,4749336.1860999987],[-8835976.7484000009,4749343.8594999984],[-8835972.7491999995,4749347.7334000021],[-8835924.9133000001,4749386.3189999983],[-8835873.2226999998,4749420.8893000036],[-8835821.5303000007,4749455.4631000012],[-8835769.8350000009,4749490.0329999998],[-8835718.2125000004,4749520.6617999971],[-8835666.5204000007,4749555.2338000014],[-8835618.7517000008,4749589.8752999976],[-8835566.9177999999,4749632.3328000009],[-8835522.9361000005,4749674.9333999977],[-8835510.9414000008,4749686.5512999967],[-8835498.8735000007,4749702.1125999987],[-8835490.8076000009,4749713.8016000018],[-8835482.6711999997,4749729.4340000004],[-8835470.6738000009,4749741.0518999994],[-8835462.5372000001,4749756.6845000014],[-8835462.3959999997,4749764.5702999979],[-8835450.1185999997,4749791.9663000032],[-8835441.8381999992,4749815.4848000035],[-8835433.5603,4749839.0044],[-8835429.3487,4749854.7079999968],[-8835425.2797999997,4749862.5230000019],[-8835420.8587999996,4749890.061300002],[-8835412.0837999992,4749941.1850999966],[-8835399.3114,4749996.184799999],[-8835386.6096999999,4750047.2382000014],[-8835382.4699000008,4750058.998300001],[-8835361.5603,4750129.6313999966],[-8835328.7228999995,4750207.9408000037],[-8835328.5815999992,4750215.8269999996],[-8835284.0307,4750289.9799999967],[-8835239.5512000006,4750360.1872000024],[-8835183.4275000002,4750422.2938999981],[-8835119.5179999992,4750480.3159999996],[-8835044.1096999999,4750522.3479999974],[-8834957.0545000006,4750556.2809000015],[-8834866.3556999993,4750574.3628000021],[-8834854.5009000003,4750578.0934000015],[-8834744.2326999996,4750591.8769000024],[-8834708.8112000003,4750595.1801000014],[-8834693.0993000008,4750594.8951999992],[-8834677.3860999998,4750594.610299997],[-8834653.7447999995,4750598.1252999976],[-8834641.9620999992,4750597.9116000012],[-8834630.1072000004,4750601.641900003],[-8834618.3233000003,4750601.4280999973],[-8834606.5393000003,4750601.2144000009],[-8834586.8981999997,4750600.8580000028],[-8834575.0431999993,4750604.5894000009],[-8834567.1885000002,4750604.4469000027],[-8834546.6027000006,4750604.0733999982],[-8834474.5429999996,4750590.6664000005],[-8834255.5506999996,4750553.8122999966],[-8834192.0658999998,4750518.4121000022],[-8834040.8494000006,4750506.072800003],[-8833948.057,4750507.123499997],[-8833762.8704000004,4750562.6534999982],[-8833617.9295000006,4750655.9003999978],[-8833505.8435999993,4750818.239699997],[-8833361.3032000009,4751071.9720999971],[-8833300.2833999991,4751147.2267000005],[-8833144.3344999999,4751301.563000001],[-8833127.8691000007,4751319.9508000016],[-8833119.9409999996,4751323.7524999976],[-8833052.0156999994,4751385.6357999966],[-8832976.3033000007,4751443.4333999977],[-8832932.5895000007,4751470.2529999986],[-8832892.8050999995,4751497.1428999975],[-8832801.4494000003,4751550.7065000013],[-8832773.5913999993,4751569.924999997],[-8832710.0940000005,4751604.2697999999],[-8832618.8068000004,4751653.8906999975],[-8832614.8055000007,4751657.7613999993],[-8832523.4495000001,4751711.3234999999],[-8832463.8761,4751745.742899999],[-8832432.0886000004,4751764.8888000026],[-8832344.6565000005,4751818.5217000023],[-8832304.8692000005,4751845.4100999981],[-8832257.2260999996,4751872.1541000009],[-8832173.6487000007,4751929.8039999977],[-8832133.8578999992,4751956.693400003],[-8832094.0694999993,4751983.5812000036],[-8832010.4915999994,4752041.2264999971],[-8831958.773,4752075.7885999978],[-8831926.9835000001,4752094.9306000024],[-8831843.4036999997,4752152.5790000036],[-8831795.7554000001,4752179.3215000033],[-8831752.0353999995,4752206.1362999976],[-8831684.6008000001,4752240.4078999981],[-8831656.7401000001,4752259.6203999966],[-8831644.8823000006,4752263.3488999978],[-8831628.9515000004,4752274.8925999999],[-8831545.7281999998,4752312.8180000037],[-8831514.0094000008,4752328.0134000033],[-8831474.4345999993,4752343.0678000003],[-8831427.0011999998,4752357.9754000008],[-8831387.4261000007,4752373.0280999988],[-8831355.8515000008,4752380.3366999999],[-8831288.7036000006,4752398.826700002],[-8831272.9167999998,4752402.4809999987],[-8831265.0609000009,4752402.3357999995],[-8831193.9828999992,4752420.7501000017],[-8831154.5493000001,4752427.9140999988],[-8831107.1899999995,4752438.8759000003],[-8831016.6118000001,4752449.0379000008],[-8830922.2522,4752451.238499999],[-8830906.5363999996,4752450.9475999996],[-8830820.1777999997,4752445.4012999982],[-8830769.2506000008,4752436.5675000027],[-8830710.5374999996,4752423.641900003],[-8830675.1662000008,4752415.3416000009],[-8830632.2855999991,4752408.8246000037],[-8830451.8081,4752428.0833000019],[-8830230.5203000009,4752440.4148999974],[-8829945.1186999995,4752488.5414000005],[-8829702.7980000004,4752531.2973999977],[-8829490.9021000005,4752589.001500003],[-8829252.5935999993,4752635.932099998],[-8829026.6745999996,4752676.9235000014],[-8828780.5209999997,4752705.1999000013],[-8828553.1640000008,4752713.2708000019],[-8828387.1545000002,4752724.5432000011],[-8828321.4408,4752729.2999000028],[-8828212.8781000003,4752747.9578000009],[-8828075.2226999998,4752753.2644999996],[-8828067.2930999994,4752757.0600000024],[-8828063.3630999997,4752756.9861000031],[-8828039.7921999991,4752756.5429999977],[-8828020.1475000009,4752756.1736000031],[-8827996.5753000006,4752755.7304000035],[-8827973.0044,4752755.2871000022],[-8827953.4319000002,4752750.9743999988],[-8827929.8609999996,4752750.5310000032],[-8827906.2902000006,4752750.0876000002],[-8827886.7178000007,4752745.7732999995],[-8827863.1469000001,4752745.3297000006],[-8827843.5757999998,4752741.0143000036],[-8827820.0036999993,4752740.570600003],[-8827796.5039000008,4752736.184799999],[-8827776.9354999997,4752731.8693000004],[-8827757.2907999996,4752731.4993999973],[-8827714.1477000006,4752726.739699997],[-8827659.2199000008,4752721.7590000033],[-8827541.4333999995,4752715.5948999971],[-8827517.8587999996,4752715.1504999995],[-8827458.9274000004,4752714.0393000022],[-8827388.2839000002,4752708.7607999966],[-8827321.6443000007,4752699.6089999974],[-8827255.0047999993,4752690.4606000036],[-8827243.2939999998,4752686.2921999991],[-8827192.4406000003,4752673.4953999966],[-8827125.9493000004,4752656.4545999989],[-8827063.3127999995,4752643.4346000031],[-8826996.7454000004,4752630.3385000005],[-8826930.1807000004,4752617.2422000021],[-8826863.5421999991,4752608.0887999982],[-8826796.9778000005,4752594.9914999977],[-8826730.4123999998,4752581.8938999996],[-8826667.8498,4752564.9258999974],[-8826659.9938999992,4752564.7770999968],[-8826628.7119999994,4752556.2942000031],[-8826593.5745000001,4752543.7907999977],[-8826574.0811000001,4752535.5285999998],[-8826531.2374000009,4752514.9887000024],[-8826492.2482999992,4752498.4648000002],[-8826457.2595000006,4752478.0710000023],[-8826422.2747000009,4752457.6772999987],[-8826391.216,4752437.3602000028],[-8826356.2289000005,4752416.9663000032],[-8826321.2445,4752396.5759999976],[-8826290.2605000008,4752372.3105999976],[-8826255.2763999999,4752351.9192000031],[-8826228.0725999996,4752335.6182999983],[-8826224.2927000001,4752327.6537000015],[-8826193.2347999997,4752307.3364999965],[-8826185.5276999995,4752299.2972000018],[-8826127.3421,4752258.7346000001],[-8826127.4164000005,4752254.7890999988],[-8826069.3800000008,4752206.3388999999],[-8826061.5987,4752202.2453999966],[-8826011.3441000003,4752157.8859999999],[-8826003.5628999993,4752153.7911000028],[-8825953.3858000003,4752105.490199998],[-8825918.6239,4752073.2638999969],[-8825907.0617999993,4752061.2070000023],[-8825856.8856000006,4752012.9033000022],[-8825818.2690999992,4751976.6579999998],[-8825810.5625999998,4751968.6187999994],[-8825760.3871999998,4751920.3178000003],[-8825717.8456999995,4751883.9963999987],[-8825710.1353999991,4751875.9584000036],[-8825659.8878000006,4751831.6001000032],[-8825625.0519999992,4751803.317900002],[-8825609.5624000002,4751791.1860999987],[-8825582.5101999994,4751766.9949000031],[-8825516.6239999998,4751718.3944000006],[-8825477.8632999994,4751690.0372999981],[-8825454.5933999997,4751673.8117000014],[-8825388.7059000004,4751625.2070000023],[-8825322.7469999995,4751580.5486999974],[-8825259.6279000007,4751533.9878999963],[-8825174.0239000004,4751440.9821999967],[-8825060.2474000007,4751288.8018999994],[-8825000.8947999999,4751180.8144000024],[-8824891.5269000009,4751012.2814000025],[-8824784.9096000008,4750806.8162999973],[-8824732.4401999991,4750659.923299998],[-8824673.1147000007,4750443.0402000025],[-8824607.2464000005,4750139.739699997],[-8824535.5782999992,4749711.0068000033],[-8824524.3541000001,4749503.8047999963],[-8824528.5694999993,4749433.5084000006],[-8824538.8782000002,4749213.8742000014],[-8824565.4715,4748998.6651000008],[-8824594.2259,4748777.3387999982],[-8824626.1344000008,4748605.3818000033],[-8824662.6385999992,4748406.8095000014],[-8824702.9203999992,4748224.7471999973],[-8824763.9641999993,4748026.6510000005],[-8824789.9080999997,4747953.1944999993],[-8824811.9559000004,4747869.3929999992],[-8824838.4828999992,4747765.1357000023],[-8824850.2652000003,4747683.1937000006],[-8824856.5734999999,4747566.2270999998],[-8824845.0204000007,4747420.1630000025],[-8824822.1915000007,4747329.3460000008],[-8824796.4406000003,4747176.8518000022],[-8824801.7936000004,4747002.3597000018],[-8824800.1338999998,4746766.1169999987],[-8824849.9638999999,4746403.5196999982],[-8824896.8412999995,4746226.2704999968],[-8824923.8023000006,4746159.9177000001],[-8824959.5242999997,4745923.1256000027],[-8824960.5756999999,4745631.9114999995],[-8824932.9971999992,4745438.7269999981],[-8824836.4255999997,4745118.7813000008],[-8824731.2052999996,4744815.9701000005],[-8824722.9199000001,4744800.0031000003],[-8824659.4385000002,4744552.3620999977],[-8824632.6154999994,4744438.9051999971],[-8824596.4958999995,4744366.3417999968],[-8824571.4591000006,4744338.483099997],[-8824523.9821000006,4744325.5962999985],[-8824500.1300000008,4744325.1401000023],[-8824452.1984999999,4744336.2018999979],[-8824335.3383000009,4744387.0139999986],[-8824274.6678999998,4744440.612499997],[-8824178.8162999991,4744551.7203999981],[-8824089.9079,4744656.1164000034],[-8824023.8954000007,4744721.5914999992],[-8823939.4543999992,4744795.1604999974],[-8823855.2533999998,4744858.065700002],[-8823646.8310000002,4745024.3087000027],[-8823424.2508000005,4745230.6000000015],[-8823202.9505000003,4745478.8478000015],[-8823160.8615000006,4745572.4519999996],[-8823097.9581000004,4745866.9831999987],[-8823066.9827999994,4746203.2150999978],[-8822959.7174999993,4746677.6555000022],[-8822771.8991999999,4747084.8317999989],[-8822567.8621999994,4747483.490699999],[-8822369.0683999993,4747807.1341999993],[-8822015.6410000008,4748232.5335000008],[-8821650.7197999991,4748589.2358999997],[-8821070.8947999999,4749035.9136999995],[-8820530.6154999994,4749419.1460999995],[-8819931.1338999998,4749775.5209000036],[-8819409.2376000006,4750086.3113999963],[-8818771.1549999993,4750450.4420000017]]},"properties":{"objectid":8618,"elev":3180,"st_length(shape)":77038.253741004824}},{"type":"Feature","id":8622,"geometry":{"type":"LineString","coordinates":[[-8818544.1030000001,4751057.878700003],[-8818861.1337000001,4750892.8972000033],[-8819078.0086000003,4750791.0050000027],[-8819635.6195,4750531.4240999967],[-8820008.4979999997,4750299.0209000036],[-8820635.5713999998,4749972.2692999989],[-8820922.1173999999,4749792.9470999986],[-8821101.5140000004,4749686.8664000034],[-8821384.8330000006,4749497.2000999972],[-8821613.2664999999,4749323.5838000029],[-8821917.6129000001,4749103.5009000003],[-8822112.6627999991,4748891.5676999986],[-8822377.5244999994,4748595.3881999999],[-8822528.0439999998,4748392.8671000004],[-8822672.5272000004,4748149.1457000002],[-8822819.5203000009,4747880.8259999976],[-8823032.8918999992,4747564.491899997],[-8823254.6918000001,4747234.6313999966],[-8823508.8309000004,4746924.5693000033],[-8823819.1171000004,4746673.0993999988],[-8823888.5846999995,4746605.9680000022],[-8823960.2568999995,4746566.2644999996],[-8824042.3137999997,4746554.1459000036],[-8824085.8344000001,4746560.4578000009],[-8824147.7120999992,4746605.4616999999],[-8824190.1400000006,4746669.2631999999],[-8824221.4539000001,4746743.8062999994],[-8824276.0069999993,4746887.262000002],[-8824350.5548,4747126.9578000009],[-8824410.5131999999,4747273.2603999972],[-8824461.2011999991,4747476.9028000012],[-8824468.7814000007,4747652.3351000026],[-8824465.7661000006,4747811.1339000016],[-8824444.5460999999,4747923.0243000016],[-8824417.6636999995,4748045.7634000033],[-8824378.1859000009,4748113.4825000018],[-8824360.2172999997,4748186.4003999978],[-8824360.2764999997,4748194.6252000034],[-8824361.0379000008,4748244.2849000022],[-8824354.1824999992,4748425.6167000011],[-8824352.3883999996,4748699.4953000024],[-8824338.6686000004,4748793.3918000013],[-8824313.1796000004,4748878.5033999979],[-8824302.5880999994,4749076.8954000026],[-8824267.1438999996,4749237.1493000016],[-8824254.2156000007,4749379.0041999966],[-8824250.3430000003,4749582.6709999964],[-8824243.2562000006,4749776.0072999969],[-8824255.6038000006,4749933.7638999969],[-8824271.3936000001,4750089.8765999973],[-8824299.5073000006,4750225.6810000017],[-8824325.8846000005,4750363.1662999988],[-8824369.5051000006,4750490.7100000009],[-8824445.5637999997,4750706.2040999979],[-8824510.9923,4750853.0050000027],[-8824564.2138999999,4750924.2300999984],[-8824607.2722999994,4750991.8360999972],[-8824651.7435999997,4751074.8808000013],[-8824684.0866999999,4751167.9685000032],[-8824716.1380000003,4751276.4628999978],[-8824744.0980999991,4751420.8413000032],[-8824787.8581000008,4751541.5494000018],[-8824803.0195000004,4751574.6790999994],[-8824832.2035000008,4751631.4452999979],[-8824940.6245000008,4751760.2410999984],[-8825037.5997000001,4751863.131099999],[-8825120.1394999996,4751917.7950000018],[-8825201.3315999992,4751953.5949999988],[-8825292.5924999993,4751998.1491999999],[-8825370.2785999998,4752039.0190000013],[-8825432.7820999995,4752071.0361000001],[-8825491.8757000007,4752102.9880999997],[-8825569.0405999999,4752159.0953999981],[-8825596.2622999996,4752175.191200003],[-8825623.8005999997,4752192.1432000026],[-8825625.5353999995,4752193.9523999989],[-8825660.2953999992,4752226.1815000027],[-8825710.5488000009,4752270.5415000021],[-8825725.9622000009,4752286.619099997],[-8825756.7958000004,4752318.7695999965],[-8825772.2118999995,4752334.8473000005],[-8825799.2647999991,4752359.0381999984],[-8825822.3147999998,4752387.0984999985],[-8825857.0775000006,4752419.3237999976],[-8825880.2766999993,4752439.4954999983],[-8825918.8925999999,4752475.7409000024],[-8825942.0932999998,4752495.9126000032],[-8825973.0767999999,4752520.1767999977],[-8826023.5534000006,4752552.704400003],[-8826031.3348999992,4752556.7994000018],[-8826085.7404999994,4752589.4001000002],[-8826140.2246000003,4752618.0574999973],[-8826159.7178000007,4752626.3181999996],[-8826194.7795000002,4752642.7673999965],[-8826249.3358999994,4752667.4773999974],[-8826268.8278999999,4752675.7415999994],[-8826303.8169999998,4752696.1340000033],[-8826331.0947999991,4752708.491899997],[-8826362.2283999994,4752724.8637000024],[-8826389.5064000003,4752737.2216000035],[-8826420.6375999991,4752753.5932999998],[-8826447.9156999998,4752765.9509999976],[-8826475.1196999997,4752782.2480000034],[-8826506.3278999999,4752794.6801000014],[-8826537.5362,4752807.1094999984],[-8826560.8847000003,4752819.3898999989],[-8826576.4525000006,4752827.5755999982],[-8826584.3112000003,4752827.7245000005],[-8826646.7244000006,4752852.5852999985],[-8826650.6544000003,4752852.6596999988],[-8826709.2159000002,4752873.4959999993],[-8826771.7038000003,4752894.4103000015],[-8826838.1960000005,4752911.4540999979],[-8826900.6883000005,4752932.365199998],[-8826963.2522999998,4752949.3324000016],[-8827029.6739000008,4752970.3197000027],[-8827053.1711999997,4752974.7110999972],[-8827092.2369999997,4752987.2876999974],[-8827154.8041999992,4753004.2537999973],[-8827197.8004000001,4753016.9041000009],[-8827268.1491999999,4753037.9616999999],[-8827315.1457000002,4753046.7421000004],[-8827432.4955000002,4753076.5790000036],[-8827467.7809999995,4753081.1916999966],[-8827557.8499999996,4753098.6717000008],[-8827655.7770000007,4753116.3017000034],[-8827671.4199000001,4753120.5437999964],[-8827691.0626999997,4753120.9138000011],[-8827714.5633000005,4753125.3037],[-8827734.1325000003,4753129.6185000017],[-8827757.6344000008,4753134.0056999996],[-8827777.2773000002,4753134.3756000027],[-8827800.7793000005,4753138.7643000036],[-8827824.2774,4753143.1539999992],[-8827836.0638999995,4753143.3759000003],[-8827843.9202999994,4753143.5238000005],[-8827867.4222999997,4753147.9108000025],[-8827890.9941000007,4753148.3542999998],[-8827910.5659999996,4753152.6688999981],[-8827934.1391000003,4753153.1123000011],[-8827937.9943000004,4753157.1322999969],[-8828130.3636000007,4753168.6401999965],[-8828315.0961000007,4753168.1665000021],[-8828401.6793000009,4753161.8968999982],[-8828492.1886,4753155.7040000036],[-8828661.5723000001,4753135.2003000006],[-8828708.8663999997,4753128.1955000013],[-8828728.5826999992,4753124.6186000034],[-8828807.4554999992,4753110.3101999983],[-8828913.9004999995,4753092.5736000016],[-8828917.8307000007,4753092.6471000016],[-8829032.2075999994,4753071.1089999974],[-8829083.5020000003,4753060.2298000008],[-8829150.5846999995,4753045.6982999966],[-8829245.3922000006,4753019.8471999988],[-8829273.0401000008,4753012.4728000015],[-8829391.4890999999,4752983.1146000028],[-8829395.4178999998,4752983.188000001],[-8829407.2774,4752979.4633999988],[-8829434.9251000006,4752972.0886000022],[-8829474.4320999999,4752960.9875999987],[-8829510.0859999992,4752945.8671000004],[-8829549.5916000009,4752934.7673000023],[-8829585.2452000007,4752919.6466000006],[-8829624.8248999994,4752904.6005000025],[-8829660.5472999997,4752885.5349999964],[-8829696.2734999992,4752866.4720000029],[-8829723.9935999997,4752855.1504999995],[-8829731.9228000008,4752851.3520999998],[-8829759.6427999996,4752840.0305999964],[-8829787.4356999993,4752824.7629999965],[-8829807.1535999998,4752821.1841999963],[-8829815.0826999992,4752817.3847000003],[-8829838.8036000002,4752809.9356999993],[-8829858.5188999996,4752806.3554999977],[-8829886.1657999996,4752798.9795000032],[-8829976.8208000008,4752784.8827000037],[-8830071.1834999993,4752782.6909999996],[-8830165.5460999999,4752780.5019999966],[-8830173.4061999992,4752780.6481000036],[-8830263.7660000008,4752782.3272999972],[-8830365.7708000001,4752792.1127000004],[-8830369.7007999998,4752792.1855999976],[-8830471.5592999998,4752809.8606000021],[-8830526.3454,4752822.7151999995],[-8830581.2030999996,4752831.6235999987],[-8830679.0610000007,4752853.1695000008],[-8830690.8473000005,4752853.3879999965],[-8830796.6345000006,4752871.1336999983],[-8830839.7062999997,4752879.822300002],[-8830898.5670999996,4752884.8584999964],[-8830996.7884,4752886.6767000034],[-8831051.7928999998,4752887.6944999993],[-8831079.3669000007,4752884.2584000006],[-8831087.2258000001,4752884.4038000032],[-8831158.0901999995,4752877.8236000016],[-8831225.0967999995,4752867.2243999988],[-8831292.1755999997,4752852.6785999984],[-8831355.4002999999,4752834.115199998],[-8831422.5508999992,4752815.626500003],[-8831446.2667999994,4752808.1710999981],[-8831470.0587000009,4752796.7722999975],[-8831505.6329999994,4752785.5920000002],[-8831549.2118999995,4752766.6638000011],[-8831561.1425000001,4752758.9931999967],[-8831620.5803999994,4752732.4677999988],[-8831624.5091999993,4752732.5402000025],[-8831684.0164000001,4752702.0684999973],[-8831699.8756000008,4752694.4702999964],[-8831743.5258000009,4752671.5979000032],[-8831767.3892000001,4752656.2524000034],[-8831807.0369000006,4752637.2546000034],[-8831874.4737999998,4752602.9822999984],[-8831874.5458000004,4752599.0389000028],[-8831941.9822000004,4752564.7663000003],[-8831977.7018999998,4752545.695600003],[-8832013.4200999998,4752526.6221999973],[-8832077.0001999997,4752488.3332000002],[-8832080.9276000001,4752488.4055000022],[-8832148.5090999994,4752446.2426000014],[-8832176.3694000002,4752427.0243000016],[-8832220.0892999992,4752400.2070999965],[-8832271.8073999994,4752365.6463000029],[-8832291.6688000001,4752354.1739000008],[-8832363.2464000005,4752308.1376999989],[-8832367.2456,4752304.2639999986],[-8832434.8221000005,4752262.1013000011],[-8832458.7554000001,4752242.813000001],[-8832502.4725000001,4752215.9949999973],[-8832558.0468000006,4752185.4474000037],[-8832573.9777000006,4752173.9024000019],[-8832641.4806999993,4752135.6831],[-8832657.4101999998,4752124.1353999972],[-8832708.9833000004,4752097.4609000012],[-8832764.4846000001,4752070.858099997],[-8832780.3433999997,4752063.2585999966],[-8832847.8449000008,4752025.0381999984],[-8832867.7038000003,4752013.5622999966],[-8832915.2769000009,4751990.7595999986],[-8832970.9217000008,4751956.2683999985],[-8832982.7774999999,4751952.5385999978],[-8833006.6348000001,4751937.1925000027],[-8833042.4219000004,4751914.1748000011],[-8833062.2061999999,4751906.6428000033],[-8833097.9943000004,4751883.6251000017],[-8833101.9918000009,4751879.751199998],[-8833141.7082000002,4751856.8051000014],[-8833185.4232000001,4751829.9836999997],[-8833225.1366000008,4751807.0373999998],[-8833280.8496000003,4751768.5969000012],[-8833340.4203999992,4751734.1750999987],[-8833356.4211999997,4751718.6850999966],[-8833376.2750000004,4751707.2110000029],[-8833396.1325000003,4751695.7380999997],[-8833415.9875000007,4751684.2639999986],[-8833435.9165000003,4751668.8444000036],[-8833455.7752,4751657.3715000004],[-8833471.7005000003,4751645.8231000006],[-8833491.6293000001,4751630.4032000005],[-8833511.4866000004,4751618.9290999994],[-8833531.3412999995,4751607.4562000036],[-8833535.4123999998,4751599.6406999975],[-8833547.3402999993,4751591.9645000026],[-8833567.2688999996,4751576.5460999981],[-8833583.1976999994,4751565],[-8833599.1939000003,4751549.5099000037],[-8833615.1928000003,4751534.0182000026],[-8833615.2641000003,4751530.076700002],[-8833621.8069000002,4751523.4663999975],[-8833722.7019999996,4751444.8246000037],[-8833843.7530000005,4751352.8461000025],[-8834034.7670000009,4751258.7157000005],[-8834272.0888999999,4751150.0125999972],[-8834397.0348000005,4751030.7026000023],[-8834519.2248999998,4750969.5631000027],[-8834577.4078000002,4750958.6323999986],[-8834644.7418000009,4750947.816200003],[-8834651.4299999997,4750945.2700000033],[-8834678.9978,4750941.8233999982],[-8834722.4210999999,4750930.7749999985],[-8834738.2045000009,4750927.1145000011],[-8834833.0461999997,4750897.2710999995],[-8834892.3233000003,4750878.6198000014],[-8834920.0338000003,4750867.2833999991],[-8835007.0903999992,4750833.3523000032],[-8835086.4306000005,4750791.3903999999],[-8835161.9142000005,4750745.4117999971],[-8835229.6104000006,4750695.3482000008],[-8835293.4513000008,4750641.2692999989],[-8835353.5035999995,4750579.2290999964],[-8835405.7673000004,4750513.1057000011],[-8835450.2476000004,4750442.8954999968],[-8835454.3886999991,4750431.1349999979],[-8835487.0101999994,4750364.6573999971],[-8835519.9880999997,4750278.4601999968],[-8835524.0584999993,4750270.6449000016],[-8835545.1790999994,4750188.1805000007],[-8835557.9535000008,4750133.1771000028],[-8835566.5136999991,4750093.8818000033],[-8835591.4907000009,4750015.4333000034],[-8835591.6318999995,4750007.5447999984],[-8835595.7727000006,4749995.7846999988],[-8835620.1141999997,4749952.8281999975],[-8835644.4593000002,4749909.873499997],[-8835648.4562999997,4749906.0031000003],[-8835656.5247000009,4749894.3140999973],[-8835676.6583999991,4749867.0591000021],[-8835680.7246000003,4749859.243900001],[-8835712.7822999991,4749824.3193000033],[-8835748.6943999995,4749793.4064999968],[-8835748.7649000008,4749789.4615999982],[-8835800.4617999997,4749754.8910000026],[-8835852.1557999998,4749720.3175999969],[-8835899.9230000004,4749685.6758000031],[-8835951.6162999999,4749651.1008000001],[-8836003.3117999993,4749616.5296000019],[-8836055.0044999998,4749581.9541999996],[-8836102.8408000004,4749543.3672000021],[-8836154.6030000001,4749504.8505999967],[-8836202.5088999998,4749462.3197999969],[-8836218.4978999998,4749446.827200003],[-8836250.4118000008,4749419.7877999991],[-8836298.3169,4749377.2569999993],[-8836322.1632000003,4749361.9052999988],[-8836326.2313000001,4749354.0903000012],[-8836338.2247000001,4749342.4717999995],[-8836350.1478000004,4749334.7951999977],[-8836362.1399000008,4749323.1766000018],[-8836377.9916999992,4749315.5732000023],[-8836393.9125999995,4749304.0226000026],[-8836409.7642999999,4749296.4192000031],[-8836425.6851000004,4749284.871100001],[-8836437.5377999991,4749281.1393999979],[-8836445.4617999997,4749277.3356999978],[-8836453.3881999999,4749273.5359999985],[-8836461.2419000007,4749273.6770000011],[-8836473.1675000004,4749265.998999998],[-8836489.0165999997,4749258.3954999968],[-8836500.9420999996,4749250.7190999985],[-8836508.9362000003,4749242.9746000022],[-8836512.9339000005,4749239.1004000008],[-8836524.8566999994,4749231.4263999984],[-8836528.8556999993,4749227.5521000028],[-8836532.9210000001,4749219.7370000035],[-8836540.9176000003,4749211.9900999963],[-8836548.9129000008,4749204.2456],[-8836548.9831000008,4749200.3008999974],[-8836556.9798000008,4749192.5539000034],[-8836565.0438999999,4749180.864699997],[-8836569.1129999999,4749173.0496999994],[-8836573.1107000001,4749169.175499998],[-8836577.2474000007,4749157.4170999974],[-8836581.3852999993,4749145.6576000005],[-8836589.4495000001,4749133.9685000032],[-8836593.5887000002,4749122.2088999972],[-8836597.6578000002,4749114.3914000019],[-8836597.7280000001,4749110.446800001],[-8836606.0726999994,4749082.9843000025],[-8836610.2118999995,4749071.2247999981],[-8836618.3461000007,4749055.5922999978],[-8836626.6231999993,4749032.0747999996],[-8836630.6219999995,4749028.2004999965],[-8836638.8263000008,4749008.6261000037],[-8836650.9579000007,4748989.1196999997],[-8836658.9556000009,4748981.3752999976],[-8836666.9494000003,4748973.6270999983],[-8836679.0120999999,4748958.0650999993],[-8836695.0722000003,4748938.6317000017],[-8836703.0684999991,4748930.884800002],[-8836723.0546000004,4748911.5216000006],[-8836751.0369000006,4748884.4117000028],[-8836775.0241999999,4748861.1719999984],[-8837019.9212999996,4748704.550999999],[-8837177.8257999998,4748562.128200002],[-8837330.8463000003,4748392.7203999981],[-8837421.1018000003,4748225.1895999983],[-8837443.3106999993,4748157.0521000028],[-8837470.4883999992,4748104.8193000033],[-8837513.2722999994,4748060.7726000026],[-8837550.3406000007,4748042.9827999994],[-8837604.9269999992,4748042.5776000023],[-8837803.7585000005,4748008.4672999978],[-8838003.6328999996,4747915.2008000016],[-8838204.4518999998,4747768.1569999978],[-8838401.6141999997,4747524.2245000005],[-8838603.7665999997,4747235.5055000037],[-8838626.1425000001,4747211.063000001],[-8838660.9991999995,4747167.8602000028],[-8838718.1761000007,4747096.2959999964],[-8838762.7203000002,4747045.0486999974],[-8838822.6225000005,4746973.5331000015],[-8838868.5532000009,4746920.9411000013],[-8838921.4685999993,4746858.887500003],[-8838952.3768000007,4746807.3990999982],[-8838979.2425999995,4746753.1008000001],[-8838991.0867999997,4746699.9061999992],[-8838998.8646000009,4746645.2707000002],[-8838995.9758000001,4746576.7534999996],[-8839003.9697999991,4746509.7986999974],[-8839018.7083999999,4746447.0714000016],[-8839038.9242000002,4746383.0722000003],[-8839090.6404999997,4746311.4145999998],[-8839173.9045000002,4746229.360799998],[-8839269.3410999998,4746152.998999998],[-8839441.1955999993,4745995.8311000019],[-8839588.1708000004,4745857.3928999975],[-8839633.0802999996,4745811.7600999996],[-8839843.4879999999,4745564.0275999978],[-8840146.9652999993,4745319.0207000002],[-8840336.0127000008,4745314.4359000027],[-8840519.5471000001,4745265.0357000008],[-8840618.4485999998,4745221.8891000003],[-8840690.7084999997,4745141.4658000022],[-8840740.4982999992,4744994.7713999972],[-8840787.6173,4744850.6670000032],[-8841017.5450999998,4744606.9975000024],[-8841150.8238999993,4744488.1177999973],[-8841370.5388999991,4744378.6512999982],[-8841520.0070999991,4744233.7027999982],[-8841661.4640999995,4744096.5190000013],[-8841923.3217999991,4743977.2393999994],[-8841993.1206999999,4743886.2340999991],[-8842182.1955999993,4743726.1626999974],[-8842578.5546000004,4743414.2356999964],[-8842924.5065000001,4743075.3787999973],[-8843187.9112999998,4742703.5727000013],[-8843362.0631000008,4742539.9096999988],[-8843632.1958000008,4742399.4046000019],[-8843838.2693000007,4742247.0402999967],[-8844185.7988000009,4741962.7005999982],[-8844355.0260000005,4741772.0675999969],[-8844502.2887999993,4741613.3143000007],[-8844756.8709999993,4741440.2704000026],[-8845042.7399000004,4741316.1383000016],[-8845407.9795999993,4741247.1094999984],[-8845640.2210000008,4741127.4244000018],[-8846024.2229999993,4740897.4271000028],[-8846403.7584000006,4740613.5908000022],[-8846653.1121999994,4740429.675999999],[-8846757.0536000002,4740297.0530999973],[-8846898.9956,4740132.8219999969],[-8847029.2401999999,4740027.5195000023],[-8847200.7684000004,4740014.2877999991],[-8847565.2309000008,4739988.1757000014],[-8847904.4540999997,4739870.2519000024],[-8848152.7800999992,4739745.4196000025],[-8848579.2194999997,4739532.190700002],[-8848827.3331000004,4739387.7188000008],[-8849187.5883000009,4739167.8712000027],[-8849343.7104000002,4739016.2305999994],[-8849599.9143000003,4738783.6269000024],[-8849702.6045999993,4738707.0806000009],[-8849752.1370999999,4738653.9936000034],[-8849841.2227999996,4738580.6072999984],[-8849931.2226,4738542.0209000036],[-8849953.7487000003,4738535.6409000009],[-8849976.2009999994,4738533.7617999986],[-8850018.9747000001,4738523.2150000036],[-8850050.4298999999,4738519.2338000014],[-8850085.2554000001,4738521.2109000012],[-8850278.7128999997,4738505.6418000013],[-8850457.6743000001,4738478.5006000027],[-8850617.4053000007,4738460.6164999977],[-8850794.8015000001,4738445.7577000037],[-8851023.9885000009,4738430.3809999973],[-8851302.0409999993,4738426.748999998],[-8851526.7611999996,4738434.5474999994],[-8851676.4191999994,4738449.3188000023],[-8851889.6190000009,4738495.2311000004],[-8851979.2306999993,4738497.6371999979],[-8852474.0121999998,4738461.2946999967],[-8853201.7234000005,4738314.8302000016],[-8853769.4860999994,4738308.2135000005],[-8854216.7346000001,4738442.1088000014],[-8854479.5362999998,4738770.9217000008],[-8854627.5675000008,4739374.9781000018],[-8854631.8200000003,4739791.2899999991],[-8854600.2863999996,4739878.674999997],[-8854606.8563999999,4740121.6428999975],[-8854613.0025999993,4740293.7387999967],[-8854624.3116999995,4740421.2454999983],[-8854639.6766999997,4740573.3909000009],[-8854668.6478000004,4740650.7757999972],[-8854681.4812000003,4740713.4985999987],[-8854684.0936999992,4740838.5737999976],[-8854687.1503999997,4740935.8721999973],[-8854690.2192000002,4741017.0276999995],[-8854697.2020999994,4741031.6322999969],[-8854739.0515000001,4741115.0794999972],[-8854750.4474999998,4741138.9139000028],[-8854784.1322000008,4741241.938000001],[-8854802.3717999998,4741328.9491999969],[-8854806.0434000008,4741344.7761000022],[-8854824.0943999998,4741443.6101000011],[-8854831.0625999998,4741498.9063000008],[-8854834.3578999992,4741538.376699999],[-8854834.0430999994,4741558.0803000033],[-8854837.3384000007,4741597.5521000028],[-8854840.5706999991,4741640.9649000019],[-8854835.8903999999,4741688.1908999979],[-8854831.1470999997,4741739.3592000008],[-8854830.8953000009,4741755.1209999993],[-8854822.3529000003,4741798.3435999975],[-8854809.5077,4741865.1504999995],[-8854792.6115000006,4741939.7740999982],[-8854771.9145999998,4742006.4540999979],[-8854767.7377000004,4742022.1532000005],[-8854726.6607000008,4742135.8100999966],[-8854694.0616999995,4742210.1824000031],[-8854669.5658999998,4742268.9187999964],[-8854612.4708999991,4742402.0285999998],[-8854608.3565999996,4742413.7884000018],[-8854571.2631000001,4742523.5711999983],[-8854538.4107000008,4742613.7114000022],[-8854534.3593000006,4742621.5305000022],[-8854517.4595999997,4742696.1589000002],[-8854500.6228,4742766.8479000032],[-8854483.7857000008,4742837.5372999981],[-8854479.4186000004,4742865.0623999983],[-8854470.9999000002,4742900.4068000019],[-8854462.2011999991,4742959.4001000002],[-8854457.8340000007,4742986.9255999997],[-8854453.2774,4743026.2749999985],[-8854418.9503000006,4743283.2894999981],[-8854279.6549999993,4743538.9541999996],[-8854160.1999999993,4743748.6736999974],[-8854037.4394000005,4743973.6799999997],[-8854001.6493999995,4744014.5117999986],[-8853937.1385999992,4744036.4733999968],[-8853931.8425999992,4744080.8668000028],[-8853968.2238999996,4744098.3276000023],[-8854122.6173,4744091.624499999],[-8854148.0380000006,4744125.7788000032],[-8854147.2751000002,4744173.313699998],[-8854096.4836999997,4744197.0323000029],[-8853973.5687000006,4744241.0559],[-8853934.9695999995,4744266.5051999986],[-8853922.3082999997,4744293.9083999991],[-8853929.1805000007,4744341.5678000003],[-8853959.9955000002,4744420.2915000021],[-8853944.7467,4744608.7060000002],[-8853936.0506999996,4744674.5208000019],[-8853807.1375999991,4744996.0804999992],[-8853749.5790999997,4745046.4856000021],[-8853581.4552999996,4745177.1116999984],[-8853532.1987999994,4745376.7978999987],[-8853537.6249000002,4745464.4248000011],[-8853557.0833000001,4745529.9659999982],[-8853539.1906000003,4745579.4530000016],[-8853523.2363000009,4745833.6216999963],[-8853505.9896000009,4745860.9541999996],[-8853448.5919000003,4745915.5794999972],[-8853354.5369000006,4746011.6930999979],[-8853244.1883000005,4746088.4891000018],[-8853154.8337999992,4746187.0605999976],[-8853072.2840999998,4746304.7959999964],[-8853008.6265999991,4746427.6032000035],[-8852978.8956000004,4746504.1374000013],[-8852977.4378999993,4746511.6287999973],[-8852818.3084999993,4746890.9309],[-8852707.7603999991,4747251.7176000029],[-8852602.0551999994,4747497.110799998],[-8852589.4890999999,4747650.9570000023],[-8852533.9400999993,4747870.6268000007],[-8852357.8906999994,4748074.8584000021],[-8852253.6207999997,4748196.0731000006],[-8852121.0439999998,4748407.7547999993],[-8852085.6489000004,4748521.6806000024],[-8852018.2587000001,4748643.502700001],[-8851925.1677000001,4748798.5834000036],[-8851890.5913999993,4748862.0068999976],[-8851848.8964000009,4748950.5737000033],[-8851814.0448000003,4749030.8334000036],[-8851785.5978999995,4749129.7232000008],[-8851762.4004999995,4749215.2276000008],[-8851716.5806000009,4749350.8827000037],[-8851602.9730999991,4749631.9409999996],[-8851544.1185999997,4749743.8087000027],[-8851486.4705999997,4749837.5295000002],[-8851396.6695000008,4750090.9516000003],[-8851330.5288999993,4750230.6074000001],[-8851217.0330999997,4750408.5808999985],[-8851022.4529999997,4750686.8721000031],[-8850872.7971999999,4750884.5839999989],[-8850682.0057999995,4751120.7164999992],[-8850556.1581999995,4751290.6736000031],[-8850385.0932999998,4751463.0104999989],[-8850300.8330000006,4751566.4047000036],[-8850248.2323000003,4751639.0432000011],[-8850172.6698000003,4751781.6841000021],[-8850124.2499000002,4751884.1106999964],[-8850108.7397000007,4751918.9525000006],[-8850063.0987999998,4751994.7669999972],[-8849996.4673999995,4752104.9780000001],[-8849954.1169000007,4752190.7604999989],[-8849914.5635000002,4752262.0328999981],[-8849863.7137000002,4752345.9623999968],[-8849811.8973999992,4752436.7268000022],[-8849770.4813999999,4752517.3888999969],[-8849732.8285000008,4752576.7057000026],[-8849706.6413000003,4752613.0923999995],[-8849641.3915999997,4752690.7894999981],[-8849611.8072999995,4752726.2634000033],[-8849595.0004999992,4752748.4667000026],[-8849501.1073000003,4752949.4474000037],[-8849446.6681999993,4753066.3809999973],[-8849423.0800999999,4753185.3808000013],[-8849317.5404000003,4753403.8034000024],[-8849150.5748999994,4753694.0838999972],[-8849035.9911000002,4753898.4072000012],[-8848783.2888999991,4754235.3347000033],[-8848607.6993000004,4754485.1652000025],[-8848512.8367999997,4754616.9416999966],[-8848319.7061999999,4754899.0496999994],[-8848148.5967999995,4755156.7179000005],[-8847864.8096999992,4755593.9509000033],[-8847698.5428999998,4755837.751500003],[-8847454.909,4756181.065700002],[-8847272.9967999998,4756435.4666000009],[-8847157.3450000007,4756607.2318999991],[-8846997.7947000004,4756817.0339000002],[-8846859.0450999998,4756983.7577999979],[-8846748.5346000008,4757124.5914999992],[-8846526.1690999996,4757393.8284000009],[-8846390.3359999992,4757569.9120000005]]},"properties":{"objectid":8622,"elev":3120,"st_length(shape)":70413.690740274411}},{"type":"Feature","id":8643,"geometry":{"type":"LineString","coordinates":[[-8847006.9102999996,4757584.9651999995],[-8847370.0475999992,4757137.5266000032],[-8847695.2027000003,4756660.5042999983],[-8848059.4827999994,4756140.7290000021],[-8848188.0028000008,4755925.7792000026],[-8848385.3756000008,4755615.4980999976],[-8848715.8774999995,4755100.0089000016],[-8849153.6942999996,4754485.0243000016],[-8849433.6173999999,4754118.2589000016],[-8849582.4092999995,4753836.1402999982],[-8849746.3172999993,4753510.867399998],[-8849880.7628000006,4753223.6988999993],[-8849930.7763999999,4753103.9474000037],[-8850005.0395,4752970.130400002],[-8850102.9951000009,4752856.0003999993],[-8850407.1664000005,4752470.376199998],[-8850434.5852000006,4752263.4441],[-8850539.8652999997,4751995.1093999967],[-8850629.9425000008,4751774.7555000037],[-8850752.6794000007,4751612.8166999966],[-8851092.4395000003,4751396.5921000019],[-8851450.9993999992,4750910.6202000007],[-8851878.3134000003,4750329.3474000022],[-8852181.4572999999,4749702.6595999971],[-8852252.9791000001,4749438.6418000013],[-8852354.4752999991,4749102.7999000028],[-8852429.6931999996,4748906.3550999984],[-8852539.9188000001,4748623.7043000013],[-8852638.8188000005,4748446.9386000037],[-8852827.0856999997,4748088.436999999],[-8853023.5368000008,4747816.8517000005],[-8853511.7210000008,4747019.7541000023],[-8853797.6268000007,4746556.8246999979],[-8854078.4746000003,4746108.2859999985],[-8854243.8098000009,4745677.1705000028],[-8854362.6090999991,4745153.746799998],[-8854357.8003000002,4744854.8611000031],[-8854361.5846999995,4744618.7740999982],[-8854391.8433999997,4744527.6965999976],[-8854527.8233000003,4744428.688699998],[-8854683.9964000005,4744267.3566000015],[-8854909.5736999996,4743967.3906999975],[-8855079.7116,4743531.6098000035],[-8855131.2701999992,4743007.2044999972],[-8855318.5803999994,4742731.744099997],[-8855358.2002000008,4742681.1032999977],[-8855707.6250999998,4742072.0632999986],[-8855841.6317999996,4741187.7163000032],[-8856051.8875999991,4740637.059799999],[-8856056.7738000005,4740328.827200003],[-8856157.5123999994,4740026.952200003],[-8856379.5296999998,4739033.3951999992],[-8856630.8065000009,4738006.6819999963],[-8856700.9835000001,4737815.1528000012],[-8856904.5784000009,4737375.3181999996],[-8857143.9933000002,4736791.5967999995],[-8857414.4615000002,4735755.7621000037],[-8857528.4022000004,4735218.2845999971],[-8857729.7873999998,4734301.8674999997],[-8857889.9711000007,4733871.1054999977],[-8858010.8902000003,4733497.5086999983],[-8858155.6160000004,4733133.9267000034],[-8858260.4080999997,4732870.8158000037],[-8858359.6506999992,4732655.7599999979],[-8858630.9149999991,4732169.0405000001],[-8859176.3642999995,4731311.2066000029],[-8859478.0200999994,4730714.308600001],[-8859617.6103000008,4730057.1591999978],[-8859570.1885000002,4729714.7400999963],[-8859468.0510000009,4729501.4064999968],[-8859335.9757000003,4729364.6024999991],[-8858867.4569000006,4729289.8995999992],[-8858488.8574999999,4729288.7697999999],[-8858157.7972999997,4729312.4351999983],[-8857955.0517999995,4729405.4833000004],[-8857766.1499000005,4729532.4319999963],[-8857498.0121999998,4729821.7446999997],[-8857119.0681999996,4730450.9940000027],[-8856630.3969999999,4731348.0508000031],[-8856126.2697000001,4732307.4905999973],[-8855948.9246999994,4732607.9149999991],[-8855579.0590000004,4733256.6767999977],[-8854983.1936000008,4734243.6535999998],[-8854468.3066000007,4734957.5516000018],[-8854399.9574999996,4735033.485299997],[-8853936.9504000004,4735497.8642999977],[-8853152.4176000003,4736270.0138999969],[-8852518.5931000002,4736909.7814999968],[-8852279.8164000008,4737141.8508000001],[-8852035.9989999998,4737388.2845999971],[-8852017.8041999992,4737403.3505000025],[-8851875.4082999993,4737469.3386000022],[-8851492.4897000007,4737516.5952000022],[-8850790.2967000008,4737522.8819999993],[-8850309.9313999992,4737550.6389999986],[-8849856.2184999995,4737578.8153999969],[-8849604.7968000006,4737735.2621000037],[-8849246.0096000005,4737934.5355999991],[-8848760.4499999993,4738274.4655999988],[-8848410.4421999995,4738487.8439000025],[-8848244.4748,4738569.7180000022],[-8847949.2601999994,4738697.7956999987],[-8847444.2438999992,4738886.8364000022],[-8846949.1942999996,4738959.1162],[-8846516.7124000005,4739020.6118000001],[-8845993.4838999994,4739040.6419999972],[-8845767.8376000002,4739051.2584000006],[-8845532.1927000005,4739085.7828999981],[-8845291.4251000006,4739139.4812999964],[-8845112.5119000003,4739223.1300999969],[-8844932.4535000008,4739374.1917999983],[-8844675.6275999993,4739808.1376999989],[-8844486.6646999996,4740199.9033999965],[-8844357.2105999999,4740477.0847999975],[-8844155.9645000007,4740743.4051999971],[-8843915.4309999999,4741062.0463000014],[-8843729.1273999996,4741294.9060000032],[-8843532.2337999996,4741585.3989999965],[-8843288.3355999999,4741806.2969999984],[-8843256.6357000005,4741818.9213000014],[-8843074.8902000003,4741860.566399999],[-8842924.6632000003,4741900.118900001],[-8842687.2460999992,4741975.0405000001],[-8842312.6631000005,4742092.3621999994],[-8842222.3040999994,4742159.2873999998],[-8842070.2540000007,4742304.1723999977],[-8841710.3287000004,4742635.1215000004],[-8841380.1917000003,4742911.262000002],[-8841052.9340000004,4743171.6415000036],[-8840904.3438000008,4743266.5249999985],[-8840710.7895999998,4743381.6969999969],[-8840352.3409000002,4743623.0758000016],[-8840151.5528999995,4743851.4099999964],[-8840014.4991999995,4744036.0737000033],[-8839759.7050000001,4744450.320100002],[-8839733.1497000009,4744493.8801999986],[-8839683.0697000008,4744555.1552999988],[-8839443.4054000005,4744729.5433000028],[-8838942.5317000002,4745305.6859000027],[-8838654.7229999993,4745553.5689999983],[-8838512.7884,4745714.4382999986],[-8838375.0297999997,4745935.9949999973],[-8838298.0335000008,4746134.9153999984],[-8838322.7877999991,4746219.6877999976],[-8838320.9777000006,4746322.4372000024],[-8838303.2378000002,4746435.4464000016],[-8838218.1699000001,4746564.5856999978],[-8838146.4553999994,4746626.7519999966],[-8838074.6083000004,4746696.3794],[-8838061.4407000002,4746714.4540999979],[-8838003.6758999992,4746751.6530999988],[-8837929.3640000001,4746797.7704999968],[-8837824.3533999994,4746798.5363000035],[-8837737.6183000002,4746804.8980000019],[-8837622.4374000002,4746787.0314999968],[-8837526.0919000003,4746743.1444000006],[-8837421.0820000004,4746743.9060000032],[-8837350.2315999996,4746742.6410999969],[-8837226.7597000003,4746748.3422000036],[-8837120.3477999996,4746828.1422000006],[-8837003.2509000003,4746918.2929999977],[-8836829.2191000003,4747110.2129999995],[-8836718.4900000002,4747284.8183000013],[-8836669.2863999996,4747394.6356000006],[-8836660.4763999991,4747447.1920000017],[-8836608.7876999993,4747549.0588999987],[-8836584.1774000004,4747583.3184999973],[-8836553.7706000004,4747606.8615999967],[-8836490.0260000005,4747656.9900999963],[-8836462.1868999992,4747676.2119999975],[-8836422.3563999999,4747707.0507000014],[-8836334.8397000004,4747768.5829999968],[-8836151.6690999996,4747907.2802999988],[-8835991.7022999991,4748066.1172000021],[-8835886.2192000002,4748253.5424999967],[-8835860.6831,4748363.5225000009],[-8835839.9213999994,4748426.2602000013],[-8835814.3125,4748540.1862000003],[-8835788.7068000007,4748654.1149000004],[-8835788.6363999993,4748658.055399999],[-8835784.3554999996,4748677.7018000036],[-8835776.0793999992,4748701.2192000002],[-8835767.8697999995,4748720.7946999967],[-8835767.7993000001,4748724.737999998],[-8835767.7289000005,4748728.6797999963],[-8835759.5230999999,4748748.2555000037],[-8835751.3879000004,4748763.8867999986],[-8835735.1148000006,4748795.1504999995],[-8835714.8423999995,4748830.2839000002],[-8835694.6429999992,4748861.4769999981],[-8835670.5828000009,4748888.6547000036],[-8835642.6682999991,4748911.818599999],[-8835610.8248999994,4748934.9139999971],[-8835594.9065000005,4748946.4592000023],[-8835575.0567000005,4748957.9346000031],[-8835535.4301999994,4748976.9409999996],[-8835527.5035999995,4748980.7440000027],[-8835487.9475999996,4748995.8081],[-8835456.3859999999,4749003.1290000007],[-8835452.3906999994,4749007],[-8835436.6092000008,4749010.6609999985],[-8835424.7565000001,4749014.3915999979],[-8835408.9057,4749021.9931999967],[-8835401.0496999994,4749021.8514000028],[-8835397.0528999995,4749025.7248999998],[-8835377.2734999992,4749033.2555999979],[-8835337.7170000002,4749048.3194999993],[-8835298.1603999995,4749063.384300001],[-8835262.5297999997,4749078.5188999996],[-8835219.1150000002,4749089.5680000037],[-8835211.2614999991,4749089.425999999],[-8835203.3345999997,4749093.2285000011],[-8835116.8596999999,4749095.6096000001],[-8835010.7490999997,4749097.633100003],[-8834912.2085999995,4749115.5737999976],[-8834836.9475999996,4749149.7109000012],[-8834773.1179000009,4749203.7788999975],[-8834716.9991999995,4749265.8786000013],[-8834664.8048999999,4749328.0471000001],[-8834608.7545999996,4749386.202200003],[-8834552.6338999998,4749448.3008000031],[-8834488.8705000002,4749498.4252000004],[-8834398.1095000003,4749520.4447000027],[-8834339.1948000006,4749519.3747000024],[-8834099.6813999992,4749511.0790999979],[-8833878.8903999999,4749469.9891000018],[-8833830.8145000003,4749468.4332000017],[-8833363.0143999998,4749485.3720000014],[-8833020.2283999994,4749602.8213],[-8832658.2620999999,4749778.1284999996],[-8832388.0949000008,4750086.1096000001],[-8832142.6756999996,4750427.2986000031],[-8832034.4192999993,4750599.9804999977],[-8831949.227,4750700.3066999987],[-8831804.4658000004,4750886.8752000034],[-8831655.8763999995,4751084.2920000032],[-8831617.2426999994,4751120.8324000016],[-8831560.9143000003,4751166.9909999967],[-8831322.5923999995,4751328.6966999993],[-8831022.6952999998,4751499.5350999981],[-8830818.0417999998,4751591.6450000033],[-8830586.2618000004,4751674.685999997],[-8830232.8542999998,4751786.2885999978],[-8829996.2979000006,4751850.3910000026],[-8829762.6426999997,4751941.942900002],[-8829530.6568,4752035.2338000014],[-8829364.5372000001,4752071.5230000019],[-8829210.5107000005,4752099.4725999981],[-8828966.6546,4752096.6264000013],[-8828811.7799999993,4752078.315200001],[-8828619.8088000007,4752037.0430999994],[-8828484.1371999998,4751995.1111999974],[-8828294.0971000008,4751941.8818000033],[-8828142.8916999996,4751909.9292000011],[-8828034.3767000008,4751875.3518999964],[-8827917.2415999994,4751845.748999998],[-8827764.4936999995,4751805.199500002],[-8827571.2752999999,4751739.9103000015],[-8827343.6074999999,4751692.8052000031],[-8827138.4594000001,4751627.2832999974],[-8826936.7882000003,4751558.3985000029],[-8826776.3918999992,4751471.454400003],[-8826531.5566000007,4751340.0980999991],[-8826358.9450000003,4751177.5719000027],[-8826162.0841000006,4751035.1336999983],[-8825987.7738000005,4750963.3285999969],[-8825909.1315000001,4750912.9981999993],[-8825793.7248999998,4750773.9073000029],[-8825656.6768999994,4750625.7529999986],[-8825561.5406999998,4750516.067400001],[-8825488.2448999994,4750423.9206999987],[-8825419.0070999991,4750297.6067000031],[-8825388.0733000003,4750219.9664999992],[-8825343.8257999998,4750124.9505999982],[-8825297.1086999997,4749980.2346000001],[-8825265.2814000007,4749859.7747000009],[-8825245.6464000009,4749725.8515999988],[-8825233.1864,4749573.2334999964],[-8825225.3548000008,4749446.3875999972],[-8825229.0449999999,4749359.4834000021],[-8825225.7919999994,4749242.9998999983],[-8825226.4300999995,4749159.0165999979],[-8825219.5464999992,4749039.5344000012],[-8825213.8512999993,4748907.9421999976],[-8825214.0592999998,4748788.7905000001],[-8825219.0960000008,4748630.699500002],[-8825239.8735000007,4748505.7804000005],[-8825267.4463999998,4748346.0689999983],[-8825292.2742999997,4748223.2849000022],[-8825315.9103999995,4748055.2857000008],[-8825350.9241000004,4747934.7531000003],[-8825409.5590000004,4747755.1001999974],[-8825437.4627999999,4747590.2890999988],[-8825437.6800999995,4747578.7840000018],[-8825438.4250000007,4747539.3585999981],[-8825438.7228999995,4747523.5870999992],[-8825443.6190000009,4747472.4107000008],[-8825443.8423999995,4747460.5832000002],[-8825448.6641000006,4747413.3466999978],[-8825452.9629999995,4747393.7105000019],[-8825457.2606000006,4747374.0715000033],[-8825461.2630000003,4747370.2026000023],[-8825490.6848000009,4747268.2236000001],[-8825523.9593000002,4747170.260300003],[-8825565.0090999994,4747076.3869000003],[-8825606.0593999997,4746982.5179999992],[-8825647.0346000008,4746892.5894000009],[-8825695.7897999994,4746806.7569999993],[-8825699.7905000001,4746802.8896000013],[-8825748.4667000007,4746720.9971999973],[-8825780.8449000008,4746670.3430999964],[-8825797.0702999998,4746643.0461999997],[-8825845.6000999995,4746569.0415000021],[-8825894.0511000007,4746498.9767000005],[-8825930.6511000004,4746432.6292999983],[-8825938.6508000009,4746424.8954999968],[-8825979.3978000004,4746346.7993000001],[-8826024.0716999993,4746268.7752000019],[-8826060.8925999999,4746190.6053000018],[-8826097.7859000005,4746108.4926000014],[-8826114.2321000006,4746069.3721000031],[-8826130.8266000003,4746022.3637000024],[-8826160.0903999992,4745928.2787000015],[-8826189.2782000005,4745838.1335999966],[-8826189.5007000007,4745826.3078999966],[-8826210.7631999999,4745739.9578000009],[-8826228.3204999994,4745641.7084999979],[-8826228.5428999998,4745629.8844999969],[-8826238.2467999998,4745531.4873000011],[-8826243.5083000008,4745460.6088000014],[-8826244.3978000004,4745413.3079999983],[-8826238.4723000005,4745310.6723000035],[-8826238.8430000003,4745290.9638999999],[-8826225.3626000006,4745172.4153999984],[-8826225.6591999996,4745156.6489000022],[-8826212.2570999991,4745034.1590000018],[-8826212.4794999994,4745022.3356000036],[-8826203.0723000001,4744895.9813999981],[-8826203.1464000009,4744892.0398999974],[-8826203.6654000003,4744864.4479999989],[-8826204.1102000009,4744840.7990000024],[-8826204.6291000005,4744813.2084999979],[-8826205.1480999999,4744785.6181000024],[-8826205.6669999994,4744758.0276999995],[-8826210.1128000002,4744730.5094000027],[-8826210.4092999995,4744714.7449000031],[-8826214.7054999992,4744695.1120000035],[-8826215.3726000004,4744659.6389999986],[-8826219.7442000005,4744636.0636000037],[-8826228.6316,4744581.0327000022],[-8826228.7798999995,4744573.1498999968],[-8826237.5189999994,4744526.0006000027],[-8826250.3355,4744471.0436000004],[-8826263.1492999997,4744416.0878000036],[-8826267.4427000005,4744396.4554999992],[-8826271.5175999999,4744388.6460999995],[-8826283.9606999997,4744353.3972999975],[-8826288.1838000007,4744337.7063999996],[-8826304.4780999999,4744306.4734999985],[-8826312.4758000001,4744298.739699997],[-8826332.8446999993,4744259.6987000033],[-8826336.9195000008,4744251.8906999975],[-8826353.1394999996,4744224.5979000032],[-8826369.2827000003,4744201.2478],[-8826377.4321999997,4744185.6300999969],[-8826385.8739999998,4744154.2502000034],[-8826394.0962000005,4744134.6928000003],[-8826402.3158,4744115.1340000033],[-8826407.3322999999,4744092.2142999992],[-8826413.3900000006,4744016.1180000007],[-8826435.1445000004,4743874.1595000029],[-8826441.1082000006,4743629.235299997],[-8826444.1400000006,4743395.2126000002],[-8826458.0247000009,4743309.2366999984],[-8826478.1055999994,4743183.6823000014],[-8826510.1174999997,4743076.1498999968],[-8826550.4578000009,4742888.0163000003],[-8826610.8509999998,4742648.2515999973],[-8826637.0211999994,4742488.6011999995],[-8826668.0253999997,4742361.8942999989],[-8826734.6102000009,4742155.1071999967],[-8826776.0946999993,4741983.0288999975],[-8826808.5131000001,4741870.6005000025],[-8826844.2873999998,4741766.5604000017],[-8826880.3790000007,4741645.5464999974],[-8826929.3298000004,4741439.8746000007],[-8826963.6078999992,4741265.0596999973],[-8826968.5353999995,4741234.5372999981],[-8826975.7256000005,4741220.0084000006],[-8826984.3015999999,4741124.7021000013],[-8826971.1416999996,4740886.4107000008],[-8826951.1855999995,4740787.4997999966],[-8826912.3596000001,4740677.2853000015],[-8826811.3213999998,4740541.2643000036],[-8826709.9268999994,4740424.3958000019],[-8826580.5671999995,4740345.3158999979],[-8826395.4789000005,4740330.8662],[-8826206.5864000004,4740373.8166999966],[-8826065.3000000007,4740494.3015000001],[-8825929.9238000009,4740590.2648999989],[-8825809.7096999995,4740749.4667999968],[-8825752.6834999993,4740882.499499999],[-8825744.8618000001,4741008.2572000027],[-8825767.2223000005,4741123.6410999969],[-8825765.8303999994,4741197.5175999999],[-8825748.0360000003,4741273.8202999979],[-8825719.8048,4741325.2905000001],[-8825685.9682,4741384.8659999967],[-8825619.6867999993,4741430.1388000026],[-8825498.6941999998,4741485.3198999986],[-8825394.3616000004,4741524.3932000026],[-8825308.4846999999,4741596.6642000005],[-8825269.2977000009,4741650.6635000035],[-8825247.2098999992,4741697.0952000022],[-8825232.8802000005,4741719.0129000023],[-8825186.4448000006,4741813.3980000019],[-8825185.9791999999,4741814.3442000002],[-8825165.0534000006,4741848.4081000015],[-8825165.0516999997,4741848.4966000021],[-8825156.6043999996,4741879.8708999977],[-8825152.5309999995,4741887.675499998],[-8825148.1609000005,4741911.244099997],[-8825139.8638000004,4741934.7365000024],[-8825139.7148000002,4741942.617399998],[-8825127.3454,4741973.9157999977],[-8825118.9762999993,4742001.3489999995],[-8825110.9024999999,4742013.0218999982],[-8825106.6787,4742028.7072999999],[-8825098.3838999998,4742052.2013999969],[-8825094.3836000003,4742056.0669],[-8825082.0898000002,4742083.4253000021],[-8825081.9407000002,4742091.3062999994],[-8825069.7200000007,4742114.7255000025],[-8825065.5706999991,4742126.4707999974],[-8825057.4247999992,4742142.0842000023],[-8825045.2785,4742161.5618999973],[-8825041.9064000007,4742168.0227999985],[-8825010.7404999994,4742204.1554000005],[-8824900.6012999993,4742333.4513999969],[-8824784.0084000006,4742443.4620999992],[-8824674.1488000005,4742557.7075999975],[-8824573.9299999997,4742666.6623999998],[-8824443.0009000003,4742813.3559999987],[-8824339.3583000004,4742931.1979999989],[-8824182.4956999999,4743135.1612000018],[-8823582.8313999996,4743934.4508000016],[-8823225.8000000007,4744406.9223999977],[-8822534.7982000001,4745307.5346999988],[-8821985.7520000003,4746013.7814999968]]},"properties":{"objectid":8643,"elev":3320,"st_length(shape)":94653.691598934063}},{"type":"Feature","id":8648,"geometry":{"type":"LineString","coordinates":[[-8846499.9113999996,4757571.7725000009],[-8846660.8721999992,4757371.2942999974],[-8846864.5438000001,4757111.0452999994],[-8847014.4186000004,4756925.8938999996],[-8847198.9152000006,4756702.5512000024],[-8847363.6122999992,4756461.8139000013],[-8847488.5250000004,4756290.2048000023],[-8847665.7961999997,4756035.7252999991],[-8847836.7776999995,4755787.3470999971],[-8847960.3626000006,4755601.7626999989],[-8848119.0014999993,4755351.6313999966],[-8848310.8606000002,4755053.9849999994],[-8848448.5829000007,4754853.1367999986],[-8848600.4285000004,4754638.570100002],[-8848738.2938000001,4754428.4237999991],[-8848896.0974000003,4754226.3672000021],[-8849118.5351,4753944.756099999],[-8849252.2613999993,4753703.5346999988],[-8849379.5232999995,4753479.2663000003],[-8849515.3702000007,4753202.4245999977],[-8849524.9598999992,4753089.3933999985],[-8849673.6600000001,4752781.7641000003],[-8849791.3147,4752670.5355999991],[-8850007.2621999998,4752404.3438000008],[-8850066.0808000006,4752208.4155000001],[-8850130.8432,4752046.8875999972],[-8850242.4456999991,4751796.9184999987],[-8850358.1747999992,4751579.8677999973],[-8850542.2400000002,4751374.8999999985],[-8850616.4850999992,4751312.0041999966],[-8850650.1375999991,4751254.6928000003],[-8850691.3450000007,4751211.5824000016],[-8850785.0957999993,4751098.9614999965],[-8850910.1428999994,4750977.4742000028],[-8851026.4579000007,4750818.3081],[-8851164.9791999999,4750634.4868000001],[-8851365.7574000005,4750357.8601000011],[-8851460.1308999993,4750206.1563000008],[-8851511.0139000006,4750130.6199999973],[-8851582.0489000008,4749992.0020999983],[-8851672.7930999994,4749878.9716000035],[-8851778.9839999992,4749744.3017000034],[-8851852.5671999995,4749551.8376000002],[-8851984.3103999998,4749289.6008000001],[-8852015.1995999999,4749143.5961000025],[-8852170.8105999995,4748753.7767999992],[-8852212.7482999992,4748650.058799997],[-8852272.2451000009,4748497.7954000011],[-8852300.4118000008,4748415.7448000014],[-8852318.1117000002,4748350.8976999968],[-8852330.7753999997,4748308.1818000004],[-8852336.5730000008,4748267.0705000013],[-8852387.8526000008,4748194.9029000029],[-8852473.3504000008,4748093.5860000029],[-8852572.1228,4748000.9055999964],[-8852617.5973000005,4747885.4645999968],[-8852718.5502000004,4747650.3475999981],[-8852721.9558000006,4747645.4280999973],[-8852732.5818000007,4747597.5621000007],[-8852757.1245000008,4747533.5944000036],[-8852784.2893000003,4747439.6314999983],[-8852795.8046000004,4747388.3254000023],[-8852796.9567000009,4747383.242399998],[-8852813.6593999993,4747341.4142000005],[-8852823.5936999992,4747255.7540000007],[-8852843.0450999998,4747110.1750999987],[-8852864.3198000006,4746983.9375],[-8852892.2803000007,4746840.6466000006],[-8852927.7785999998,4746759.6982000023],[-8852984.8812000006,4746664.0846000016],[-8852985.2904000003,4746663.3272999972],[-8853025.8758000005,4746580.3103],[-8853067.4603000004,4746502.3928999975],[-8853133.1886999998,4746422.498800002],[-8853231.4038999993,4746301.3690000027],[-8853363.5186000001,4746162.3818999976],[-8853416.0715999994,4746124.8844000027],[-8853494.6407999992,4746084.7414000034],[-8853558.2807,4746022.878700003],[-8853592.5068999995,4745889.9720999971],[-8853587.8546999991,4745799.3885999992],[-8853574.2850000001,4745693.3210000023],[-8853578.4960999992,4745585.2408000007],[-8853602.1239999998,4745498.0847999975],[-8853688.3172999993,4745362.2119000033],[-8853869.9443999995,4745129.4025999978],[-8853905.7930999994,4745029.8918000013],[-8853962.7487000003,4744813.001500003],[-8854009.8237999994,4744640.4371000007],[-8854031.8948999997,4744502.7485999987],[-8854124.4883999992,4744349.3315000013],[-8854195.1570999995,4744229.3046000004],[-8854281.932,4744057.3907999992],[-8854283.1121999994,4743983.7893000022],[-8854280.0061000008,4743891.7142999992],[-8854321.0886000004,4743806.4892000034],[-8854369.3884999994,4743747.4543000013],[-8854543.5291000009,4743447.4267999977],[-8854611.2067000009,4743174.6586999968],[-8854635.0138000008,4742896.4786999971],[-8854775.75,4742568.3672999963],[-8854941.3464000002,4742298.9642999992],[-8855147.6975999996,4741900.6696000025],[-8855190.5248000007,4741642.2604999989],[-8855207.9652999993,4741357.5411000028],[-8855200.7932999991,4741048.1015999988],[-8855169.5602000002,4740957.3672999963],[-8855139.7334000003,4740778.4763000011],[-8855211.5913999993,4740755.0226000026],[-8855299.3007999994,4740736.5397000015],[-8855328.1673000008,4740668.1004000008],[-8855325.9971999992,4740599.1633000001],[-8855316.9015999995,4740554.7232000008],[-8855315.8947999999,4740515.3347000033],[-8855301.7247000001,4740438.3113999963],[-8855302.0384999998,4740418.6086999997],[-8855291.2067000009,4740359.3153999969],[-8855291.3322000001,4740351.4349000007],[-8855287.5961000007,4740339.5511000007],[-8855284.1110999994,4740311.9061999992],[-8855284.2366000004,4740304.0257000029],[-8855280.6262999997,4740284.2600999996],[-8855277.1411000006,4740256.6154000014],[-8855273.2796,4740252.6123000011],[-8855269.9200999998,4740217.0870999992],[-8855270.2967000008,4740193.4444999993],[-8855270.4849999994,4740181.6240999997],[-8855271.1126000006,4740142.2233999968],[-8855271.1754000001,4740138.2819000036],[-8855275.7272999994,4740098.9430999979],[-8855284.2035000008,4740059.6661999971],[-8855284.2663000003,4740055.7259000018],[-8855292.6165999994,4740024.3307000026],[-8855296.7291000001,4740012.5734999999],[-8855301.0297999997,4739988.9944000021],[-8855309.2546999995,4739965.4808000028],[-8855313.3044000007,4739957.6623999998],[-8855325.5790999997,4739926.3303000033],[-8855345.8912000004,4739883.3043000028],[-8855349.9395000003,4739875.4870000035],[-8855366.2646999992,4739836.3368000016],[-8855386.5742000006,4739793.3096999973],[-8855410.8726000004,4739746.4069000036],[-8855415.1103000008,4739726.7696999982],[-8855461.7971999999,4739521.9966000021],[-8855481.7367000002,4739056.5882999972],[-8855479.5763000008,4738709.5508000031],[-8855514.8160999995,4738439.9739999995],[-8855544.8869000003,4738153.0283000022],[-8855528.7158000004,4737922.2637000009],[-8855505.8378999997,4737756.8469000012],[-8855401.6974999998,4737533.2173999995],[-8855259.7318999991,4737371.5868000016],[-8855099.8640000001,4737266.5797000006],[-8854900.5606999993,4737146.7089999989],[-8854870.8657000009,4737139.1875],[-8854782.2398000006,4737108.1684999987],[-8854708.3037,4737086.0561000034],[-8854650.4530999996,4737077.8470000029],[-8854596.0946999993,4737077.8805000037],[-8854439.4245999996,4737118.3386000022],[-8854387.4135999996,4737142.7141000032],[-8854307.8910000008,4737215.7311000004],[-8854202.0109000001,4737303.6194999963],[-8854149.2628000006,4737335.5473000035],[-8853956.3411999997,4737422.0269000009],[-8853639.8068000004,4737480.2753999978],[-8853417.7163999993,4737485.4135000035],[-8853327.8909000009,4737490.7978999987],[-8853267.5062000006,4737502.7673999965],[-8853186.5348000005,4737550.6032999977],[-8852937.2226999998,4737656.2282999977],[-8852533.2082000002,4737908.4231000021],[-8852201.1260000002,4738108.2418000028],[-8851781.3364000004,4738235.2237000018],[-8850973.0513000004,4738204.0873000026],[-8850333.1556000002,4738202.4450000003],[-8849985.1581999995,4738285.920599997],[-8849554.6850000005,4738519.7237000018],[-8849221.9365999997,4738755.1415000036],[-8848641.7515999991,4739039.3215999976],[-8848542.2418000009,4739119.2956999987],[-8848372.9782999996,4739247.9865999967],[-8848326.3947999999,4739278.2817000002],[-8848250.4159999993,4739327.6928000003],[-8848220.0057999995,4739347.4694000036],[-8848019.9912999999,4739423.4846000001],[-8847871.1390000004,4739458.8368000016],[-8847820.4510999992,4739470.8747000024],[-8847691.4949999992,4739484.0146000013],[-8847598.5547000002,4739470.5464999974],[-8847587.6594999991,4739469.5204999968],[-8847554.5822999999,4739466.4054000005],[-8847493.5302000009,4739453.0734999999],[-8847478.6335000005,4739449.8203999996],[-8847451.8104999997,4739449.9183999971],[-8847395.6271000002,4739450.1235999987],[-8847312.6492999997,4739448.7259000018],[-8847284.5795000009,4739462.2316000015],[-8847268.2508000005,4739470.0879999995],[-8847209.3662999999,4739547.3313999996],[-8847176.0142999999,4739590.8641000018],[-8847109.4890999999,4739657.936300002],[-8847038.7347999997,4739699.2776999995],[-8846967.9252000004,4739743.8897999972],[-8846898.9905999992,4739773.8093999997],[-8846659.9582000002,4739924.5298999995],[-8846437.8278999999,4740082.0214999989],[-8846220.4098000005,4740277.2166000009],[-8846079.0881999992,4740403.8241000026],[-8845905.3789000008,4740546.0068999976],[-8845767.7701999992,4740769.4337000027],[-8845588.0627999995,4740949.1425999999],[-8845538.8334999997,4740991.882100001],[-8845485.1890999991,4741017.2730000019],[-8845276.0853000004,4741035.2114000022],[-8844991.1377000008,4741105.6062000021],[-8844829.7469999995,4741151.2283999994],[-8844679.3224999998,4741220.9946999997],[-8844569.6764000002,4741300.0425999984],[-8844464.0092999991,4741437.7529999986],[-8844451.6960000005,4741464.5292000026],[-8844304.9200999998,4741584.3911999986],[-8844053.3746000007,4741817.1859000027],[-8843681.3551000003,4742189.4144999981],[-8843450.5862000007,4742319.2998000011],[-8843265.6396999992,4742442.3229999989],[-8843130.0636,4742573.8466000035],[-8843036.2431000005,4742713.7412],[-8842860.2814000007,4742978.435999997],[-8842747.7398000006,4743098.8849000037],[-8842597.0103999991,4743256.4748999998],[-8842459.2429000009,4743333.1269000024],[-8842041.3626000006,4743523.4746999964],[-8841485.9142000005,4743777.2798999995],[-8841355.1352999993,4743904.1039000005],[-8841219.9043000005,4744136.244599998],[-8841056.2652000003,4744341.5428000018],[-8840965.4209000003,4744434.8121000007],[-8840819.1142999995,4744548.190700002],[-8840564.3673,4744709.733099997],[-8840518.3915999997,4744787.9780000001],[-8840333.1878999993,4745024.5204000026],[-8839959.8026999999,4745215.5930999964],[-8839622.7217999995,4745431.0122999996],[-8839323.1843999997,4745749.8633999974],[-8839317.8235999998,4745760.0662999973],[-8839315.7349999994,4745762.2175000012],[-8839210.3758000005,4745860.3090000004],[-8839096.3067000005,4745988.3694999963],[-8838988.1202000007,4746091.8879999965],[-8838961.4726,4746133.8633999974],[-8838930.4224999994,4746193.561300002],[-8838893.0532000009,4746302.4416999966],[-8838862.8847000003,4746389.5417999998],[-8838839.5802999996,4746474.0256000012],[-8838827.3027999997,4746551.8586999997],[-8838815.5782999992,4746598.2079000026],[-8838789.8829999994,4746663.4803000018],[-8838774.2123000007,4746701.5438999981],[-8838740.2881000005,4746769.4096999988],[-8838708.0155999996,4746820.8730000034],[-8838655.1163999997,4746914.7238999978],[-8838617.6416999996,4746977.1437999979],[-8838569.2052999996,4747051.2180000022],[-8838520.8350000009,4747121.3500000015],[-8838468.6079999991,4747187.4688000008],[-8838420.2365000006,4747257.6011999995],[-8838368.0079999994,4747323.7202000022],[-8838315.7764999997,4747389.8417000026],[-8838263.5479000006,4747455.9623999968],[-8838211.3175000008,4747522.0816999972],[-8838159.2228999995,4747580.3167999983],[-8838148.0350000001,4747591.9333999977],[-8838129.1598000005,4747609.5471000001],[-8837938.2769000009,4747760.2157000005],[-8837812.3533999994,4747823.7083000019],[-8837752.7493999992,4747839.0800999999],[-8837689.4541999996,4747831.7893000022],[-8837654.7931999993,4747825.0086999983],[-8837613.9235999994,4747822.2256999984],[-8837562.3188000005,4747848.0100999996],[-8837491.9790000003,4747891.9482000023],[-8837437.7828000002,4747948.4997000024],[-8837385.6313000005,4748005.0877000019],[-8837337.1334000006,4748086.3922000006],[-8837302.9885000009,4748165.8993000016],[-8837273.1523000002,4748233.1579999998],[-8837235.0248000007,4748306.4319000021],[-8837180.6793000009,4748371.1988999993],[-8837120.2697000001,4748431.748800002],[-8837104.0371000003,4748443.9089000002],[-8837094.9308000002,4748452.7326999977],[-8837079.0109000001,4748464.2796000019],[-8837051.1706000008,4748483.5020999983],[-8837019.3317000009,4748506.6010999978],[-8837007.4115999993,4748514.2752000019],[-8836991.4912999999,4748525.8233999982],[-8836971.6464000009,4748537.3039000034],[-8836939.8784999996,4748556.4557999969],[-8836908.1092000008,4748575.610299997],[-8836876.3423999995,4748594.7621000037],[-8836848.5689000003,4748610.0420999974],[-8836844.5728999991,4748613.9162999988],[-8836812.8032000009,4748633.0703999996],[-8836781.0347000007,4748652.2220999971],[-8836753.1221999992,4748675.387000002],[-8836721.2831999995,4748698.4855000004],[-8836717.2871000003,4748702.3558999971],[-8836693.3702000007,4748721.6506000012],[-8836661.5337000005,4748744.7463999987],[-8836633.6217,4748767.9152000025],[-8836621.6269000005,4748779.5323000029],[-8836617.6305,4748783.4064000025],[-8836601.7107999995,4748794.9541999996],[-8836589.6481999997,4748810.5157999992],[-8836573.6583999991,4748826.008100003],[-8836565.6607000008,4748833.7523000017],[-8836561.5955999997,4748841.5671000034],[-8836545.6041999999,4748857.0581],[-8836533.4024999999,4748880.5088],[-8836533.3322999999,4748884.4492999986],[-8836525.1941,4748900.0828000009],[-8836512.9220000003,4748927.4742000028],[-8836500.7188000008,4748950.9249000028],[-8836496.5091999993,4748966.6248999983],[-8836494.0014999993,4748978.4160000011],[-8836485.7957000006,4748997.9902999997],[-8836481.6577000003,4749009.748300001],[-8836465.3850999996,4749041.0139999986],[-8836445.1184999999,4749076.1538000032],[-8836420.9896000009,4749107.2748000026],[-8836400.9321999997,4749130.5847999975],[-8836396.9332999997,4749134.4549999982],[-8836365.0206000004,4749161.4953000024],[-8836337.1771000009,4749180.7197000012],[-8836333.2522,4749180.6490999982],[-8836333.1819000002,4749184.5923999995],[-8836325.3256999999,4749184.4512000009],[-8836313.4027999993,4749192.1262999997],[-8836297.5510000009,4749199.7321000025],[-8836281.6303000003,4749211.2798999995],[-8836265.7798999995,4749218.883100003],[-8836253.8567999993,4749226.559299998],[-8836253.7865999993,4749230.5],[-8836237.9346999992,4749238.1071000025],[-8836222.0138000008,4749249.6547999978],[-8836210.0908000004,4749257.3285000026],[-8836194.1698000003,4749268.8787999973],[-8836182.2467,4749276.5525000021],[-8836178.2513999995,4749280.4252000004],[-8836170.2532000002,4749288.1693999991],[-8836154.4024999999,4749295.7763999999],[-8836142.4089000002,4749307.3946999982],[-8836130.4154000003,4749319.0116000026],[-8836118.4934999999,4749326.6851999983],[-8836106.4998000003,4749338.3061999977],[-8836102.5006000008,4749342.177699998],[-8836094.5035999995,4749349.9243000001],[-8836090.5772999991,4749349.8536999971],[-8836050.7365000006,4749380.6933000013],[-8836038.8131000008,4749388.3693000004],[-8835998.9758000001,4749419.2113000005],[-8835947.2134000007,4749457.7267000005],[-8835899.4473999999,4749492.3680000007],[-8835847.8253000006,4749522.9975000024],[-8835796.1296999995,4749557.570100002],[-8835744.5068999995,4749588.1966999993],[-8835692.8146000002,4749622.7691000029],[-8835641.0473999996,4749661.2836000025],[-8835593.1409000009,4749703.813699998],[-8835569.0782999992,4749730.9932999983],[-8835549.0177999996,4749754.300499998],[-8835540.9494000003,4749765.9880999997],[-8835532.8836000003,4749777.6797000021],[-8835520.8180999998,4749793.2424999997],[-8835512.6790999994,4749808.8725000024],[-8835508.6115000006,4749816.690200001],[-8835496.5434000008,4749832.2529999986],[-8835496.4022000004,4749840.1388999969],[-8835484.1966999993,4749863.5866999999],[-8835475.9881999996,4749883.1643000022],[-8835475.9175000004,4749887.1092000008],[-8835471.6367000006,4749906.7550999969],[-8835463.1469000001,4749942.1071000025],[-8835450.443,4749993.1618999988],[-8835450.2311000004,4750004.9927999973],[-8835437.0350000001,4750083.6560999975],[-8835420.4055000003,4750134.6406000033],[-8835411.7728000004,4750177.8796000034],[-8835378.7956000008,4750264.0758000016],[-8835370.5877999999,4750283.6538999975],[-8835342.0313000008,4750342.3127000034],[-8835297.5518999994,4750412.5217000023],[-8835241.3575999998,4750478.5727000013],[-8835181.3760000002,4750536.6665000021],[-8835113.6805000007,4750586.7317000031],[-8835034.3395000007,4750628.6941],[-8834947.2847000007,4750662.6237000003],[-8834864.3004999999,4750688.7370999977],[-8834852.5164000001,4750688.5236999989],[-8834750.0307999998,4750706.3937999979],[-8834690.9002999999,4750717.1573999971],[-8834639.7623999994,4750720.1765000001],[-8834541.3475000001,4750730.2251999974],[-8834537.4208000004,4750730.1538999975],[-8834533.4927999992,4750730.0826999992],[-8834529.5634000003,4750730.0112999976],[-8834509.9245999996,4750729.6548999995],[-8834498.0669,4750733.3836999983],[-8834462.716,4750732.7419999987],[-8834431.2905000001,4750732.1714000031],[-8834395.9395000003,4750731.5293999985],[-8834377.4057999998,4750731.1928000003],[-8834346.5734999999,4750726.6982000023],[-8834197.8041999992,4750654.1314999983],[-8834108.5287999995,4750611.4123999998],[-8834012.0888,4750587.7400000021],[-8833953.2441000007,4750597.627700001],[-8833896.7561000008,4750628.1057000011],[-8833751.1715999991,4750756.9601000026],[-8833677.9452999998,4750883.0239999965],[-8833597.6993000004,4751019.9201000035],[-8833521.6867999993,4751170.8909000009],[-8833457.8673,4751252.0044],[-8833296.5127000008,4751390.1485000029],[-8833251.5,4751436.6322000027],[-8833247.5014999993,4751440.5044],[-8833179.7166000009,4751494.5034999996],[-8833096.1473999992,4751552.1591000035],[-8833064.3654999994,4751571.302699998],[-8833012.6502,4751605.8686999977],[-8832921.2953999992,4751659.4341999963],[-8832905.4386999998,4751667.0336999968],[-8832826.0087000001,4751712.928199999],[-8832754.5795000009,4751751.0751999989],[-8832730.7222000007,4751766.4204000011],[-8832635.5078999996,4751815.9676999971],[-8832603.7204,4751835.1141000018],[-8832540.2182,4751869.4584999979],[-8832448.8585999999,4751923.0207000002],[-8832361.4252000004,4751976.6560000032],[-8832285.8483000007,4752026.5640999973],[-8832273.9189999998,4752034.2349999994],[-8832265.9195000008,4752041.9808000028],[-8832182.4126999993,4752095.6859000027],[-8832142.6212000009,4752122.5754999965],[-8832090.9025999997,4752157.1349000037],[-8832071.0465999991,4752168.6054999977],[-8831999.4673999995,4752214.6402999982],[-8831995.4655000009,4752218.5122999996],[-8831927.9595999997,4752256.7274999991],[-8831900.0993000008,4752275.9448999986],[-8831860.3784999996,4752298.8880999982],[-8831800.7301000003,4752337.2474000007],[-8831788.8695999999,4752340.9760999978],[-8831721.3620999996,4752379.189000003],[-8831697.5019000005,4752394.5336999968],[-8831653.8541000001,4752417.4029000029],[-8831594.2738000005,4752451.8194999993],[-8831586.3456999995,4752455.6164999977],[-8831518.9771999996,4752485.9417999983],[-8831479.4017999992,4752500.9962000027],[-8831455.6865999997,4752508.4516000003],[-8831400.2518000007,4752531.1020999998],[-8831396.3219000008,4752531.0295000002],[-8831341.0314000007,4752545.7934999987],[-8831325.2432000004,4752549.445100002],[-8831262.0241,4752568.0077999979],[-8831195.0155999996,4752578.6071999967],[-8831108.2239999995,4752596.7331999987],[-8831017.7181000002,4752602.949500002],[-8830919.4996000007,4752601.1316],[-8830907.7135000005,4752600.9134000018],[-8830817.4959999993,4752591.3520999998],[-8830809.8904999997,4752590.0015999973],[-8830721.4923,4752566.6696999967],[-8830548.0200999994,4752538.7911999971],[-8830367.6914000008,4752549.8307000026],[-8830142.1950000003,4752568.2479000017],[-8829918.6680999994,4752590.8069999963],[-8829704.9915999994,4752634.0966000035],[-8829394.5714999996,4752706.4042000026],[-8829123.2919999994,4752765.0481000021],[-8828817.1473999992,4752827.1425999999],[-8828611.9524000008,4752854.1269000024],[-8828443.7030999996,4752875.6344000027],[-8828384.6231999993,4752876.5944999978],[-8828308.5256999992,4752887.865199998],[-8828249.4461000003,4752894.6489999965],[-8828131.4339000005,4752900.322800003],[-8828025.3575999998,4752898.3289000019],[-8828013.5713,4752898.1072999984],[-8828005.7125000004,4752897.9594999999],[-8827982.2136000004,4752893.5742999986],[-8827958.6424000002,4752893.1309999973],[-8827938.9973000009,4752892.7613999993],[-8827915.4985000007,4752888.3718999997],[-8827895.8534999993,4752888.0023000017],[-8827872.3559000008,4752883.6142999977],[-8827848.7808999997,4752883.170599997],[-8827829.2120999992,4752878.8549999967],[-8827805.6410000008,4752878.4113000035],[-8827782.1395999994,4752874.0254999995],[-8827762.4971999992,4752873.6556999981],[-8827738.9958999995,4752869.2657999992],[-8827727.2096999995,4752869.0438999981],[-8827656.5661999993,4752863.7659000009],[-8827644.7799999993,4752863.5438999981],[-8827523.2106999997,4752849.4145999998],[-8827468.2072999999,4752848.3774999976],[-8827389.8517000005,4752835.063000001],[-8827350.6383999996,4752830.3759000003],[-8827284.0719000008,4752817.2815999985],[-8827221.4316000007,4752804.2621999979],[-8827154.9394000005,4752787.2212999985],[-8827131.5164000001,4752778.8881999999],[-8827092.3748000003,4752770.2553000003],[-8827025.8829999994,4752753.2136999965],[-8826963.3201000001,4752736.2470000014],[-8826896.8261999991,4752719.2083000019],[-8826834.1897999998,4752706.1828999966],[-8826767.6988999993,4752689.139700003],[-8826705.1355000008,4752672.1741999984],[-8826650.4297000002,4752655.3544000015],[-8826638.7192000002,4752651.1854000017],[-8826584.1619000006,4752626.4777999967],[-8826580.2333000004,4752626.4033999965],[-8826525.6763000004,4752601.6916000023],[-8826521.8217999991,4752597.6739000008],[-8826467.2651000004,4752572.9632000029],[-8826463.4132000003,4752568.9453999996],[-8826428.4242000002,4752548.5512999967],[-8826393.3650000002,4752532.1031000018],[-8826358.3775999993,4752511.7114999965],[-8826319.4629999995,4752491.2426000014],[-8826284.4746000003,4752470.8482000008],[-8826249.4901999999,4752450.4563999996],[-8826214.4277999997,4752434.006099999],[-8826206.7205999997,4752425.9668999985],[-8826152.3154000007,4752393.3699000031],[-8826129.0415000003,4752377.1435000002],[-8826094.0551999994,4752356.7487000003],[-8826043.7280000001,4752316.3346000016],[-8826039.8738000002,4752312.3143000007],[-8825981.7631999999,4752267.806400001],[-8825974.0561999995,4752259.7695999965],[-8825923.7273999993,4752219.3554000035],[-8825916.0206000004,4752211.3149000034],[-8825865.7692000009,4752166.9562000036],[-8825827.2265000008,4752126.7660000026],[-8825819.5197999999,4752118.7291999981],[-8825769.2693000007,4752074.369099997],[-8825726.8747000005,4752030.1599999964],[-8825723.0208000001,4752026.139700003],[-8825672.7711999994,4751981.7797000036],[-8825630.3028999995,4751941.5157999992],[-8825622.5194000006,4751937.4206999987],[-8825572.2707000002,4751893.0606999993],[-8825560.7105999999,4751881.004900001],[-8825494.8236999996,4751832.4038000032],[-8825428.8590999991,4751787.743900001],[-8825393.9535000008,4751763.4025000036],[-8825366.8285000008,4751743.1587999985],[-8825300.8688999992,4751698.5001000017],[-8825234.9060999993,4751653.8396999985],[-8825174.4232000001,4751612.8875999972],[-8825134.5528999995,4751579.9649000019],[-8825076.2712999992,4751523.3686999977],[-8824998.4262000006,4751419.1356000006],[-8824955.4017999992,4751313.5130999982],[-8824904.3114999998,4751201.5728999972],[-8824839.4857000001,4751058.548299998],[-8824758.1783000007,4750921.3746000007],[-8824706.8193999995,4750823.8162999973],[-8824677.8087000009,4750734.9051999971],[-8824599.6436999999,4750540.2616999969],[-8824559.0055999998,4750309.3550999984],[-8824513.6539999992,4750111.2378000021],[-8824476.9156999998,4749890.6881999969],[-8824447.4244999997,4749719.5920000002],[-8824438.3335999995,4749652.5147999972],[-8824435.7196999993,4749581.7119000033],[-8824444.2971999999,4749345.6054000035],[-8824447.3010000009,4749187.4672999978],[-8824487.1611000001,4749027.9829000011],[-8824515.9773999993,4748695.7204999998],[-8824558.4253000002,4748507.5322000012],[-8824590.9957999997,4748300.6696000025],[-8824645.4390999991,4748127.0974000022],[-8824678.0262000002,4748027.0622999966],[-8824729.2716000006,4747806.1867000014],[-8824737.0219999999,4747613.2422999963],[-8824706.8311000001,4747479.1459000036],[-8824672.8622999992,4747328.5460999981],[-8824636.2455000002,4747101.8975000009],[-8824630.1103000008,4746886.1068999991],[-8824619.3399999999,4746698.9877000004],[-8824627.3246999998,4746493.7452000007],[-8824643.5471999999,4746393.4133000001],[-8824661.8143000007,4746293.1215000004],[-8824677.8216999993,4746210.9619000033],[-8824701.0920000002,4746137.7405000031],[-8824730.9996000007,4745972.5282000005],[-8824713.7898999993,4745703.3660999984],[-8824677.9739999995,4745474.1789000034],[-8824602.9484000001,4745194.9641000032],[-8824560.5518999994,4745077.6670999974],[-8824530.5178999994,4745014.3698000014],[-8824491.0534000006,4744977.7734000012],[-8824428.8618999999,4744963.1427000016],[-8824281.4112999998,4744973.760300003],[-8824007.8743999992,4745044.6806000024],[-8823789.7726000007,4745165.500500001],[-8823698.5888999999,4745262.4183000028],[-8823530.0051000006,4745522.0525999963],[-8823383.5979999993,4745905.3452999964],[-8823363.0066,4746126.7628000006],[-8823310.1667999998,4746322.9174999967],[-8823104.9107000008,4746787.2617999986],[-8822985.6797000002,4747031.4443000033],[-8822875.2520000003,4747242.9356999993],[-8822757.1114000008,4747429.6318000033],[-8822425.6809999999,4747966.5747999996],[-8821968.1766999997,4748484.1208000034],[-8821603.1619000006,4748845.1084999964],[-8821148.6341999993,4749204.3523999974],[-8820600.4059999995,4749557.4778999984],[-8820224.7622999996,4749802.6736000031],[-8819677.3034000006,4750112.9786000028],[-8818755.6075999998,4750591.3981999978]]},"properties":{"objectid":8648,"elev":3160,"st_length(shape)":75287.20485985557}},{"type":"Feature","id":8709,"geometry":{"type":"LineString","coordinates":[[-8840205.7496000007,4717401.9721999988],[-8839958.0545000006,4717382.9864000008],[-8839728.6184999999,4717432.6774000004],[-8839208.5864000004,4717692.1120999977],[-8839208.7141999993,4717684.7895999998],[-8839034.0710000005,4717798.9120000005],[-8838759.0274,4717952.7699000016],[-8838286.1955999993,4718291.1372999996],[-8837646.1235000007,4718733.9660999998],[-8837246.0519999992,4718941.7390000001],[-8836775.4578000009,4719148.2419999987],[-8836396.8017999995,4719380.7912999988],[-8836024.9021000005,4719642.7568999976],[-8835892.0885000005,4719725.8484999985],[-8835711.1637999993,4719915.5278000012],[-8835515.0779999997,4720136.6831],[-8835332.2301000003,4720297.0222000033],[-8835164.2708999999,4720440.5327999964],[-8834935.5611000005,4720580.5051999986],[-8834565.1993000004,4720752.1089000031],[-8834353.6712999996,4720882.6133000031],[-8834092.2372999992,4721060.1419999972],[-8833312.9441999998,4721408.2110999972],[-8832255.8654999994,4721935.3183000013],[-8831794.3864999991,4722623.5542000011],[-8831563.5812999997,4723343.3783999979],[-8831459.4028999992,4723833.3079999983],[-8831134.6964999996,4725221.0191999972],[-8830985.9136999995,4725915.1912999973],[-8830879.9282000009,4726500.8671000004],[-8830733.3585999999,4727072.1591999978],[-8830572.6631000005,4727670.5552000031],[-8830485.0024999995,4727996.9664999992],[-8830282.6965999994,4728635.6494000033],[-8830066.2517000008,4729301.4453999996],[-8829693.7638000008,4730306.1591999978],[-8829535.7650000006,4730629.0604000017],[-8829479.3013000004,4730737.3847000003],[-8829429.5164000001,4730852.6701000035],[-8829408.0895000007,4730906.9596000016],[-8829388.4321999997,4731006.3029000014],[-8829400.3342000004,4731176.7000999972],[-8829397.8587999996,4731188.4472000003],[-8829392.6307999995,4731259.2280000001],[-8829371.5015999991,4731341.5279999971],[-8829313.9250000007,4731486.1541000009],[-8829220.8461000007,4731641.9356999993],[-8829216.8515000008,4731645.7990999967],[-8829116.5808000006,4731766.0058000013],[-8829092.6218999997,4731789.1867000014],[-8828847.5710000005,4732017.2511000037],[-8828565.3139999993,4732310.7686000019],[-8828343.8877000008,4732681.8633999974],[-8828205.4690000005,4733054.5213999972],[-8828143.7937000003,4733393.882100001],[-8828095.1771000009,4733775.1963],[-8828012.2180000003,4734141.9805999994],[-8827897.1109999996,4734376.121799998],[-8827741.5156999994,4734553.9048999995],[-8827460.5810000002,4734771.0341000035],[-8827075.0557000004,4735027.8922000006],[-8826627.3598999996,4735276.6168000028],[-8826248.3234999999,4735554.4307999983],[-8825873.8337999992,4735957.4438999966],[-8825622.0566000007,4736460.1108999997],[-8825476.9553999994,4736811.8853999972],[-8825364.6150000002,4737261.621299997],[-8825206.0434000008,4737592.3062999994],[-8825028.1406999994,4737846.1538000032],[-8824766.7701999992,4738119.2697999999],[-8824533.2060000002,4738385.9645999968],[-8824454.5578000005,4738516.5653999969],[-8824195.8533999994,4739012.2353999987],[-8823821.9913999997,4739735.1838999987],[-8823525.8243000004,4740376.2122000009],[-8823137.2172999997,4741140.6750999987],[-8822814.3302999996,4741725.614699997],[-8822519.7708999999,4742276.3471999988],[-8822026.8658000007,4743052.8039999977]]},"properties":{"objectid":8709,"elev":3860,"st_length(shape)":33357.966270527577}},{"type":"Feature","id":8663,"geometry":{"type":"LineString","coordinates":[[-8855511.9417000003,4730818.7149000019],[-8854578.2068000007,4732455.9331],[-8854156.3957000002,4733104.8426000029],[-8853723.1564000007,4733648.6665000021],[-8852681.1782000009,4734674.4591000006],[-8851734.8993999995,4735426.3408000022],[-8850816,4736093.3686000034],[-8849328.9691000003,4736737.7978999987],[-8848531.9361000005,4737131.2084999979],[-8847792.8637000006,4737571.4653000012],[-8847199.8465999998,4737869.8202999979],[-8846628.2622999996,4738056.9825000018],[-8846346.6103000008,4738098.1385999992],[-8845724.7316999994,4738166.3109000027],[-8845155.2142999992,4738228.7778000012],[-8844794.4989,4738307.9057999998],[-8844544.9379999992,4738382.3641000018],[-8844327.5891999993,4738483.6120000035],[-8843867.8017999995,4739007.1526999995],[-8843456.4483000003,4740135.2001999989],[-8843233.5493999999,4740557.8816],[-8842886.6074000001,4741352.4909000024],[-8842526.8068000004,4741387.4580999985],[-8842336.6997999996,4741457.9191000015],[-8842075.2302000001,4741558.7480999976],[-8841847.4888000004,4741681.2321000025],[-8841625.0622000005,4741951.3254000023],[-8841173.8555999994,4742401.8364999965],[-8840824.8022000007,4742709.2361000031],[-8840617.3184999991,4742871.5782999992],[-8840399.7019999996,4743012.6642000005],[-8840026.0256999992,4743224.7743000016],[-8839673.2734999992,4743590.057099998],[-8839291.2171,4744128.7230999991],[-8838755.5793999992,4744593.5385999978],[-8838313.3109000009,4744951.5825999975],[-8837905.5850000009,4745171.3369000033],[-8837434.6999999993,4745381.6639000028],[-8837200.4032000005,4745569.8508000001],[-8836960.9957999997,4745897.6152999997],[-8836574.5856999997,4746077.803199999],[-8835915.1050000004,4746342.9482000023],[-8835075.2965999991,4747227.3405999988],[-8834375.0090999994,4747982.9359000027],[-8834125.0203000009,4748063.7621999979],[-8833724.6478000004,4748141.8438000008],[-8833069.6341999993,4748195.5557999983],[-8832248.7654999997,4748377.5196999982],[-8831740.9952000007,4748604.5944999978],[-8831428.8805,4748861.5301000029],[-8830637.5090999994,4749569.3263000026],[-8830242.6252999995,4749699.9241999984],[-8829802.8058000002,4749783.6963],[-8829172.6122999992,4749903.303199999],[-8828010.6414999999,4750124.5481999964],[-8827598.5403000005,4750123.3619000018],[-8827487.9352000002,4750094.8491000012],[-8827449.7244000006,4750079.9324999973],[-8827340.5664000008,4750019.873800002],[-8827197.5837999992,4749943.3580000028],[-8827091.2017999999,4749875.440700002],[-8826928.3121000007,4749740.5474999994],[-8826805.9015999995,4749655.2242999971],[-8826671.1555000003,4749446.4133000001],[-8826548.3539000005,4749123.7088000029],[-8826468.0336000007,4748826.4614000022],[-8826473.1260000002,4748555.4834000021],[-8826520.6898999996,4748309.9592999965],[-8826667.6568999998,4747998.5582000017],[-8826858.8170999996,4747620.237999998],[-8827043.7145000007,4747247.9697000012],[-8827266.4309,4746820.9878999963],[-8827361.1141999997,4746629.2393999994],[-8827418.3418000005,4746480.4937999994],[-8827490.6128000002,4746186.0898000002],[-8827527.6923999991,4745883.1459999979],[-8827537.2870000005,4745579.6908000037],[-8827527.3254000004,4745271.935800001],[-8827536.9949999992,4744964.5583999977],[-8827591.9284000006,4744734.1463000029],[-8827631.8322000001,4744510.6693999991],[-8827644.4436000008,4744313.5903000012],[-8827630.0988999996,4744124.9764000028],[-8827633.4458000008,4743945.6673000008],[-8827667.1239,4743816.2581999972],[-8827705.4329000004,4743677.9694000036],[-8827881.6243999992,4743439.1578999981],[-8828155.1489000004,4742582.2621000037],[-8828795.5878999997,4741030.1149000004],[-8829060.3300000001,4740312.7160999998],[-8829361.3015000001,4739522.4063000008],[-8829601.9784999993,4738969.427699998],[-8829791.8244000003,4738520.7014999986],[-8830202.7469999995,4737630.8872999996],[-8830409.0886000004,4737231.5883999988],[-8830655.3451000005,4736748.9142000005],[-8830865.0116000008,4736356.7116999999],[-8831072.8127999995,4735684.0957000032],[-8831136.4287,4735450.449000001],[-8831237.8176000006,4735059.7950000018],[-8831307.7318999991,4734672.079400003],[-8831404.2390999999,4734165.7208999991],[-8831448.5030000005,4733844.1450999975],[-8831547.7700999994,4732994.4887000024],[-8831663.7722999994,4732565.6512999982],[-8831861.0357000008,4731889.5697999969],[-8832233.2553000003,4730992.5276999995],[-8832375.3248999994,4730662.3295999989],[-8832667.6804000009,4729932.0517999977],[-8833039.8830999993,4729220.7866000012],[-8833245.1122999992,4728867.2670999989],[-8833554.0409999993,4728372.0454000011],[-8833995.943,4727851.2335999981],[-8834231.4845000003,4727554.3229999989],[-8834544.8483000007,4727195.7883000001],[-8834872.2614999991,4726830.505900003],[-8835185.3925999999,4726482.4768999964],[-8835593.9422999993,4726062.6327999979],[-8835682.9699000008,4725959.1871000007],[-8835937.9017999992,4725743.1717000008],[-8836201.1633000001,4725450.2736999989],[-8836483.2054999992,4725080.6862000003],[-8836594.7442000005,4724886.6146000028],[-8836588.0720000006,4724672.9279000014],[-8836510.2580999993,4724538.496799998],[-8836365.5967999995,4724437.880900003],[-8836153.3427000009,4724413.0742999986],[-8835778.7542000003,4724497.3818000033],[-8835437.6433000006,4724659.3013999984],[-8835253.1333000008,4724838.0375000015],[-8834567.6614999995,4725340.3478000015],[-8834024.2751000002,4725694.6510000005],[-8833785.6643000003,4725970.4382999986],[-8833306.1282000002,4726648.0377999991],[-8833093.4052000009,4727032.8625999987],[-8832880.4757000003,4727428.199500002],[-8832576.9313999992,4728011.0077999979],[-8832184.9535000008,4728851.4006000012],[-8832046.5194000006,4729174.5993999988],[-8831840.9238000009,4729545.6115999967],[-8831567.3900000006,4730006.4584000036],[-8831403.6885000002,4730309.1185000017],[-8831243.0209999997,4730593.2026999965],[-8830883.6102000009,4731321.8434000015],[-8830680.8588999994,4731710.9343999997],[-8830457.6641000006,4732119.804399997],[-8830301.4002,4732434.2256999984],[-8830224.9986000005,4732575.8775999993],[-8830199.5338000003,4732593.4371000007],[-8830120.0989999995,4732647.1010000035],[-8830112.1860000007,4732650.8925999999],[-8830040.6673000008,4732700.7647999972],[-8830012.9295000006,4732716.0020999983],[-8830012.8570000008,4732719.940200001],[-8829981.0532000009,4732742.9796999991],[-8829949.1780999992,4732769.9562000036],[-8829921.2949999999,4732793.0683000013],[-8829913.3092999998,4732800.7981000021],[-8829893.4130000006,4732816.1806999967],[-8829873.3756000008,4732839.4398000017],[-8829825.4506000001,4732885.8096999973],[-8829821.4570000004,4732889.6736999974],[-8829721.1079999991,4733013.8381000012],[-8829624.1695000008,4733165.6363999993],[-8829563.3177000005,4733274.7840000018],[-8829534.7072999999,4733337.2673999965],[-8829452.4319000002,4733544.4813999981],[-8829452.3592000008,4733548.4173000008],[-8829397.3092,4733767.9585999995],[-8829392.9541999996,4733791.5095999986],[-8829379.5880999994,4733877.9117000028],[-8829366.1515999995,4733968.253200002],[-8829365.7880000006,4733987.941200003],[-8829355.9831000008,4734094.1050999984],[-8829347.1207999997,4734149.0856999978],[-8829342.2552000005,4734200.1983999982],[-8829328.4516000003,4734310.2313999981],[-8829324.2416999992,4734325.9069999978],[-8829310.7312000003,4734420.191399999],[-8829297.5088,4734498.7246000022],[-8829293.2259999998,4734518.3395000026],[-8829276.3739999998,4734581.0489000008],[-8829259.4503000006,4734647.6974000037],[-8829213.6173,4734792.5898000002],[-8829164.0067999996,4734929.5327000022],[-8829102.7774,4735058.384800002],[-8829041.5438999999,4735187.2368000001],[-8828968.6899999995,4735307.9946999997],[-8828888.1336000003,4735420.7325000018],[-8828872.0822000001,4735440.1292999983],[-8828868.0873000007,4735443.9927000031],[-8828816.0068999995,4735502.1108999997],[-8828764.1423000004,4735548.4140999988],[-8828748.1621000003,4735563.8743000031],[-8828712.2796999998,4735594.7173999995],[-8828676.3958000001,4735625.5628999993],[-8828664.5566000007,4735629.2809000015],[-8828664.4835000001,4735633.2189999968],[-8828648.6491999999,4735640.8029000014],[-8828632.7404999994,4735652.3224999979],[-8828620.7564000003,4735663.9165999964],[-8828608.8441000003,4735671.5725999996],[-8828600.9280999992,4735675.3652999997],[-8828557.1994000003,4735706.0626000017],[-8828509.6213000007,4735732.7485999987],[-8828462.1161000002,4735755.4974000007],[-8828414.5401000008,4735782.1832000017],[-8828367.0331999995,4735804.9302999973],[-8828319.4567000009,4735831.6169999987],[-8828315.4614000004,4735835.4804000035],[-8828271.8773999996,4735858.3021000028],[-8828224.3710999992,4735881.0474999994],[-8828176.7939999998,4735907.7321999967],[-8828129.2139999997,4735934.4195000008],[-8828097.4690000005,4735953.5217999965],[-8828029.9125999995,4735999.5288999975],[-8827962.3554999996,4736045.5358000025],[-8827910.7041999996,4736080.0225000009],[-8827894.7206999995,4736095.4817999974],[-8827827.1623999998,4736141.4883000031],[-8827759.4568000007,4736195.3708999977],[-8827691.7503999993,4736249.2558000013],[-8827627.9630999994,4736303.2114999965],[-8827560.2553000003,4736357.0935999975],[-8827532.2847000007,4736384.1450999975],[-8827496.3944000006,4736414.9887000024],[-8827428.6852000002,4736468.8715000004],[-8827364.8242000006,4736526.7638000026],[-8827297.0373999998,4736584.5847000033],[-8827233.1749000009,4736642.4808000028],[-8827229.2523999996,4736642.4069000036],[-8827205.2762000002,4736665.5922999978],[-8827177.3773999996,4736688.7066999972],[-8827149.4784999993,4736711.8181999996],[-8827121.5793999992,4736734.9324000031],[-8827097.6000999995,4736758.1193000004],[-8827085.6853999998,4736765.7754999995],[-8827069.7744999994,4736777.2937999964],[-8827041.9486999996,4736796.4681999981],[-8827014.1216000002,4736815.6424999982],[-8826990.2193999998,4736834.8920999989],[-8826962.4670000002,4736850.1278000027],[-8826938.5634000003,4736869.376000002],[-8826910.8109000009,4736884.6119000018],[-8826906.8870000001,4736884.5379000008],[-8826886.9781999998,4736899.9214000031],[-8826859.1517999992,4736919.0954999998],[-8826831.2514999993,4736942.2094999999],[-8826803.3510999996,4736965.320600003],[-8826775.3029999994,4736996.311300002],[-8826763.3139999993,4737007.9046000019],[-8826755.3225999996,4737015.6334000006],[-8826755.2488000002,4737019.5732000023],[-8826747.2534999996,4737027.3020000011],[-8826666.8839999996,4737128.2229999974],[-8826582.5877,4737229.0688999966],[-8826546.3960999995,4737275.6657000035],[-8826506.0612000003,4737334.0029999986],[-8826493.9975000005,4737349.5363999978],[-8826489.9256999996,4737357.3394000009],[-8826445.3717999998,4737431.3572999984],[-8826433.3080000002,4737446.8906999975],[-8826372.0997000001,4737571.8162999973],[-8826322.3651000001,4737712.7210000008],[-8826293.2740000002,4737798.8555999994],[-8826276.4755000006,4737857.6406000033],[-8826238.2824000008,4738010.5892999992],[-8826233.9141000006,4738034.1482999995],[-8826200.0906000007,4738163.5402000025],[-8826154.4190999996,4738296.6472999975],[-8826154.2710999995,4738304.5252000019],[-8826096.7561000008,4738441.3520999998],[-8826035.6115000006,4738562.3487000018],[-8826015.1794000007,4738605.3066999987],[-8825978.7590999994,4738663.7250000015],[-8825918.2788999993,4738749.2708000019],[-8825862.0188999996,4738819.1335999966],[-8825853.8743999992,4738834.7413000017],[-8825781.7706000004,4738912.185999997],[-8825761.7843999993,4738931.5095999986],[-8825757.7855999991,4738935.375500001],[-8825701.8945000004,4738985.5423000008],[-8825701.8202999998,4738989.4817000031],[-8825681.9054000005,4739004.8671000004],[-8825635.5853000004,4739042.7327999994],[-8825525.7619000003,4739115.0344000012],[-8825325.6391000003,4739383.4255999997],[-8825189.8055000007,4739573.3738999963],[-8824654.8261999991,4740413.0195999965],[-8824559.5561999995,4740571.4817000031],[-8824471.6092000008,4740714.7550999969],[-8824399.7725000009,4740833.8874000013],[-8824329.6730000004,4740953.0537],[-8824180.1966999993,4741130.0829000026],[-8824014.5010000002,4741336.4932999983],[-8823878.6589000002,4741527.7585000023],[-8823763.7787999995,4741714.1878999993],[-8823552.3607000001,4742036.7515999973],[-8823419.8451000005,4742235.0744000003],[-8823276.6231999993,4742447.1670000032],[-8823140.5185000002,4742650.6651000008],[-8823065.4077000003,4742757.5195000023],[-8822886.5527999997,4743012.6018000022],[-8822716.6190000009,4743255.6312000006],[-8822532.4952000007,4743512.3646000028],[-8822385.8916999996,4743717.4177000001],[-8822237.2080000006,4743939.9023000002],[-8822099.2218999993,4744148.6203999966],[-8822034.6926000006,4744246.952200003]]},"properties":{"objectid":8663,"elev":3580,"st_length(shape)":89857.038971707312}},{"type":"Feature","id":8664,"geometry":{"type":"LineString","coordinates":[[-8822037.6125000007,4744095.0160000026],[-8822163.0885000005,4743903.5276999995],[-8822266.8840999994,4743753.5490000024],[-8822358.1334000006,4743622.5450000018],[-8822442.1219999995,4743507.1240999997],[-8822542.2301000003,4743367.558600001],[-8822678.0220999997,4743181.5169999972],[-8822883.7405999992,4742886.7753999978],[-8823001.8618000001,4742714.371799998],[-8823145.0598000009,4742504.0238000005],[-8823333.0604999997,4742224.6714999974],[-8823438.7932999991,4742062.5155000016],[-8823587.7223000005,4741824.3382000029],[-8823738.4494000003,4741582.7057000026],[-8823881.6820999999,4741368.8775999993],[-8824068.9109000005,4741127.9509000033],[-8824165.0971000008,4741009.2840000018],[-8824278.8677999992,4740880.4752999991],[-8824331.0493000001,4740788.9107000008],[-8824431.8326999992,4740610.9540000036],[-8824569.7073999997,4740368.2351000011],[-8824655.2940999996,4740213.8386000022],[-8824791.9002999999,4739984.0637999997],[-8825119.2280000001,4739459.1638000011],[-8825428.8704000004,4738993.6925999969],[-8825532.1642000005,4738898.5496999994],[-8825594.7137000002,4738841.6423000023],[-8825610.7050000001,4738826.1840000004],[-8825618.6987999994,4738818.4548000023],[-8825658.7478999998,4738775.8681000024],[-8825690.8773999996,4738737.0728999972],[-8825703.0167999994,4738717.5993999988],[-8825759.6497000009,4738628.0415999964],[-8825824.6469000001,4738511.0609000027],[-8825849.0014999993,4738468.1767999977],[-8825889.7155000009,4738390.1394999996],[-8825947.0872000009,4738261.1937000006],[-8826000.6799999997,4738124.2981000021],[-8826021.4075000007,4738065.5852999985],[-8826025.6995999999,4738045.9651999995],[-8826029.8447999991,4738034.2216999978],[-8826038.2819999997,4738002.8593999967],[-8826046.5748999994,4737979.373800002],[-8826046.6490000002,4737975.4362000003],[-8826054.9379999992,4737951.9504999965],[-8826059.3793000001,4737924.4530000016],[-8826067.7423,4737897.0297999978],[-8826076.1090999991,4737869.6067999974],[-8826084.3979000002,4737846.121299997],[-8826088.6922999993,4737826.501699999],[-8826088.8403999992,4737818.6240999997],[-8826094.5273000002,4737799.9764000028],[-8826178.8780000005,4737610.5540999994],[-8826251.6972000003,4737429.3922000006],[-8826354.0653000008,4737258.7487000003],[-8826462.9759,4737091.5495000035],[-8826558.2930999994,4736944.0072000027],[-8826804.1565000005,4736699.7490999997],[-8827002.2624999993,4736534.2365000024],[-8827060.4168999996,4736481.6339000016],[-8827063.5307999998,4736481.6925999969],[-8827091.3556999993,4736462.5187000036],[-8827115.2606000006,4736443.2709000036],[-8827143.1589000002,4736420.1574999988],[-8827170.9834000003,4736400.9834999964],[-8827198.8078000005,4736381.8079999983],[-8827218.7862,4736362.4861000031],[-8827222.7833999991,4736358.6218999997],[-8827250.6075999998,4736339.449000001],[-8827278.4317000005,4736320.2722999975],[-8827306.3292999994,4736297.1609999985],[-8827330.2334000003,4736277.9130000025],[-8827358.1306999996,4736254.7991999984],[-8827378.0350000001,4736239.4156000018],[-8827385.9557000007,4736235.6248999983],[-8827449.6665000003,4736185.6092000008],[-8827517.3002000004,4736135.6657999977],[-8827584.9357999992,4736085.7233999968],[-8827652.4946999997,4736039.7175000012],[-8827720.0544000007,4735993.7128000036],[-8827787.6120999996,4735947.7079000026],[-8827859.0181000009,4735905.7128999978],[-8827926.5052000005,4735863.6441000029],[-8827993.9145999998,4735825.5157999992],[-8828049.4107000008,4735795.0398999974],[-8828065.2469999995,4735787.4566000029],[-8828069.2398000006,4735783.5934000015],[-8828112.8238999993,4735760.7727999985],[-8828156.4796999991,4735734.0151999965],[-8828204.0585999992,4735707.3310000002],[-8828251.6385999992,4735680.6464999989],[-8828299.2145000007,4735653.9619999975],[-8828342.8694000002,4735627.2026999965],[-8828386.5984000005,4735596.5063999966],[-8828430.3258999996,4735565.8100000024],[-8828474.0544000007,4735535.1121999994],[-8828482.0434000008,4735527.3831999972],[-8828490.0349000003,4735519.6539999992],[-8828505.9434999991,4735508.1336999983],[-8828521.8509,4735496.6132000014],[-8828525.9177000001,4735488.8106999993],[-8828533.9091999996,4735481.0816000029],[-8828549.8164000008,4735469.5612000003],[-8828561.7284999993,4735461.9052999988],[-8828573.7137000002,4735450.3115999997],[-8828609.7408000007,4735411.5909999982],[-8828625.6491,4735400.070600003],[-8828669.7401000001,4735349.6829999983],[-8828677.7325999998,4735341.9538000003],[-8828725.8167000003,4735287.7027999982],[-8828749.9333999995,4735256.639700003],[-8828806.3738000002,4735174.9693000019],[-8828875.3796999995,4735050.201700002],[-8828940.4606999997,4734925.363499999],[-8828940.5336000007,4734921.4268999994],[-8828993.9973000009,4734788.495099999],[-8829043.6067999993,4734651.552199997],[-8829064.5277999993,4734581.0394999981],[-8829077.3852999993,4734522.1950000003],[-8829085.6668999996,4734498.7145999968],[-8829103.0985000003,4734404.5055999979],[-8829120.1697000004,4734329.9839999974],[-8829124.8193999995,4734290.682099998],[-8829138.6226000004,4734180.6508999988],[-8829143.0549999997,4734153.1617000028],[-8829152.3526000008,4734074.5581],[-8829158.1679999996,4733972.2564999983],[-8829181.3427000009,4733779.6912999973],[-8829203.8589999992,4733622.5631999969],[-8829212.5760999992,4733575.4627000019],[-8829271.2566,4733371.7492000014],[-8829283.6020999998,4733340.4698999971],[-8829353.3160999995,4733176.3517000005],[-8829426.3687999994,4733043.804399997],[-8829446.6294999998,4733008.7349999994],[-8829547.1995999999,4732872.7626999989],[-8829651.2499000002,4732760.4855000004],[-8829759.0051000006,4732660.0917000026],[-8829778.9025999997,4732644.7084999979],[-8829794.8739,4732629.2520999983],[-8829818.6908,4732613.9416000023],[-8829870.3879000004,4732575.5194000006],[-8829878.3772999998,4732567.7899999991],[-8829902.1914000008,4732552.4790999964],[-8829914.0990999993,4732544.8238999993],[-8829941.9078000002,4732525.6490999982],[-8829969.7163999993,4732506.4742000028],[-8830065.5230999999,4732439.928199999],[-8830215.4843000006,4732195.9070999995],[-8830396.7267000005,4731886.9934],[-8830599.4923999999,4731497.9016999975],[-8830932.0174000002,4730869.4833000004],[-8831087.6842999998,4730585.3042000011],[-8831249.9516000003,4730262.6975999996],[-8831458.1765000001,4729863.0428000018],[-8831715.2556999996,4729406.6592999995],[-8831878.4840999991,4729111.8672000021],[-8832048.3183999993,4728716.3430000022],[-8832362.2960999999,4728020.9099999964],[-8832418.1271000002,4727916.5860999972],[-8832524.7640000004,4727613.8693000004],[-8832839.6651000008,4726719.8748999983],[-8833263.0774000008,4725827.9245999977],[-8833761.6989999991,4725278.1441999972],[-8834106.6843999997,4725030.4091000035],[-8834274.5932999998,4724876.9688000008],[-8834526.4242000002,4724699.0879999995],[-8834970.0412000008,4724491.0587000027],[-8835696.9286000002,4724216.0951000005],[-8836100.3880000003,4724112.9179999977],[-8836205.3705000002,4724124.4002000019],[-8836287.1364999991,4724097.0605000034],[-8836332.1132999994,4723987.4510999992],[-8836432.3039999995,4723730.014700003],[-8836612.1067999993,4723296.3945999965],[-8836699.4563999996,4722683.5377999991],[-8836635.2710999995,4722528.7929000035],[-8836575.0159000009,4722422.1187999994],[-8836548.5538999997,4722296.8500000015],[-8836602.3117999993,4722230.6136000007],[-8836693.8739999998,4722189.0511000007],[-8836914.2079000007,4722164.1846999973],[-8837060.9085000008,4722248.3960999995],[-8837262.2466000002,4722487.1745000035],[-8837335.8661000002,4722920.4849999994],[-8837328.9200999998,4723313.9776000008],[-8837292.6180000007,4723745.3665999994],[-8837222.1761000007,4724214.5710000023],[-8836812.9648000002,4724913.0025999993],[-8836608.3728999998,4725125.3967999965],[-8836113.8011000007,4725779.121799998],[-8835845.8330000006,4726057.6039000005],[-8835598.5140000004,4726250.0270000026],[-8835315.2338999994,4726581.0518999994],[-8834705.5022,4727247.1313999966],[-8834124.2063999996,4727923.3370999992],[-8833718.8693000004,4728386.6300999969],[-8833418.7825000007,4728847.0407000035],[-8833132.7536999993,4729322.128200002],[-8832820.1773000006,4729940.8448999971],[-8832584.6065999996,4730532.175499998],[-8832304.5656000003,4731199.5833000019],[-8832049.3641999997,4731814.635300003],[-8831938.7994999997,4732105.6699000001],[-8831688.0395999998,4732999.5231000036],[-8831577.7280000001,4733799.9284000024],[-8831491.4472000003,4734331.7296999991],[-8831413.1882000007,4734685.8969999999],[-8831050.4826999996,4736197.8910000026],[-8830840.7841999996,4736669.8539000005],[-8830478.9143000003,4737345.7098999992],[-8830230.1691999994,4737855.4460000023],[-8829766.0192000009,4738880.4025999978],[-8829391.0471999999,4739738.8215999976],[-8829139.1616999991,4740412.070600003],[-8829069.9096000008,4740613.2226999998],[-8828813.3466999996,4741338.7845000029],[-8828523.2039999999,4742042.7735000029],[-8828348.3486000001,4742505.5139999986],[-8828201.5667000003,4742947.9311999977],[-8828054.2535999995,4743418.1802000031],[-8827946.8692000005,4743603.9836999997],[-8827792.2982999999,4743809.6437999979],[-8827746.0642000008,4743893.9746999964],[-8827717.4368999992,4743992.0900000036],[-8827719.7270999998,4744108.7251000032],[-8827725.6013999991,4744323.311999999],[-8827736.7295999993,4744469.6163000017],[-8827711.1490000002,4744726.5455000028],[-8827671.4537000004,4744997.1303000003],[-8827653.5756000001,4745212.4728000015],[-8827656.4780000001,4745428.2107999995],[-8827673.4944000002,4745630.3037],[-8827654.4463999998,4745908.2588],[-8827592.4024999999,4746261.9513999969],[-8827509.3102000002,4746629.1765000001],[-8827437.0405000001,4746787.8598999977],[-8827257.0722000003,4747146.3166000023],[-8826991.8633999992,4747614.5178000033],[-8826826.6349999998,4747924.5590000004],[-8826693.4297000002,4748374.4038000032],[-8826631.5962000005,4748714.259800002],[-8826673.7010999992,4749056.0945999995],[-8826792.4280999992,4749378.5094000027],[-8826933.7787999995,4749603.9139999971],[-8827104.0291000009,4749767.2221999988],[-8827337.1773000006,4749903.8742000014],[-8827467.8092999998,4749962.0226999968],[-8827806.6097999997,4750010.1675999984],[-8828216.2716000006,4749976.1031000018],[-8828599.1158000007,4749892.7951000035],[-8829204.8785999995,4749750.9934],[-8829698.8451000005,4749655.7986000031],[-8830109.2581999991,4749579.9091000035],[-8830583.5708000008,4749421.6636999995],[-8831027.5596999992,4749026.1920000017],[-8831577.2364000008,4748535.2277999967],[-8831703.2363000009,4748467.9526999965],[-8832150.1370999999,4748288.2660000026],[-8832658.4989,4748158.4052999988],[-8833103.7300000004,4748069.1230999976],[-8833596.4500999991,4748036.362999998],[-8834299.5468000006,4747868.2150999978],[-8835761.9504000004,4746321.9824000001],[-8836919.5285,4745867.8849000037],[-8837148.3482000008,4745545.2032999992],[-8837401.2912000008,4745341.5398000032],[-8838226.4801000003,4744897.9785000011],[-8839044.9748,4744253.4817000031],[-8839231.6629000008,4744082.8786000013],[-8839600.5581,4743546.620099999],[-8839966.6108999997,4743171.0367999971],[-8840245.0736999996,4743002.0464000031],[-8840452.0163000003,4742871.3150999993],[-8840597.9814999998,4742776.3959000036],[-8840808.6355000008,4742582.4974000007],[-8841026.8306000009,4742407.1709000021],[-8841475.1020999998,4741975.0552000031],[-8841587.7215,4741834.7656999975],[-8841746.1988999993,4741621.5161999986],[-8842029.4726,4741473.6585000008],[-8842491.4463999998,4741307.8203999996],[-8842785.3746000007,4741298.1357999966],[-8843030.3488999996,4740745.9952000007],[-8843167.3882999998,4740428.4591000006],[-8843331.6392000001,4740139.2164999992],[-8843434.8737000003,4739772.4354000017],[-8843652.6739000008,4739185.1256000027],[-8843782.1557999998,4738902.2655000016],[-8843966.6586000007,4738641.2158000022],[-8844178.0150000006,4738429.3005999997],[-8844512.7905000001,4738289.0278000012],[-8845069.1999999993,4738145.5778999999],[-8845721.2211000007,4738080.2048000023],[-8846394.0025999993,4738015.1414000019],[-8847062.0639999993,4737817.8545000032],[-8847355.0150000006,4737690.6942000017],[-8848104.2682000007,4737188.8126000017],[-8848383.8060999997,4737033.5970000029],[-8849109.784,4736677.2688999996],[-8850582.3537000008,4735964.8319000006],[-8850875.4364,4735823.6909999996],[-8851330.5307999998,4735511.431599997],[-8852080.5591000002,4734939.8642000034],[-8852619.6348999999,4734566.3928999975],[-8853274.7677999996,4733861.1912999973],[-8853887.6232999992,4733197.0077000037],[-8854248.7525999993,4732688.5973000005],[-8854603.1486000009,4732166.1928000003],[-8855072.8509,4731353.8259000033],[-8855428.9230000004,4730720.3216999993]]},"properties":{"objectid":8664,"elev":3620,"st_length(shape)":94576.152548629849}},{"type":"Feature","id":8665,"geometry":{"type":"LineString","coordinates":[[-8855342.5914999992,4730798.3584999964],[-8854973.0957999993,4731454.0376000032],[-8854579.6915000007,4732121.2458999977],[-8854207.8011000007,4732673.9213000014],[-8853860.5601000004,4733163.6108999997],[-8853551.3447999991,4733495.4214999974],[-8852908.5385999996,4734198.2780999988],[-8852607.2806000002,4734522.2961999997],[-8852112.1951000001,4734870.8884000033],[-8851752.4074000008,4735150.3479999974],[-8850869.5449999999,4735793.757600002],[-8850416.1435000002,4736000.3052999973],[-8849791.4557000007,4736299.1243999973],[-8849134.7653000001,4736621.1633000001],[-8848466.0620000008,4736950.8959000036],[-8848083.5406999998,4737162.510300003],[-8847340.9418000001,4737657.4422999993],[-8847066.4702000003,4737779.6723999977],[-8846399.9559000004,4737970.5877000019],[-8845759.2397000007,4738035.0398000032],[-8845482.3989000004,4738062.0451000035],[-8845051.2793000005,4738106.2327999994],[-8844698.5634000003,4738183.4587000012],[-8844393.0077,4738273.3743999973],[-8844146.5219000001,4738372.2242999971],[-8844038.1215000004,4738477.4056999981],[-8843840.5106000006,4738719.8149000034],[-8843661.7481999993,4739014.0917999968],[-8843558.3875999991,4739285.8835000023],[-8843371.5921,4739817.933799997],[-8843291.4958999995,4740113.935999997],[-8843132.9759999998,4740376.8702000007],[-8843067.1578000002,4740530.3803000003],[-8842736.7171999998,4741233.0438999981],[-8842450.1165999994,4741270.2259000018],[-8842019.8440000005,4741423.4416000023],[-8841704.7797999997,4741589.184299998],[-8841543.5880999994,4741807.6537000015],[-8841393.3366999999,4741999.9726999998],[-8840990.7022999991,4742372.2917999998],[-8840681.7684000004,4742635.6002999991],[-8840524.4433999993,4742780.376199998],[-8840278.0650999993,4742915.684799999],[-8839919.8991999999,4743141.2343999967],[-8839556.2387000006,4743530.0305000022],[-8839197.8355,4744066.4720000029],[-8838625.1896000002,4744546.4334999993],[-8838207.3077000007,4744878.935800001],[-8837415.0160000008,4745307.5274000019],[-8837135.5096000005,4745529.1623999998],[-8836917.2787999995,4745846.7621000037],[-8835729.0802999996,4746295.0279999971],[-8834979.6688000001,4747098.8426999971],[-8834290.6162,4747836.3018999994],[-8833600.0145999994,4747998.3328000009],[-8833097.4607999995,4748032.8069000021],[-8832144.8370999992,4748257.4070999995],[-8831671.0472999997,4748447.1042999998],[-8831567.2322000004,4748504.7163999975],[-8831141.2215999998,4748889.7300999984],[-8830578.6447000001,4749391.2704999968],[-8830105.3589999992,4749549.1731999964],[-8829736.4837999996,4749617.7176999971],[-8828863.6320999991,4749791.9290999994],[-8828208.8270999994,4749930.4743999988],[-8827812.7843999993,4749970.6577999964],[-8827580.0876000002,4749942.4631000012],[-8827422.6939000003,4749903.7765000015],[-8827129.1539999992,4749747.4201999977],[-8826973.6988999993,4749605.5746999979],[-8826854.6289000008,4749420.7607999966],[-8826755.9893999994,4749200.6174999997],[-8826697.0144999996,4748973.2916999981],[-8826666.3698999994,4748710.7907999977],[-8826745.0074000005,4748311.4733000025],[-8826862.8482000008,4747928.7842999995],[-8826985.8306000009,4747693.0223999992],[-8827222.7634999994,4747280.858099997],[-8827431.6536999997,4746888.0148999989],[-8827551.1783000007,4746624.4311999977],[-8827636.9963000007,4746261.0304000005],[-8827681.5316000003,4745992.0820000023],[-8827700.8846000005,4745802.0129000023],[-8827715.2508000005,4745667.3951999992],[-8827698.3879000004,4745512.3554999977],[-8827687.8438000008,4745230.4891000018],[-8827716.8699999992,4744945.4077999964],[-8827765.9375999998,4744644.8439999968],[-8827777.4609999992,4744450.6856999993],[-8827773.2194999997,4744114.2154000029],[-8827803.7693000007,4743912.9966000021],[-8827990.3712000009,4743625.6594000012],[-8828108.8807999995,4743413.6965999976],[-8828259.8955000006,4742940.5729999989],[-8828493.3298000004,4742282.6108999997],[-8828679.6230999995,4741822.0908999965],[-8828877.6702999994,4741365.7732999995],[-8828952.9246999994,4741141.1422000006],[-8829140.3017999995,4740609.2333000004],[-8829447.5131999999,4739792.7611000016],[-8829567.4572999999,4739520.9425000027],[-8829897.6456000004,4738753.0454000011],[-8830182.0559999999,4738128.560999997],[-8830426.6425999999,4737585.0868000016],[-8830868.1762000006,4736742.4582000002],[-8831032.6083000004,4736389.8150999993],[-8831137.1448999997,4736170.6523000002],[-8831288.1268000007,4735505.3828999996],[-8831402.0848999992,4735031.7013000026],[-8831542.5848999992,4734414.3637000024],[-8831618.8573000003,4733906.3995999992],[-8831678.9299999997,4733499.0676999986],[-8831750.3159999996,4732995.8628999963],[-8831868.8299000002,4732531.9847000018],[-8831995.9375,4732121.1317000017],[-8832166.5195000004,4731687.0697000027],[-8832646.6936000008,4730538.1143999994],[-8832877.3914999999,4729951.4963999987],[-8833174.4903999995,4729394.9355000034],[-8833396.5342999995,4729019.5402999967],[-8833751.3026000001,4728444.8511999995],[-8834161.3358999994,4727986.4419],[-8834371.5078999996,4727735.7212999985],[-8834694.0471000001,4727352.5716999993],[-8835240.1765999999,4726766.9724999964],[-8835630.9517000001,4726308.2302000001],[-8835844.3798999991,4726139.2047000006],[-8836185.2521000002,4725794.806599997],[-8836425.2034000009,4725477.4111000001],[-8836694.1607000008,4725141.3329999968],[-8836894.1412000004,4724919.2524000034],[-8837081.7245000005,4724586.5305999964],[-8837308.3812000006,4724206.5045000017],[-8837414.9951000009,4723041.8962000012],[-8837400.0272000004,4722806.4248000011],[-8837320.9492000006,4722411.4213000014],[-8837096.3106999993,4722138.6323999986],[-8836896.9605,4722058.2832000032],[-8836710.4199000001,4722064.5535999984],[-8836546.9223999996,4722119.2295000032],[-8836430.4449000005,4722217.9420000017],[-8836371.1411000006,4722327.2763999999],[-8836373.8763999995,4722442.5218999982],[-8836379.9693,4722503.0381999984],[-8836395.2193,4722526.9173000008],[-8836410.4704999998,4722550.7961999997],[-8836418.1640000008,4722558.8025999963],[-8836433.1349999998,4722598.4152999967],[-8836444.5377999991,4722618.2911999971],[-8836444.1192000005,4722641.8901000023],[-8836455.4548000004,4722665.6991000026],[-8836454.1989999991,4722736.4975000024],[-8836445.5944999997,4722779.6225999966],[-8836428.5996000003,4722854.0746999979],[-8836412.0232999995,4722904.9266000018],[-8836407.9677000009,4722912.7245000005],[-8836407.8979000002,4722916.6576000005],[-8836399.7828000002,4722932.2506000027],[-8836395.5152000003,4722951.8467999995],[-8836387.2631000001,4722975.3061999977],[-8836375.0225000009,4723002.628899999],[-8836366.6280000005,4723033.9563999996],[-8836354.3872999996,4723061.2793999985],[-8836350.1234000009,4723080.8759000003],[-8836345.9953000005,4723092.6055999994],[-8836333.7544,4723119.9299999997],[-8836325.3597999997,4723151.2564999983],[-8836316.9677000009,4723182.5829999968],[-8836304.6568,4723213.8395000026],[-8836304.5868999995,4723217.7730000019],[-8836296.1920999996,4723249.1010999978],[-8836287.7300000004,4723284.3611999974],[-8836279.1940000001,4723323.554899998],[-8836274.9298999999,4723343.1532000005],[-8836270.6619000006,4723362.7501000017],[-8836266.6046999991,4723370.5469999984],[-8836249.6062000003,4723445.0029999986],[-8836220.4367999993,4723542.8501000032],[-8836175.4568000007,4723648.2845000029],[-8836102.9811000004,4723757.1605999991],[-8836034.9124999996,4723838.5733999982],[-8835979.2942999993,4723880.8610000014],[-8835808.8017999995,4723991.9155000001],[-8835583.9466999993,4724074.4465000033],[-8835544.4887000006,4724089.4772000015],[-8835359.2284999993,4724149.1045000032],[-8835134.4367999993,4724227.6930999979],[-8834909.4306000005,4724318.0782999992],[-8834707.9967999998,4724404.950000003],[-8834680.4308000002,4724412.322300002],[-8834660.6314000003,4724423.7697999999],[-8834522.2324999999,4724492.1015999988],[-8834348.5414000005,4724562.0505999997],[-8833864.5536000002,4724667.4956],[-8833466.2049000002,4724866.8153999969],[-8833162.3319000006,4725067.8444999978],[-8832877.5496999994,4725442.2863999978],[-8832714.7342000008,4725835.7113000005],[-8832639.9383000005,4726281.0075000003],[-8832542.3924000002,4726753.8247999996],[-8832427.4495000001,4727265.4321999997],[-8832192.8991999999,4727931.2326000035],[-8831941.3317000009,4728613.5122999996],[-8831782.8681000005,4729068.5568000004],[-8831591.8695999999,4729498.5417999998],[-8831391.2244000006,4729861.810800001],[-8831188.2182999998,4730237.5428000018],[-8831022.9649,4730558.9312999994],[-8830732.1372999996,4731102.4893999994],[-8830508.5889999997,4731531.4751999974],[-8830306.3739999998,4731890.3572999984],[-8830161.1567000002,4732149.5702999979],[-8830006.4581000004,4732378.3913000003],[-8829910.6115000006,4732437.8405999988],[-8829904.2206999995,4732442.2470000014],[-8829900.2260999996,4732446.1111000031],[-8829884.3250999991,4732457.630400002],[-8829856.5164999999,4732476.8062999994],[-8829808.8870999999,4732507.4272999987],[-8829800.8978000004,4732515.1551999971],[-8829757.1875999998,4732545.8488999978],[-8829741.2851,4732557.367899999],[-8829737.2216999996,4732565.1689999998],[-8829625.6901999991,4732657.614699997],[-8829517.8637000006,4732761.9438999966],[-8829421.7254000008,4732870.4287],[-8829413.6626999993,4732882.0934000015],[-8829316.7949999999,4733029.9484999999],[-8829227.2562000006,4733205.5116999969],[-8829223.1154999994,4733217.2511000037],[-8829148.6798999999,4733424.6048000008],[-8829140.1070000008,4733463.8315000013],[-8829096.9642999992,4733675.7115999982],[-8829092.3135000002,4733715.0137000009],[-8829077.7095999997,4733868.3504000008],[-8829058.5283000004,4734057.052699998],[-8829058.1641000006,4734076.7397999987],[-8829048.7201000005,4734163.2194000036],[-8829035.2802000009,4734253.5617000014],[-8829034.9159999993,4734273.2490999997],[-8829009.2711999994,4734387.000500001],[-8829004.6926000006,4734422.3650000021],[-8828979.4882999994,4734512.4912],[-8828962.5627999995,4734579.137500003],[-8828950.2147000004,4734610.4201000035],[-8828912.8796999995,4734720.0151999965],[-8828900.5285999998,4734751.2981999964],[-8828859.3423999995,4734856.8849999979],[-8828798.1071000006,4734985.7330000028],[-8828729.1007000003,4735110.4978],[-8828648.5459000003,4735223.2300999984],[-8828644.5496999994,4735227.0957999974],[-8828632.4919000007,4735242.6261000037],[-8828608.3043000009,4735277.6281000003],[-8828580.3395000007,4735304.679899998],[-8828552.2270999998,4735339.6075000018],[-8828528.2555999998,4735362.7959999964],[-8828512.2741999999,4735378.2541999966],[-8828500.2903000005,4735389.8478000015],[-8828488.3051999994,4735401.441399999],[-8828472.3235999998,4735416.8995999992],[-8828468.3285000008,4735420.7641000003],[-8828460.3397000004,4735428.4931999967],[-8828444.4310999997,4735440.014700003],[-8828428.4506999999,4735455.4715000018],[-8828420.4617999997,4735463.2004999965],[-8828412.4689000007,4735470.9309],[-8828372.6638999991,4735501.7001999989],[-8828328.9364999998,4735532.3960999995],[-8828285.2074999996,4735563.0931999981],[-8828241.4795999993,4735593.7889999971],[-8828193.9038999993,4735620.4729999974],[-8828150.2474000007,4735647.2304999977],[-8828102.6686000004,4735673.9157000035],[-8828055.0921,4735700.5993999988],[-8828047.1721000001,4735704.3901999965],[-8827979.7636999991,4735742.5199000016],[-8827908.4326000009,4735780.5769999996],[-8827840.9498999994,4735822.6453000009],[-8827769.6164999995,4735860.6988999993],[-8827702.1287999991,4735902.7665999979],[-8827634.6444000006,4735944.8342000023],[-8827567.0859999992,4735990.8379999995],[-8827499.5270000007,4736036.8417000026],[-8827447.8741999995,4736071.3259000033],[-8827439.9574999996,4736075.1177999973],[-8827416.0579000004,4736094.3658000007],[-8827400.2206999995,4736101.9469000027],[-8827388.3081999999,4736109.6018000022],[-8827360.4835999999,4736128.7758999988],[-8827336.5811999999,4736148.0236999989],[-8827308.7564000003,4736167.1977000013],[-8827284.8563000001,4736186.445600003],[-8827257.0326000005,4736205.6207000017],[-8827229.2087999992,4736224.7946000025],[-8827205.3045000006,4736244.0423000008],[-8827177.4804999996,4736263.2160999998],[-8827149.6550999992,4736282.3898999989],[-8827133.7476000004,4736293.9101999998],[-8827109.9179999996,4736309.2198000029],[-8827036.4664999992,4736358.200000003],[-8826961.4204999991,4736420.6340999976],[-8826635.5239000004,4736703.2014999986],[-8826416.1522000004,4736944.6379999965],[-8826310.1728000008,4737131.8025999963],[-8826220.8977000006,4737309.3291999996],[-8826141.6574000008,4737480.4104000032],[-8826082.6768999994,4737628.6450000033],[-8826013.2200000007,4737806.5539999977],[-8825974.0947999991,4737881.5473000035],[-8825961.1568999998,4737930.4711000025],[-8825952.9418000001,4737950.0165000036],[-8825944.5759999994,4737977.4395999983],[-8825936.1384999994,4738008.8030000031],[-8825927.8465999998,4738032.2872999981],[-8825927.7725000009,4738036.2260999978],[-8825915.4105999991,4738067.5139999986],[-8825903.0486999992,4738098.803199999],[-8825890.6866999995,4738130.0910999998],[-8825878.3258999996,4738161.3791999966],[-8825874.2533,4738169.183799997],[-8825861.9652999993,4738196.5328999981],[-8825845.6057999991,4738231.6856999993],[-8825829.2449999992,4738266.8395999968],[-8825812.9594999999,4738298.0524000004],[-8825808.8868000004,4738305.8558000028],[-8825784.5338000003,4738348.7391000018],[-8825760.1791999992,4738391.6225000024],[-8825747.9660999998,4738415.0329999998],[-8825735.8232000005,4738434.5046000034],[-8825707.4695999995,4738481.2514000013],[-8825683.0415000003,4738528.0744000003],[-8825679.0428999998,4738531.9387999997],[-8825658.7602999993,4738567.0191999972],[-8825638.4009000007,4738606.0361000001],[-8825626.1129000001,4738633.3872999996],[-8825613.8979000002,4738656.7983999997],[-8825603.1690999996,4738674.8467999995],[-8825559.5210999995,4738727.308600001],[-8825475.7763999999,4738785.4641999975],[-8825381.6154999994,4738869.9764000028],[-8825119.4353,4739273.2744000033],[-8824962.6397999991,4739522.5702000037],[-8824504.5467000008,4740317.1919],[-8824425.8549000006,4740467.6328999996],[-8824324.8079000004,4740659.5534000024],[-8824222.2832999993,4740837.4764999971],[-8824087.0161000006,4740999.0556999967],[-8823940.8798999991,4741183.132100001],[-8823846.3287000004,4741307.0698999986],[-8823689.0850000009,4741525.8667000011],[-8823566.9461000003,4741727.8740999997],[-8823453.7969000004,4741914.3366999999],[-8823344.0879999995,4742102.6145000011],[-8823257.9158999994,4742242.439199999],[-8823116.4298,4742454.5632999986],[-8822978.6162,4742656.2797000036],[-8822871.2306999993,4742813.1678000018],[-8822760.2632999998,4742975.2286000028],[-8822581.3969000001,4743230.3105000034],[-8822409.7463000007,4743471.5596999973],[-8822290.0009000003,4743636.9496999979],[-8822134.5602000002,4743848.818400003],[-8822034.341,4743993.6252999976]]},"properties":{"objectid":8665,"elev":3640,"st_length(shape)":94682.638273109522}},{"type":"Feature","id":8666,"geometry":{"type":"LineString","coordinates":[[-8822030.6667999998,4743913.1919],[-8822136.1701999996,4743764.994599998],[-8822255.9198000003,4743599.6044000015],[-8822420.4185000006,4743368.6978999972],[-8822558.2864999995,4743165.2295000032],[-8822670.9649,4743004.9479999989],[-8822842.6346000005,4742761.9588000029],[-8822960.7883000001,4742587.8115999997],[-8823138.0613000002,4742323.9742999971],[-8823301.2463000007,4742068.6031000018],[-8823396.7440000009,4741895.7731999978],[-8823562.2866999991,4741607.2678999975],[-8823670.1471999995,4741424.2010999992],[-8823847.0485999994,4741177.8392999992],[-8823996.8631999996,4740983.3558999971],[-8824142.6637999993,4740816.7405000031],[-8824196.8834000006,4740709.4980999976],[-8824287.7329999991,4740505.1577999964],[-8824409.5766000003,4740268.8984000012],[-8824865.4375,4739417.8099000007],[-8825210.5197999999,4738826.8872999996],[-8825335.3012000006,4738696.4895000011],[-8825466.0000999998,4738602.7164999992],[-8825536.1695000008,4738506.9496999979],[-8825594.5144999996,4738435.7607999966],[-8825598.5874000005,4738427.9572999999],[-8825634.9360000007,4738373.4808000028],[-8825675.1316999998,4738323.0178999975],[-8825675.2800999992,4738315.1411999986],[-8825703.5578000005,4738272.3339999989],[-8825731.9094999991,4738225.5869999975],[-8825744.0495999996,4738206.115699999],[-8825752.2690999992,4738186.570100002],[-8825756.4121000003,4738174.8276000023],[-8825794.6910999995,4738081.1833999977],[-8825810.1505999994,4738032.7863000035],[-8825879.5441999994,4737883.6753000021],[-8825959.4790000003,4737676.0938000008],[-8826070.1471999995,4737415.996100001],[-8826156.6204000004,4737211.865199998],[-8826232.4295000006,4737047.3610000014],[-8826344.8932000007,4736866.9588999972],[-8826453.4262000006,4736719.6709999964],[-8826725.9670000002,4736462.6502000019],[-8826822.0925999992,4736381.9663999975],[-8826860.5631000008,4736358.822800003],[-8827071.2381999996,4736221.139700003],[-8827223.5690000001,4736106.5002999976],[-8827227.5660999995,4736102.6358999982],[-8827231.4896000009,4736102.7097999975],[-8827255.3160999995,4736087.3991999999],[-8827259.3131000008,4736083.5361000001],[-8827287.1364999991,4736064.3624000028],[-8827310.9627,4736049.0517000034],[-8827338.7872000001,4736029.8778999969],[-8827362.6158000007,4736014.5681999996],[-8827390.4400999993,4735995.3944000006],[-8827418.1895000003,4735980.1586999968],[-8827434.0987,4735968.6393999979],[-8827442.0888,4735960.9108999968],[-8827469.8379999995,4735945.6735000014],[-8827493.6649999991,4735930.3638999984],[-8827505.5784000009,4735922.7102999985],[-8827545.3169,4735895.8786000013],[-8827616.7247000001,4735853.8884000033],[-8827684.1351999994,4735815.7594999969],[-8827755.5406999998,4735773.7659000009],[-8827822.9500999991,4735735.6375999972],[-8827894.2824000008,4735697.5825999975],[-8827961.6908,4735659.4523999989],[-8828033.0220999997,4735621.3967000023],[-8828048.8568999991,4735613.8149000034],[-8828092.5134999994,4735587.0578999966],[-8828140.0919000003,4735560.3743999973],[-8828183.8212000001,4735529.6780000031],[-8828227.5503000002,4735498.9826999977],[-8828271.2020999994,4735472.2251999974],[-8828315.0024999995,4735437.5920000002],[-8828354.8114,4735406.8216999993],[-8828358.8771000002,4735399.0192999989],[-8828370.7892000005,4735391.3636000007],[-8828382.7771000005,4735379.7703000009],[-8828398.7548999991,4735364.3110999987],[-8828410.7426999994,4735352.7188000008],[-8828426.7229999993,4735337.2597000003],[-8828438.7811999992,4735321.7295999974],[-8828454.6896000002,4735310.2083000019],[-8828462.6784000006,4735302.4790999964],[-8828482.8008999992,4735275.2810000032],[-8828494.7847000007,4735263.6875],[-8828534.9538000003,4735213.2277999967],[-8828543.0153999999,4735201.5610999987],[-8828567.0607999992,4735174.4362000003],[-8828575.1224000007,4735162.7681000009],[-8828651.8312999997,4735046.0260000005],[-8828716.9879999999,4734917.2528000027],[-8828778.2237999998,4734788.4050000012],[-8828831.6888999995,4734655.4756999984],[-8828835.8267999999,4734643.7360000014],[-8828839.9684999995,4734631.9963999987],[-8828881.5914999992,4734502.7853000015],[-8828885.6601999998,4734494.9834000021],[-8828919.3672000002,4734369.5661000013],[-8828923.7235000003,4734346.0156000033],[-8828941.159,4734251.8059],[-8828954.3082999997,4734177.2136000022],[-8828958.8869000003,4734141.8496999964],[-8828978.1432000007,4733949.2061000019],[-8828988.0247000009,4733839.1068999991],[-8828997.3269999996,4733760.505900003],[-8829024.5686000008,4733560.1423999965],[-8829037.3520999998,4733505.2399000004],[-8829079.6253999993,4733340.6089999974],[-8829104.6812999994,4733258.366899997],[-8829182.6049000006,4733074.7110000029],[-8829190.6641000006,4733063.0460999981],[-8829283.7609999999,4732907.2436000034],[-8829384.2594000008,4732775.2113000005],[-8829492.2326999996,4732663.0095999986],[-8829599.9133000001,4732566.5555000007],[-8829711.3714000005,4732478.0474999994],[-8829727.2699999996,4732466.5283999965],[-8829747.1657999996,4732451.1454999968],[-8829794.8701000009,4732416.5882999972],[-8829810.7723999992,4732405.0692000017],[-8829846.4937999994,4732382.1023000032],[-8829894.1974999998,4732347.5447999984],[-8829898.1895000003,4732343.6807999983],[-8829900.3567999993,4732342.186499998],[-8829992.9890000001,4732292.5166999996],[-8830137.3796999995,4732078.6167000011],[-8830360.7714000009,4731659.686300002],[-8830620.0738999993,4731196.1059999987],[-8830947.7577,4730557.5439999998],[-8831152.0653000008,4730121.5929000005],[-8831290.9719999991,4729850.3586999997],[-8831530.2120999992,4729382.8910000026],[-8831701.2926000003,4728966.5305000022],[-8831961.1878999993,4728133.6061000004],[-8832191.1116000004,4727417.4571999982],[-8832257.7416999992,4727117.1449000016],[-8832397.0548999999,4726488.7383000031],[-8832501.3781000003,4725949.0596999973],[-8832641.0627999995,4725298.3963999972],[-8832776.0808000006,4724904.4860000014],[-8833009.4165000003,4724607.2833999991],[-8833300.9535000008,4724473.0323000029],[-8833664.9334999993,4724330.9966000021],[-8833696.6830000002,4724309.5886999965],[-8834501.3538000006,4723964.119599998],[-8835101.5869999994,4723872.9531000033],[-8835141.0448000003,4723857.9246999994],[-8835299.0178999994,4723789.9408000037],[-8835366.1793000009,4723759.6706999987],[-8835572.3512999993,4723625.6577999964],[-8835592.2210000008,4723610.2757000029],[-8835684.2196999993,4723505.6890999973],[-8835748.8604000006,4723396.6767999977],[-8835789.8561000004,4723295.1099999994],[-8835819.0287999995,4723197.2668000013],[-8835823.1576000005,4723185.5368999988],[-8835852.1896000002,4723095.5610999987],[-8835856.3882999998,4723079.8982999995],[-8835864.6416999996,4723056.4387999997],[-8835898.7148000002,4722818.007100001],[-8835945.1404999997,4722626.8395000026],[-8836086.7160999998,4722461.3800000027],[-8836237.3333000001,4722324.8818000033],[-8836398.0149000008,4722159.7648999989],[-8836524.2195999995,4722051.6278999969],[-8836726.2855999991,4721978.4426999986],[-8836998.5866,4721988.1000000015],[-8837196.8344999999,4722130.8233999982],[-8837364.8909000009,4722359.4047000036],[-8837478.3545999993,4722702.2172000036],[-8837493.2394999992,4722942.4848000035],[-8837440.7838000003,4723748.0031000003],[-8837404.1456000004,4724198.6074000001],[-8837172.1192000005,4724612.1459000036],[-8836984.6230999995,4724940.0709000006],[-8836765.0132999998,4725190.6101000011],[-8836627.6790999994,4725385.0063000023],[-8836515.0079999994,4725536.6331999972],[-8836090.0701000001,4726037.9776000008],[-8835696.5983000007,4726381.4354000017],[-8835305.5658999998,4726854.5847000033],[-8834740.2244000006,4727444.6476000026],[-8834363.1919,4727932.4688000008],[-8833874.8479999993,4728490.3189999983],[-8833342.6446000002,4729354.7708000019],[-8833006.1677000001,4729973.0601999983],[-8832640.9461000003,4730855.0556000024],[-8832505.1874000002,4731217.6679999977],[-8832104.8190000001,4732185.5864000022],[-8831869.4727999996,4733022.0759999976],[-8831787.5613000002,4733577.9452999979],[-8831673.7798999995,4734306.2515999973],[-8831520.2994999997,4735110.7703000009],[-8831290.8879000004,4736139.8431999981],[-8831111.4091999996,4736530.6559000015],[-8830902.4985000007,4736959.3897999972],[-8830407.6937000006,4737834.7005999982],[-8830148.2103000004,4738406.7551999986],[-8829947.5519999992,4738903.006099999],[-8829558.0561999995,4739770.7793999985],[-8829226.3844000008,4740615.6472000033],[-8829051.7750000004,4741135.0569000021],[-8828880.8640999999,4741619.634800002],[-8828769.2598999999,4741887.2199999988],[-8828495.2617000006,4742603.8946999982],[-8828198.9703000002,4743455.050999999],[-8828064.5177999996,4743674.6494000033],[-8827911.5877,4743879.1489999965],[-8827874.6176999994,4743945.7180999964],[-8827850.3725000005,4744048.4008999988],[-8827829.2162999995,4744217.6203999966],[-8827819.2036000006,4744542.7072999999],[-8827799.1903000008,4744768.4430999979],[-8827752.7408000007,4745140.4670000002],[-8827746.4517000001,4745477.554899998],[-8827766.5252,4745672.3268000036],[-8827705.0364999995,4746214.7009000033],[-8827602.2350999992,4746641.2630999982],[-8827388.3681000005,4747089.5560000017],[-8826987.7742999997,4747800.1972000003],[-8826905.8600999992,4747953.4061999992],[-8826784.3673999999,4748320.1542999968],[-8826710.1291000005,4748695.745099999],[-8826740.6259000003,4748966.179899998],[-8826795.6505999994,4749193.4306000024],[-8826906.0703999996,4749417.7646000013],[-8827013.8820999991,4749570.6149000004],[-8827192.8972999994,4749720.8417999968],[-8827451.5416000001,4749840.817900002],[-8827782.4309,4749902.6147999987],[-8828178.3972999994,4749866.4003999978],[-8828825.1480999999,4749735.6449000016],[-8829642.5287999995,4749568.3417999968],[-8830082.6746999994,4749493.1886000037],[-8830548.0550999995,4749335.1413000003],[-8831187.1568,4748755.6497000009],[-8831501.0077999998,4748451.9061999992],[-8832106.4123999998,4748197.1766000018],[-8832701.7226999998,4748061.2774000019],[-8833070.8838999998,4747972.7980000004],[-8833605.0416999999,4747938.9015000015],[-8834267.9121000003,4747780.3356000036],[-8834856.2752,4747148.1915000007],[-8835658.4719999991,4746265.9829000011],[-8836907.1577000003,4745825.498499997],[-8837125.3414999992,4745510.5341000035],[-8837407.5646000002,4745283.6779000014],[-8838200.0404000003,4744844.5508999974],[-8839182.6028000005,4744037.2194999978],[-8839509.3421999998,4743510.7607000023],[-8839886.2576000001,4743114.2964000031],[-8840183.3113000002,4742932.4627000019],[-8840522.8279999997,4742722.3884000033],[-8840933.0879999995,4742366.0153999999],[-8841338.3925000001,4741991.1111999974],[-8841480.4574999996,4741817.0904999971],[-8841655.2651000004,4741569.882600002],[-8841997.0110999998,4741378.2637000009],[-8842440.4861999992,4741220.0103999972],[-8842696.4415000007,4741190.1673000008],[-8842968.1823999994,4740544.5317000002],[-8843228.7353000008,4740089.0622000024],[-8843322.1681999993,4739706.0605999976],[-8843526.4475999996,4739075.1986000016],[-8843681.2592999991,4738796.3687999994],[-8843859.3413999993,4738541.7317000031],[-8844076.1448999997,4738331.3716999963],[-8844255.5266999993,4738231.3734000027],[-8844592.8619999997,4738130.1128000021],[-8845064.1945999991,4738043.0230000019],[-8845657.2806000002,4737993.6625000015],[-8846392.7271999996,4737930.821800001],[-8847039.4370000008,4737743.5380000025],[-8847333.9082999993,4737605.7889000028],[-8847753.1071000006,4737327.4201999977],[-8848092.4889000002,4737099.235799998],[-8848944.7324000001,4736653.6701999977],[-8849844.1962000001,4736212.7981000021],[-8850838.8158999998,4735741.7252999991],[-8851877.8946000002,4734958.2058999985],[-8852568.6545000002,4734470.1467999965],[-8853046.7883000001,4733946.9045000002],[-8853822.2503999993,4733091.6658999994],[-8854517.4567000009,4732064.7736999989],[-8854837.7719000001,4731527.1379000023],[-8855271.9673999995,4730773.4565000013]]},"properties":{"objectid":8666,"elev":3660,"st_length(shape)":94669.613196804377}},{"type":"Feature","id":8667,"geometry":{"type":"LineString","coordinates":[[-8822035.9912999999,4743817.2106000036],[-8822127.1098999996,4743693.193400003],[-8822268.3998000007,4743493.2827000022],[-8822379.3472000007,4743332.9658000022],[-8822499.0875000004,4743167.5794999972],[-8822658.4563999996,4742931.3392999992],[-8822876.5441999994,4742626.362999998],[-8823073.4834000003,4742334.9575999975],[-8823141.5681999996,4742231.4657000005],[-8823267.5329,4742012.0605000034],[-8823390.0810000002,4741789.0995000005],[-8823534.1228999998,4741533.3694999963],[-8823693.3082999997,4741304.1328999996],[-8823804.2089000009,4741143.8330999985],[-8823959.1736999992,4740952.9428000003],[-8824099.6587000005,4740791.4660999998],[-8824221.4290999994,4740516.113499999],[-8824279.3556999993,4740396.7199999988],[-8824360.6911999993,4740231.4453999996],[-8824758.7369999997,4739465.5667999983],[-8824991.4441999998,4739048.4311999977],[-8825223.3169999998,4738674.4421000034],[-8825404.4634000007,4738535.1605999991],[-8825501.9879999999,4738447.3958000019],[-8825696.2907999996,4738135.7661999986],[-8825779.7233000007,4737918.2905000001],[-8825884.4146999996,4737624.8853999972],[-8826058.5536000002,4737153.5869999975],[-8826188.5395999998,4736920.4170000032],[-8826331.5489000008,4736697.4531999975],[-8826574.0450999998,4736456.4613000005],[-8826705.2629000004,4736332.8351000026],[-8827000.2936000004,4736109.4258999974],[-8827321.0159000009,4735931.0547000021],[-8827344.8418000005,4735915.7452000007],[-8827364.6743999999,4735904.3000999987],[-8827392.4984000009,4735885.1264000013],[-8827416.3239999991,4735869.8170000017],[-8827444.0731000006,4735854.5798999965],[-8827467.8998000007,4735839.2704000026],[-8827479.8118999992,4735831.6155999973],[-8827495.6487000007,4735824.0358999968],[-8827519.4779000003,4735808.7248999998],[-8827543.3032000009,4735793.4152999967],[-8827555.1429999992,4735789.6983999982],[-8827598.8003000002,4735762.9433000013],[-8827666.1381000001,4735728.7541999966],[-8827737.4695999995,4735690.6988999993],[-8827808.8018999994,4735652.6446999982],[-8827876.2103000004,4735614.5151999965],[-8827947.5416000001,4735576.4602999985],[-8828014.9516000003,4735538.3315000013],[-8828038.7767999992,4735523.0210999995],[-8828082.4317000005,4735496.2630999982],[-8828126.1609000005,4735465.5684999973],[-8828169.8167000003,4735438.8101999983],[-8828213.5440999996,4735408.1167000011],[-8828253.4224999994,4735373.4090000018],[-8828293.3005999997,4735338.7025000006],[-8828301.2163999993,4735334.9101999998],[-8828309.2079000007,4735327.181400001],[-8828321.1930999998,4735315.5881000012],[-8828337.1747999992,4735300.1301999986],[-8828349.1587000005,4735288.5370000005],[-8828357.1513999999,4735280.8079999983],[-8828365.1402000003,4735273.0790999979],[-8828377.1972000003,4735257.5468000025],[-8828393.1787,4735242.0901999995],[-8828405.2368000001,4735226.5591999963],[-8828413.2281999998,4735218.8290000036],[-8828437.2699999996,4735191.704400003],[-8828441.2663000003,4735187.8413999975],[-8828481.6545000002,4735125.5687000006],[-8828485.6508000009,4735121.7030000016],[-8828501.7010999992,4735102.3074000031],[-8828574.5602000002,4734981.5556000024],[-8828635.7982000001,4734852.7092000023],[-8828697.0347000007,4734723.862499997],[-8828717.5932999998,4734673.0397000015],[-8828738.1491,4734622.2168999985],[-8828754.5654000007,4734583.132600002],[-8828787.8366999999,4734481.3414999992],[-8828804.3984999992,4734434.3825000003],[-8828825.5366999991,4734352.0591999963],[-8828846.6042999998,4734273.6753999963],[-8828855.2481999993,4734230.5082999989],[-8828882.4978999998,4734030.1362000033],[-8828891.2872000001,4733979.0965000018],[-8828901.6824999992,4733841.4334999993],[-8828920.9377999995,4733648.7980000004],[-8828929.5103999991,4733609.5709000006],[-8828960.0924999993,4733440.7810000032],[-8828989.6536999997,4733327.1158000007],[-8829027.1280000005,4733209.6596999988],[-8829068.2364000008,4733108.0261000022],[-8829157.7042999994,4732936.4033000022],[-8829177.8903999999,4732905.2716000006],[-8829254.4278999995,4732796.4236999974],[-8829358.6259000003,4732676.2766999975],[-8829466.4570000004,4732571.9500999972],[-8829577.9849999994,4732479.5068999976],[-8829689.3672000002,4732394.9378999993],[-8829705.2682000007,4732383.4177000001],[-8829733.0780999996,4732364.2437999994],[-8829741.0661999993,4732356.5157999992],[-8829780.8546999991,4732325.7501000017],[-8829824.5636999998,4732295.0569999963],[-8829832.4779000003,4732291.2656999975],[-8829884.1757999994,4732252.8434000015],[-8829887.6513999999,4732249.4796999991],[-8830036.4406000003,4732112.001699999],[-8830170.6136000007,4731907.988499999],[-8830316.9367999993,4731588.3650000021],[-8830503.6409000009,4731254.3876999989],[-8830842.8365000002,4730535.4641999975],[-8831072.5207000002,4730024.0582000017],[-8831191.5972000007,4729790.8885999992],[-8831401.4792999998,4729300.0252000019],[-8831551.2447999995,4728956.9646999985],[-8831647.1761000007,4728680.1630999967],[-8831842.5692999996,4728173.9465999976],[-8831950.3993999995,4727809.5177000016],[-8832149.4757000003,4727260.3430999964],[-8832247.4508999996,4726765.1796000004],[-8832357.1414000001,4726236.7529999986],[-8832509.7785999998,4725485.816399999],[-8832642.6841000002,4724902.0502000004],[-8832831.3541999999,4724308.1683999971],[-8833155.2105999999,4723923.3162999973],[-8833493.0987,4723683.8540000021],[-8834317.6728000008,4723274.5863000005],[-8835103.4816999994,4722853.4055999964],[-8835406.2111000009,4722704.0291000009],[-8835432.6777999997,4722680.0363000035],[-8835998.5618999992,4722311.0046999976],[-8836449.2917999998,4721963.8941999972],[-8836748.2039000001,4721820.4463],[-8837058.5601000004,4721840.380400002],[-8837327.1317999996,4722061.1471000016],[-8837534.6467000004,4722492.0200000033],[-8837605.0209999997,4722838.8696999997],[-8837599.8620999996,4723674.0236999989],[-8837528.4192999993,4724200.8178000003],[-8837266.5311999992,4724681.0403999984],[-8837069.1370000001,4725027.9970000014],[-8836800.0248000007,4725373.6811999977],[-8836540.4550999999,4725719.5403999984],[-8835920.8661000002,4726409.4711000025],[-8835580.1353999991,4726744.2791000009],[-8835018.9956999999,4727368.0423000008],[-8834593.9927999992,4727864.6080000028],[-8834378.5247000009,4728144.0560000017],[-8833895.2122000009,4728687.6013000011],[-8833623.3830999993,4729172.5593999997],[-8833246.9353,4729886.185800001],[-8833032.7803000007,4730353.0205999985],[-8832828.1707000006,4730820.0464000031],[-8832382.6196999997,4731907.2198999971],[-8832132.3622999992,4732512.797799997],[-8831988.193,4733072.3039999977],[-8831910.1964999996,4733676.3000999987],[-8831819.8504000008,4734169.5802000016],[-8831593.5241,4735294.7396000028],[-8831390.8512999993,4736170.5227999985],[-8831235.0393000003,4736576.1943000033],[-8831115.7039999999,4736819.1269000024],[-8830891.5493999999,4737295.6595000029],[-8830698.3813000005,4737647.7996999994],[-8830485.5254999995,4738028.4267000034],[-8830101.2511,4738877.0139999986],[-8829786.5864000004,4739582.7131000012],[-8829365.0384999998,4740627.8487000018],[-8829063.2542000003,4741421.4985999987],[-8828912.1239,4741811.805399999],[-8828666.2257000003,4742438.9341999963],[-8828398.3483000007,4743166.5006000027],[-8828267.5529999994,4743540.441399999],[-8828126.8659000006,4743726.0036000013],[-8827962.3751999997,4743931.2849999964],[-8827934.4794999994,4743991.2562000006],[-8827922.0617999993,4744118.7362999991],[-8827896.7870000005,4744397.2198999971],[-8827857.8380999994,4744870.3985000029],[-8827828.1472999994,4745205.9604000002],[-8827817.8445999995,4745578.8730000034],[-8827806.4752999991,4746008.9246999994],[-8827732.1401000004,4746404.193599999],[-8827671.102,4746624.9162999988],[-8827441.0929000005,4747108.0461999997],[-8827094.1690999996,4747753.7277000025],[-8826952.1402000003,4748006.567400001],[-8826856.7803000007,4748270.3800999969],[-8826805.8224999998,4748666.1710999981],[-8826829.2049000002,4749026.3958000019],[-8826895.1589000002,4749259.6586999968],[-8827035.2739000004,4749467.4266000018],[-8827159.9765000008,4749604.2889000028],[-8827434.9660999998,4749764.1623999998],[-8827765.8554999996,4749800.6599000022],[-8828168.0587000009,4749784.6818000004],[-8829099.2063999996,4749600.3606999964],[-8829764.7798999995,4749468.1801000014],[-8830154.5683999993,4749398.0891999975],[-8830515.4573999997,4749260.1955000013],[-8830930.7499000002,4748894.6459999979],[-8831458.9462000001,4748396.6819999963],[-8831675.5905000009,4748269.5467000008],[-8832036.6647999994,4748118.1675999984],[-8832527.3030999992,4748022.9496000037],[-8833008.2559999991,4747907.3584000021],[-8833608.2484000009,4747874.6076999977],[-8834250.6489000004,4747718.1933000013],[-8834564.7215999998,4747384.3273999989],[-8835182.8234000001,4746713.0552999973],[-8835603.2364000008,4746233.1981000006],[-8836132.3081999999,4746041.0279000029],[-8836889.3052999992,4745796.1904999986],[-8837109.8793000001,4745494.4463],[-8837415.9954000004,4745252.2062999979],[-8838171.6916000005,4744815.061499998],[-8839150.7938999999,4744020.9499000013],[-8839357.8071999997,4743668.3562000021],[-8839484.1231999993,4743452.3523999974],[-8839636.5952000003,4743286.4209000021],[-8839860.5776000004,4743082.2291999981],[-8840205.3976000007,4742869.6212000027],[-8840526.4127999991,4742667.126500003],[-8841112.7535999995,4742142.5980999991],[-8841264.9968999997,4741987.1960000023],[-8841409.5947999991,4741818.4891000018],[-8841619.2285999991,4741529.7417000011],[-8841955.8644999992,4741330.1335000023],[-8842429.8826000001,4741178.2886999995],[-8842651.3145000003,4741145.1655000001],[-8842788.1839000005,4740774.5850000009],[-8842927.1212000009,4740477.9658999965],[-8843118.3549000006,4740057.9500999972],[-8843286.6629000008,4739412.4702000022],[-8843412.3593000006,4739105.5772999972],[-8843575.4697999991,4738762.3852000013],[-8843794.6813999992,4738463.8347000033],[-8844018.6241999995,4738279.5754000023],[-8844248.6765000001,4738129.0090000033],[-8844909.9206000008,4737999.2502999976],[-8845764.5559,4737906.3278999999],[-8846384.4517999999,4737846.3084999993],[-8847002.9640999995,4737668.6679000035],[-8847255.3596000001,4737578.876500003],[-8847973.2917999998,4737053.5508999974],[-8848756.0832000002,4736646.8307000026],[-8849622.7420000006,4736221.3083000034],[-8850813.0207000002,4735636.5182000026],[-8851913.2006999999,4734825.1613000035],[-8852505.8047000002,4734371.4672000036],[-8853002.2710999995,4733862.4728000015],[-8853680.2886999995,4733081.115199998],[-8854159.2109999992,4732407.3418999985],[-8854453.7124000005,4731972.3188999966],[-8855141.4046,4730778.2911999971]]},"properties":{"objectid":8667,"elev":3680,"st_length(shape)":94508.198669781181}},{"type":"Feature","id":8668,"geometry":{"type":"LineString","coordinates":[[-8822033.5923999995,4743670.4187000021],[-8822096.0096000005,4743591.2678999975],[-8822267.6027000006,4743353.5141000003],[-8822418.0831000004,4743127.5825999975],[-8822612.8712000009,4742858.8390000015],[-8822755.9790000003,4742653.7325000018],[-8822943.7595000006,4742386.6063999981],[-8823029.7368999999,4742257.2586999983],[-8823137.5140000004,4742079.4246999994],[-8823265.1826000009,4741861.8024000004],[-8823452.7939999998,4741510.8470999971],[-8823565.7057000007,4741336.6130999997],[-8823730.5690000001,4741083.0380999967],[-8823876.2093000002,4740925.1542999968],[-8824027.2603999991,4740756.8958000019],[-8824075.0237000007,4740623.3343999982],[-8824124.2921999991,4740502.0283000022],[-8824205.9503000006,4740323.7124999985],[-8824296.1623999998,4740147.2158000022],[-8824776.6690999996,4739216.9453999996],[-8824951.5569000002,4738885.0203000009],[-8825142.2042999994,4738593.2343000025],[-8825333.5771999992,4738437.5539999977],[-8825448.8763999995,4738283.7449999973],[-8825660.7000999991,4737919.3492999971],[-8825716.7589999996,4737751.1433999985],[-8825812.1619000006,4737424.378700003],[-8825977.1368000004,4736913.0920000002],[-8826144.5256999992,4736624.2202999964],[-8826266.4618999995,4736467.2361000031],[-8826552.8380999994,4736177.303199999],[-8826881.1541000009,4735941.2563000023],[-8827215.1327999998,4735755.0859000012],[-8827495.5481000002,4735619.1827000007],[-8827507.4612000007,4735611.5269000009],[-8827515.3774999995,4735607.7362999991],[-8827543.1256000008,4735592.5007999986],[-8827566.8806999996,4735581.1294],[-8827594.6286999993,4735565.8936000019],[-8827618.3812000006,4735554.5208000019],[-8827642.2057000007,4735539.2110999972],[-8827650.1258000005,4735535.4206999987],[-8827701.6245000008,4735508.8128999993],[-8827772.9556000009,4735470.7597000003],[-8827840.3629000001,4735432.6309999973],[-8827907.9163000006,4735386.627700001],[-8827979.3191,4735344.6353999972],[-8827999.2233000007,4735329.2506000027],[-8828042.9519999996,4735298.5578999966],[-8828086.6791999992,4735267.8625999987],[-8828126.5573999994,4735233.1560000032],[-8828166.3620999996,4735202.389700003],[-8828174.3549000006,4735194.6598000005],[-8828182.3438000008,4735186.9310000017],[-8828198.2509000003,4735175.4116000012],[-8828210.2361999992,4735163.8184999973],[-8828226.2163999993,4735148.3611000031],[-8828238.2747000009,4735132.8303999975],[-8828254.1817000005,4735121.3106999993],[-8828266.2400000002,4735105.7800000012],[-8828278.3713000007,4735086.3113999963],[-8828290.4320999999,4735070.7792999968],[-8828306.4094999991,4735055.3219999969],[-8828306.4826999996,4735051.3840999976],[-8828314.4738999996,4735043.6555999964],[-8828350.9405000005,4734981.3122000024],[-8828354.8622999992,4734981.3856000006],[-8828354.9353999998,4734977.4466999993],[-8828387.4810000006,4734915.0289999992],[-8828419.9530999996,4734856.550499998],[-8828477.0500000007,4734739.4447999969],[-8828481.2627000008,4734723.7687999979],[-8828538.5067999996,4734598.7906000018],[-8828546.5680999998,4734587.1231999993],[-8828600.1053999998,4734450.2600999996],[-8828604.2473000009,4734438.5221000016],[-8828675.148,4734211.3893000036],[-8828675.3669000007,4734199.5769999996],[-8828710.3158,4734007.2273000032],[-8828724.5593999997,4733873.5756999999],[-8828733.5720000006,4733810.7241000012],[-8828756.8246999998,4733614.2242999971],[-8828770.1918000001,4733527.8241999969],[-8828791.9871999994,4733410.0738999993],[-8828830.3401999995,4733245.3725000024],[-8828851.0407999996,4733186.6811999977],[-8828908.8516000006,4733030.2229999974],[-8828977.9136999995,4732901.5436000004],[-8829002.1708000004,4732862.6128999963],[-8829098.8957000002,4732722.6371999979],[-8829203.0987,4732602.4927000031],[-8829310.9265999999,4732498.1686000004],[-8829422.5277999993,4732401.7907999977],[-8829533.9103999995,4732317.2229999974],[-8829649.2118999995,4732232.7274999991],[-8829665.1865999997,4732217.2718999982],[-8829685.0820000004,4732201.8894999996],[-8829704.9748,4732186.5068000033],[-8829756.6725999992,4732148.0868000016],[-8829764.6579,4732140.3579000011],[-8829808.5111999996,4732101.7920000032],[-8829840.3858000003,4732074.8178000003],[-8829860.3506000005,4732055.4971000031],[-8829884.3124000002,4732032.3139000013],[-8829900.2851,4732016.8584000021],[-8829928.2371999994,4731989.8112000003],[-8829932.3015000001,4731982.0107000023],[-8829968.3135000002,4731943.2980000004],[-8830000.4045000002,4731904.5138999969],[-8830020.5133999996,4731877.3213],[-8830036.6305,4731853.9926000014],[-8830073.1497000009,4731787.7242000028],[-8830085.3458999991,4731764.3216999993],[-8830114.0930000003,4731693.9728000015],[-8830134.5631000008,4731647.0982000008],[-8830171.9477999993,4731533.5930000022],[-8830172.0200999994,4731529.6565999985],[-8830217.1725999992,4731420.2330000028],[-8830217.2448999994,4731416.2965999991],[-8830225.3739,4731400.6974999979],[-8830229.3680000007,4731396.8325000033],[-8830308.6440999992,4731220.5618999973],[-8830386.5362,4731075.9547000006],[-8830469.7170000002,4730916.3386999965],[-8830543.0524000004,4730746.4702999964],[-8830580.0881999992,4730641.4001000002],[-8830700.7952999994,4730383.0820000023],[-8830822.3914000001,4730104.6040000021],[-8830984.5177999996,4729793.4616999999],[-8831097.2778999992,4729451.3408999965],[-8831328.4522999991,4728820.6974999979],[-8831545.8640999999,4728213.2233999968],[-8831689.9858999997,4727791.5371000022],[-8831865.6740000006,4727280.2383000031],[-8831971.0537,4726974.805399999],[-8832119.3268999998,4726322.7308000028],[-8832241.8736000005,4725803.8436999992],[-8832325.3392999992,4725421.2206000015],[-8832474.0490000006,4724742.5260000005],[-8832569.8901000004,4724410.2673999965],[-8832751.1546999998,4723952.6609999985],[-8833020.1887999997,4723606.884300001],[-8833288.8431000002,4723281.1428000033],[-8833608.3333999999,4723086.5725999996],[-8834262.7316999994,4722948.1567000002],[-8834980.3651000001,4722620.4883999974],[-8835466.9963000007,4722375.4523999989],[-8835943.6897999998,4722126.8813000023],[-8836444.9947999995,4721801.9312999994],[-8837216.2973999996,4721251.3808000013],[-8838012.9967999998,4720764.6886000037],[-8839017.1192000005,4720201.4843000025],[-8839560.1664000005,4719950.6234000027],[-8839961.7817000002,4719800.7566],[-8840110.5510000009,4719850.1031000018],[-8840186.3083999995,4719891.4926000014],[-8840234.6629000008,4719979.1429999992],[-8840232.5193000007,4720102.6354999989],[-8840174.9864000008,4720352.0317000002],[-8840101.5250000004,4720561.0887999982],[-8839980.2431000005,4720842.7673000023],[-8839876.1571999993,4721091.3636000007],[-8839793.5240000002,4721253.5258999988],[-8839444.9370000008,4721791.6811000034],[-8839121.5117000006,4722220.0961999968],[-8838671.0006000008,4722876.7023999989],[-8838138.8654999994,4723632.0781000033],[-8837769.4495999999,4724210.0095999986],[-8837290.0329999998,4724986.4149999991],[-8836979.3620999996,4725435.1626999974],[-8836757.8600999992,4725731.8492999971],[-8836311.9649999999,4726298.4560000002],[-8835949.2388000004,4726676.139200002],[-8835643.8070999999,4727011.4211999997],[-8835328.3760000002,4727346.5245999992],[-8834761.2555999998,4727984.4734999985],[-8834441.2990000006,4728382.9842000008],[-8834203.2037000004,4728669.373999998],[-8833896.6919,4729058.1125999987],[-8833792.9711000007,4729273.4333999977],[-8833436.9601000007,4730005.4890000001],[-8833195.0527999997,4730499.0348000005],[-8833015.0134999994,4730883.4351999983],[-8832889.5340999998,4731195.313000001],[-8832582.6994000003,4731961.7974999994],[-8832424.1459999997,4732443.5719000027],[-8832253.4055000003,4733045.4855000004],[-8832164.7293999996,4733344.7223000005],[-8832102.1118000001,4733858.4033000022],[-8831935.4874000009,4734597.5473999977],[-8831774.7642999999,4735376.9737000018],[-8831708.8068000004,4735706.7855999991],[-8831485.0329,4736471.7556999996],[-8831365.7865999993,4736800.6190000027],[-8831060.9214999992,4737443.7709999979],[-8830684.6789999995,4738162.5577000007],[-8830366.8378999997,4738782.1202000007],[-8830158.2954999991,4739253.2171000019],[-8829783.0296999998,4740092.5394999981],[-8829497.5127000008,4740759.626699999],[-8829358.2871000003,4741081.5399999991],[-8829099.9185000006,4741719.0746000037],[-8828854.9035999998,4742353.5456999987],[-8828749.6925000008,4742635.9842000008],[-8828472.7215,4743373.6374000013],[-8828381.0637999997,4743642.9685000032],[-8828207.2903000005,4743847.1843999997],[-8828068.8510999996,4744122.3403000012],[-8827986.9503000006,4744582.626699999],[-8827949.7580999993,4745147.5239000022],[-8827928.3224999998,4745582.2160999998],[-8827922.6732999999,4746064.0829999968],[-8827809.4436000008,4746594.1591999978],[-8827629.4620999992,4746948.9386000037],[-8827269.1472999994,4747675.2559999973],[-8826954.2444000002,4748288.6425999999],[-8826947.6027000006,4748820.8376000002],[-8826985.6040000003,4749106.1410000026],[-8827035.9912,4749264.4553999975],[-8827234.6346000005,4749519.3211999983],[-8827346.5358000007,4749598.4422999993],[-8827498.7550000008,4749661.5812000036],[-8827965.8367999997,4749650.2831000015],[-8828363.6596000008,4749597.4848000035],[-8829210.2277000006,4749442.5694999993],[-8830033.1904000007,4749300.5386999995],[-8830274.0067999996,4749261.4869000018],[-8830516.6071000006,4749125.3663000017],[-8830679.5056999996,4748971.0251000002],[-8831202.0568000004,4748478.4931000024],[-8831303.9556000009,4748376.5903000012],[-8831597.8045000006,4748171.0967999995],[-8832027.9946999997,4747984.8458999991],[-8832630.2727000006,4747868.6897],[-8832888.0769999996,4747809.805399999],[-8833682.5649999995,4747757.362499997],[-8834225.1197999995,4747623.2861000001],[-8834623.4531999994,4747165.2036999986],[-8835123.4735000003,4746611.8918000013],[-8835497.9789000005,4746176.8188999966],[-8836014.9011000004,4745978.6079000011],[-8836619.0431999993,4745748.4675000012],[-8836857.3126999997,4745659.0195000023],[-8837081.6720000003,4745457.0490999967],[-8837475.5349000003,4745150.4980999976],[-8837776.8638000004,4744932.4297999963],[-8838311.0162000004,4744506.8570000008],[-8838638.5226000007,4744268.3650000021],[-8839016.9904999994,4743973.8791999966],[-8839229.4309999999,4743642.9927000031],[-8839567.4121000003,4743183.8232999966],[-8839847.4450000003,4742987.9849999994],[-8840202.1702999994,4742753.6450000033],[-8840462.3479999993,4742579.065200001],[-8840648.5239000004,4742434.7986000031],[-8841106.7561000008,4742034.4849999994],[-8841332.2050000001,4741732.5082999989],[-8841543.7130999994,4741448.4670000002],[-8841893.8435999993,4741240.4433000013],[-8842366.9196000006,4741051.2719999999],[-8842570.2837000005,4741044.7603999972],[-8842651.4351000004,4740781.873499997],[-8842813.1534000002,4740483.5881000012],[-8842894.523,4740207.3364000022],[-8843014.8747000005,4739794.614699997],[-8843202.0438999999,4739175.6753000021],[-8843388.8039999995,4738774.1704000011],[-8843648.1842999998,4738410.7189999968],[-8843915.6555000003,4738157.7828999981],[-8844201.7850000001,4737982.0895999968],[-8845023.3524999991,4737855.6793000028],[-8845670.7274999991,4737786.4425999969],[-8846368.3253000006,4737701.2932000011],[-8847161.4433999993,4737480.5869999975],[-8847822.7380999997,4736973.3493999988],[-8848917.6446000002,4736423.1746999994],[-8849750.4836999997,4736005.6617999971],[-8850146.8741999995,4735798.2260999978],[-8850788.0950000007,4735484.4763000011],[-8851347.4638,4735082.4161999971],[-8851812.8143000007,4734725.6086999997],[-8852295.1564000007,4734345.6660000011],[-8852927.0610000007,4733774.243900001],[-8853199.3960999995,4733404.244599998],[-8853560.0264999997,4732925.3669999987],[-8853777.2905000001,4732664.8013999984],[-8853916.5438999999,4732493.2302000001],[-8854240.3368999995,4732023.8021000028],[-8854445.3735000007,4731692.8550999984],[-8854633.7029999997,4731364.9877000004],[-8854898.0044,4730864.5517000034],[-8855141.1963,4730433.9777000025],[-8855251.0313000008,4730225.190700002],[-8855459.8028999995,4729864.2633000016],[-8855602.7814000007,4729641.3752999976]]},"properties":{"objectid":8668,"elev":3720,"st_length(shape)":101771.99044550113}},{"type":"Feature","id":8669,"geometry":{"type":"LineString","coordinates":[[-8822034.4984000009,4743623.2683999985],[-8822184.6194000002,4743416.5437000021],[-8822316.9736000001,4743228.692900002],[-8822418.9537000004,4743082.1811000034],[-8822624.4098000005,4742801.4170000032],[-8822771.2620000001,4742582.4095000029],[-8823009.6029000003,4742218.4430999979],[-8823191.2460999992,4741907.5386999995],[-8823329.8445999995,4741663.9302999973],[-8823423.8321000002,4741478.8517000005],[-8823551.1872000005,4741276.9512000009],[-8823700.0015999991,4741044.0279000029],[-8823893.5856999997,4740834.670599997],[-8823977.2011999991,4740736.7252999991],[-8824001.4980999995,4740648.1220000014],[-8824123.6010999996,4740355.3169],[-8824220.0806000009,4740149.0793000013],[-8824374.5434000008,4739849.9399000034],[-8824573.4712000005,4739471.9871999994],[-8824868.1216000002,4738926.5808999985],[-8825089.8939999994,4738562.3642000034],[-8825201.0162000004,4738454.9459000006],[-8825352.4174000006,4738315.1019999981],[-8825563.7449999992,4737977.2502999976],[-8825625.9144000001,4737835.7123999968],[-8825710.7204999998,4737545.252700001],[-8825782.2423,4737257.8672000021],[-8825908.4989999998,4736871.9655999988],[-8826079.5672999993,4736563.2541999966],[-8826225.0676000006,4736383.4878999963],[-8826508.4496999998,4736076.9098000005],[-8826726.4949999992,4735905.1525999978],[-8826944.1608000007,4735753.2968000025],[-8827221.2873,4735602.5583999977],[-8827576.8530000001,4735467.0751999989],[-8827584.8425999992,4735459.3467999995],[-8827592.6892000008,4735459.4941999987],[-8827620.4367999993,4735444.2586999983],[-8827644.1875999998,4735432.8871999979],[-8827644.2610999998,4735428.9478999972],[-8827668.0890999995,4735413.6385999992],[-8827695.8364000004,4735398.4041000009],[-8827703.7524999995,4735394.6123000011],[-8827751.3322999999,4735367.9311000034],[-8827818.8856000006,4735321.9284999967],[-8827886.4384000003,4735275.9257000014],[-8827954.0637999997,4735225.9834999964],[-8827965.9787000008,4735218.3286999986],[-8828009.7763999999,4735183.6960000023],[-8828049.5839000009,4735152.927699998],[-8828093.3116999995,4735122.2356000021],[-8828105.2237999998,4735114.5790999979],[-8828117.1358000003,4735106.9240999967],[-8828129.1197999995,4735095.3312000036],[-8828145.0281000007,4735083.8132999986],[-8828160.9351000004,4735072.2927000001],[-8828172.9934999999,4735056.7607000023],[-8828188.9003999997,4735045.2427000031],[-8828200.9586999994,4735029.7107999995],[-8828213.0168999992,4735014.1815000027],[-8828228.9968999997,4734998.7242000028],[-8828241.1282000002,4734979.255900003],[-8828249.1194000002,4734971.5261999965],[-8828253.1863000002,4734963.7241000012],[-8828253.2595000006,4734959.7850999981],[-8828273.5281000007,4734924.7141000032],[-8828281.5167999994,4734916.9855000004],[-8828346.6079999991,4734792.1528000012],[-8828354.8158,4734772.6101000011],[-8828367.0953000002,4734745.2666999996],[-8828407.9937999994,4734655.433799997],[-8828440.6829000004,4734585.1425999999],[-8828481.7261999995,4734487.4355999976],[-8828543.6195,4734323.1582000032],[-8828560.2525999993,4734272.2629000023],[-8828602.7574000005,4734095.8100000024],[-8828624.2601999994,4733993.8029000014],[-8828633.9305000007,4733895.5146000013],[-8828661.1797000002,4733695.1497000009],[-8828665.9049999993,4733651.9130999967],[-8828688.3559000008,4733498.7258000001],[-8828718.8686999995,4733333.8769000024],[-8828731.5075000003,4733286.8514000028],[-8828789.9796999991,4733094.9566000029],[-8828810.5317000002,4733044.1413000003],[-8828875.8224999998,4732907.5168000013],[-8828972.8409000002,4732751.7928000018],[-8829021.0590000004,4732689.6801000014],[-8829073.2689999994,4732623.7025000006],[-8829177.3256000001,4732511.4329999983],[-8829289.0010000002,4732411.1198000014],[-8829400.5300999992,4732318.6799999997],[-8829511.9845000003,4732230.1763999984],[-8829623.3630999997,4732145.6099999994],[-8829631.2797999997,4732141.8192000017],[-8829639.2652000003,4732134.0901999995],[-8829690.9628999997,4732095.670599997],[-8829694.9537000004,4732091.8069000021],[-8829742.7290000003,4732053.3131000027],[-8829770.6817000005,4732026.2661999986],[-8829794.6410000008,4732003.0834000036],[-8829842.5605999995,4731956.7160999998],[-8829850.5456000008,4731948.989699997],[-8829878.4977000002,4731921.942900002],[-8829894.5439999998,4731902.5499000028],[-8829926.5625999998,4731867.7026999965],[-8829930.5558000002,4731863.8374999985],[-8829962.7888999991,4731817.1806000024],[-8829999.0899,4731762.7221999988],[-8830003.1566000003,4731754.9231999964],[-8830035.6787,4731692.5191000029],[-8830060.1459999997,4731641.7795000002],[-8830084.8263000008,4731579.2320000008],[-8830101.5218000002,4731524.4121999964],[-8830138.9773999993,4731406.9708999991],[-8830161.1986999996,4731328.6278000027],[-8830206.9278999995,4731225.449000001],[-8830258.7294999994,4731107.3282999992],[-8830343.6439999994,4730934.2864999995],[-8830385.1989999991,4730849.4958999977],[-8830452.9170999993,4730665.6627999991],[-8830543.7118999995,4730456.0684999973],[-8830652.5901999995,4730208.3997000009],[-8830728.6068999991,4730045.6811999977],[-8830876.7085999995,4729744.6203999966],[-8831006.0178999994,4729329.7386000007],[-8831103.9813999999,4729012.0584999993],[-8831157.5132999998,4728841.9580999985],[-8831289.0319999997,4728495.2322999984],[-8831437.0111999996,4728103.4323000014],[-8831524.7631000001,4727867.6411999986],[-8831568.8602000009,4727737.5323999971],[-8831765.5604999997,4727151.1557999998],[-8831844.2258000001,4726936.1621000022],[-8831911.1763000004,4726600.5248999968],[-8832008.7730999999,4726204.3735999987],[-8832128.3862999994,4725744.0658000037],[-8832212.4719999991,4725420.9957000017],[-8832258.9832000006,4725252.5653000027],[-8832406.0266999993,4724716.0155000016],[-8832498.3067000005,4724419.3003000021],[-8832678.9326000009,4723946.2211999968],[-8832948.0153000001,4723577.7210000008],[-8833238.9684999995,4723248.0104999989],[-8833590.2078000009,4723043.2766999975],[-8833930.3947000001,4722969.1912999973],[-8834249.5749999993,4722903.4384000003],[-8834669.9540999997,4722717.3720000014],[-8834939.8385000005,4722589.6432999969],[-8835348.2824000008,4722389.3816],[-8835823.4623000007,4722148.4332000017],[-8836076.3507000003,4721997.6960999966],[-8836464.8336999994,4721744.7050999999],[-8836832.6399000008,4721480.8694000021],[-8837126.5548999999,4721268.0454000011],[-8838047.7734999992,4720652.9245999977],[-8838397.3373000007,4720434.0890000015],[-8839090.9365999997,4720011.9958000034],[-8839748.5634000003,4719657.2648999989],[-8840223.1369000003,4719437.9629999995],[-8840308.7134000007,4719411.5534000024],[-8840442.6414999999,4719401.6856999993],[-8840547.6060000006,4719459.3335999995],[-8840582.4130000006,4719555.872299999],[-8840581.6425000001,4719700.6287999973],[-8840564.6981000006,4719876.5012999997],[-8840532.8784999996,4720008.5099000037],[-8840354.1410000008,4720397.8561000004],[-8840127.6473999992,4720835.2212999985],[-8839876.8173999991,4721272.1728999987],[-8839682.8795999996,4721533.9360999987],[-8839383.2244000006,4721978.7704000026],[-8839193.0083000008,4722224.9055999964],[-8838847.3520999998,4722714.3065000027],[-8838693.9562999997,4722940.1617999971],[-8838353.4323999994,4723431.4149999991],[-8838171.8194999993,4723679.4624999985],[-8837889.6223000009,4724112.4387999997],[-8837648.2226,4724497.2890999988],[-8837336.9168999996,4725001.3167999983],[-8837126.5865000002,4725297.7364000008],[-8836987.5998999998,4725490.7198000029],[-8836656.3988000005,4725936.8251999989],[-8836441.2181000002,4726210.4812000021],[-8836362.9620999992,4726310.3101999983],[-8836203.6520000007,4726471.5209999979],[-8835870.6173,4726821.6106999964],[-8835638.2980000004,4727079.2556999996],[-8835485.9158999994,4727240.5914999992],[-8835134.7965999991,4727627.014200002],[-8834929.1032999996,4727851.9761999995],[-8834788.9268999994,4728010.0424999967],[-8834433.2759000007,4728452.2498999983],[-8834168.4353999998,4728773.9056999981],[-8833926.6144999992,4729071.5411999971],[-8833722.6195999999,4729488.5859000012],[-8833440.5510000009,4730087.5496999994],[-8833360.8479999993,4730264.1908000037],[-8833171.2805000003,4730650.1058000028],[-8833046.5588000007,4730911.4931000024],[-8832884.0245999992,4731339.8286999986],[-8832758.1791999992,4731662.3280000016],[-8832656.3529000003,4731906.691399999],[-8832518.6663000006,4732305.8285999969],[-8832413.5667000003,4732633.9726999998],[-8832347.5709000006,4732915.6878999993],[-8832217.409,4733377.873300001],[-8832165.9017999992,4733818.8144000024],[-8832141.8257999998,4733994.7831000015],[-8832065.3376000002,4734374.1567000002],[-8831991.1864999998,4734720.3980000019],[-8831952.7146000005,4734922.319600001],[-8831838.9646000005,4735531.6313000023],[-8831805.9269999992,4735721.4394999966],[-8831693.0759999994,4736089.7237000018],[-8831457.1028000005,4736815.6559000015],[-8831195.1643000003,4737341.9698999971],[-8830924.9800000004,4737841.9419],[-8830756.7529000007,4738190.0473000035],[-8830651.8746000007,4738404.7829999998],[-8830419.3261999991,4738842.5798000023],[-8830221.0088,4739310.7331999987],[-8829952.3348999992,4739912.1661000028],[-8829750.2684000004,4740392.5232999995],[-8829497.2949000001,4740989.0556000024],[-8829335.5054000001,4741360.0860000029],[-8829067.4915999994,4742014.0675999969],[-8828889.8669000007,4742486.2211999968],[-8828531.0201999992,4743434.0134000033],[-8828444.7951999996,4743670.1642000005],[-8828259.7053999994,4743885.2343999967],[-8828122.5012999997,4744146.6621000022],[-8828040.9597999994,4744597.9716999978],[-8828022.7507000007,4744921.0992999971],[-8827980.7938000001,4745677.4450000003],[-8827973.5289999992,4746067.2629999965],[-8827858.9604000002,4746607.2234999985],[-8827672.4107000008,4746990.2063999996],[-8827422.5164000001,4747499.6790999994],[-8827285.0432999991,4747771.6762999967],[-8827015.8227999993,4748287.809299998],[-8827007.0697000008,4748661.9554999992],[-8827007.1118999999,4748845.6186999977],[-8827041.1331999991,4749075.4069000036],[-8827093.6527999993,4749247.8241000026],[-8827266.8106999993,4749490.7431000024],[-8827378.8060999997,4749557.5797000006],[-8827515.4475999996,4749610.8854999989],[-8827893.6794000007,4749602.2621000037],[-8827965.1196999997,4749601.8558000028],[-8828377.2562000006,4749550.1186999977],[-8829046.8688999992,4749424.4626000002],[-8829181.4604000002,4749400.7380999997],[-8829632.4812000003,4749318.1897],[-8830251.1402000003,4749214.2465000004],[-8830367.2451000009,4749153.4290999994],[-8830493.8620999996,4749089.3071999997],[-8830854.1140999999,4748730.3991999999],[-8831127.0212999992,4748478.321800001],[-8831245.8471000008,4748363.3263999969],[-8831570.5936999992,4748133.1920000017],[-8832006.0410999991,4747945.3166000023],[-8832336.5031000003,4747877.9297999963],[-8832533.9482000005,4747844.8232999966],[-8832656.3220000006,4747820.8316000029],[-8832875.1696000006,4747760.126699999],[-8833332.0119000003,4747735.2479000017],[-8833672.0539999995,4747715.2162000015],[-8834204.0165999997,4747581.4803000018],[-8834390.9201999996,4747359.2594999969],[-8834755.5254999995,4746940.8876999989],[-8835011.3162999991,4746663.9540999979],[-8835183.8797999993,4746462.4641000032],[-8835452.6481999997,4746140.2995000035],[-8835926.2141999993,4745954.7258000001],[-8836464.5248000007,4745751.0596000031],[-8836837.9473000001,4745612.6142000034],[-8837208.8632999994,4745320.2346000001],[-8837648.8290999997,4744962.6357999966],[-8837956.0084000006,4744726.810800001],[-8838215.7085999995,4744516.365199998],[-8838586.1149000004,4744248.4340000004],[-8838984.9674999993,4743946.0319999978],[-8839176.7432000004,4743634.7214000002],[-8839514.1148000006,4743161.6503000036],[-8839833.1671999991,4742938.2550999969],[-8840160.7517000008,4742721.3033000007],[-8840407.5850000009,4742559.6633000001],[-8840756.0053000003,4742289.1532000005],[-8841051.8576999996,4742022.9883000031],[-8841132.4157999996,4741916.3887000009],[-8841276.909,4741711.9284000024],[-8841484.0836999994,4741409.6494000033],[-8841860.1066999994,4741208.1952000037],[-8842349.1435000002,4741013.9350999966],[-8842537.3050999995,4741004.9619999975],[-8842605.5982000008,4740778.9249000028],[-8842663.3868000004,4740657.5785000026],[-8842772.8992999997,4740463.7214000002],[-8842860.5029000007,4740126.1744000018],[-8842961.0295000002,4739745.1696000025],[-8843049.6717000008,4739447.8571000025],[-8843129.6085999999,4739150.4020000026],[-8843310.7182,4738737.6185000017],[-8843565.6412000004,4738383.7841000035],[-8843847.4894999992,4738082.8388999999],[-8844173.8268999998,4737927.6860999987],[-8844606.6253999993,4737856.4716000035],[-8845033.9329000004,4737800.871100001],[-8845862.0563999992,4737711.8813000023],[-8846359.0886000004,4737648.672799997],[-8847144.0610000007,4737433.0442000031],[-8847530.1581999995,4737133.7796000019],[-8847794.5409999993,4736932.0540999994],[-8848112.2019999996,4736769.6559000015],[-8848675.4779000003,4736485.564000003],[-8849214.0811999999,4736218.508100003],[-8849900.0364999995,4735877.0062000006],[-8850408.7774,4735623.382100001],[-8850768.3884999994,4735444.1441999972],[-8851212.1023999993,4735121.2889000028],[-8851634.8318000007,4734803.320100002],[-8852040.1140999999,4734486.8046000004],[-8852262.2592999991,4734305.2819999978],[-8852474.216,4734107.8712000027],[-8852670.2298000008,4733927.6664000005],[-8852857.4563999996,4733752.5577000007],[-8852875.1295999996,4733735.3791000023],[-8853271.7580999993,4733195.1449000016],[-8853541.8189000003,4732843.237499997],[-8853674.6544000003,4732695.193400003],[-8853877.0412000008,4732439.9965000004],[-8854169.2133000009,4732008.1234000027],[-8854328.2995999996,4731740.0109999999],[-8854455.0752000008,4731534.2475999966],[-8854715.0527999997,4731045.9993999973],[-8854861.9388999995,4730777.7072999999],[-8855195.1018000003,4730168.4355999976],[-8855395.2259999998,4729831.1730000004],[-8855491.4595999997,4729684.3073000014],[-8855534.3462000005,4729611.6642000005]]},"properties":{"objectid":8669,"elev":3740,"st_length(shape)":102697.85875560466}},{"type":"Feature","id":8685,"geometry":{"type":"LineString","coordinates":[[-8819405.4980999995,4749514.9302999973],[-8819618.3537000008,4749418.4010000005],[-8820105.9528999999,4749115.5082999989],[-8820538.0459000003,4748815.7963000014],[-8820922.3326999992,4748562.2208999991],[-8821251.6216000002,4748286.1677000001],[-8821590.3211000003,4747963.2180000022],[-8821921.1362999994,4747605.8778999969],[-8822156.7179000005,4747323.7230999991],[-8822302.8179000001,4747039.8388999999],[-8822415.5660999995,4746716.8033000007],[-8822510.9382000007,4746410.5565000027],[-8822606.1402000003,4746112.8724000007],[-8822648.4145999998,4745908.3061999977],[-8822754.6667999998,4745700.7005999982],[-8822854.8506000005,4745534.7056000009],[-8822901.8554999996,4745480.3953000009],[-8823257.1447000001,4745101.9367000014],[-8823416.6810999997,4744925.799999997],[-8823667.3824000005,4744648.374499999],[-8823972.8702000007,4744304.8030000031],[-8824282.2869000006,4743988.1872000024],[-8824379.9088000003,4743903.4576999992],[-8824576.9126999993,4743699.8369000033],[-8824835.5008000005,4743543.931599997],[-8825071.6319999993,4743493.6819000021],[-8825244.8159999996,4743527.7831000015],[-8825453.3490999993,4743675.4886000007],[-8825608.9718999993,4743918.0116000026],[-8825661.0249000005,4744230.4408000037],[-8825646.0918000005,4744479.9996000007],[-8825641.3805999998,4744729.7590999976],[-8825637.6370999999,4744928.2023999989],[-8825640.7874999996,4744975.6506000012],[-8825646.3209000006,4744999.8096000031],[-8825700.3836000003,4745223.4905999973],[-8825701.9746000003,4745229.5099000037],[-8825709.3786999993,4745253.3105000034],[-8825716.7868000008,4745277.1110000014],[-8825724.1166999992,4745304.8518999964],[-8825731.5209999997,4745328.6498000026],[-8825738.8535999991,4745356.3910000026],[-8825742.3346999995,4745380.1169999987],[-8825741.8145000003,4745407.7091000006],[-8825741.6657999996,4745415.5938000008],[-8825741.5171000008,4745423.4770999998],[-8825732.2507000007,4745498.2207999974],[-8825714.6144999992,4745600.4108000025],[-8825710.3938999996,4745616.1020999998],[-8825689.2749000005,4745694.566200003],[-8825672.4559000004,4745753.3962000012],[-8825663.8616000004,4745792.6666999981],[-8825630.5932999998,4745890.6177000031],[-8825597.3244000003,4745988.5693999976],[-8825560.2057000007,4746082.5037999973],[-8825523.0078999996,4746180.3822000027],[-8825481.9616999999,4746274.2436000034],[-8825440.9877000004,4746364.1660000011],[-8825392.1580999997,4746453.9368000031],[-8825339.5541999992,4746535.7490999997],[-8825286.8710999992,4746621.5053000003],[-8825258.4181999993,4746672.2324000001],[-8825238.1172000002,4746707.3365999982],[-8825197.1392999999,4746797.2616999969],[-8825167.716,4746899.2364000008],[-8825163.6392000001,4746907.0472000018],[-8825146.0691,4747005.3065000027],[-8825124.3457999993,4747115.3188000023],[-8825124.1219999995,4747127.1444000006],[-8825119.7504999992,4747150.7238999978],[-8825115.5243999995,4747166.4183999971],[-8825110.7773000002,4747209.7110999972],[-8825106.5511000007,4747225.4056999981],[-8825105.8049999997,4747264.8298000023],[-8825105.6557999998,4747272.7172999978],[-8825100.8366,4747319.9503000006],[-8825100.7619000003,4747323.8927000016],[-8825100.0159000009,4747363.3171999976],[-8825099.5681999996,4747386.9745000005],[-8825103.0445000008,4747410.7028999999],[-8825102.2237999998,4747454.0715000033],[-8825106.0024999995,4747462.0301000029],[-8825105.3309000004,4747497.5151999965],[-8825108.5114999991,4747537.0138000026],[-8825111.6186999995,4747580.4579000026],[-8825114.8713000007,4747616.0143000036],[-8825114.7219999991,4747623.9021999985],[-8825116.1451999992,4747641.5706999972],[-8825102.5811000001,4747755.7986999974],[-8825087.1379000004,4747815.0755999982],[-8825040.7445,4747888.1415999979],[-8825011.2174999993,4747934.825000003],[-8824987.7093000002,4747987.7862000018],[-8824969.9864000008,4748059.3461999968],[-8824961.4781999998,4748184.4936000034],[-8824955.3261999991,4748293.2529999986],[-8824941.3430000003,4748383.3753999993],[-8824906.2448999994,4748508.0187999979],[-8824879.0549999997,4748647.1952999979],[-8824866.4152000006,4748774.3251999989],[-8824858.6053999998,4748862.5151000023],[-8824855.1198999994,4748938.4619000033],[-8824844.8751999997,4749047.1511999965],[-8824839.5565000009,4749085.2844000012],[-8824838.2736000009,4749152.9640000015],[-8824837.5262000002,4749192.3954000026],[-8824836.3301999997,4749255.487499997],[-8824839.0627999995,4749318.6537000015],[-8824838.9880999997,4749322.5979999974],[-8824838.3901000004,4749354.1437000036],[-8824841.6421000008,4749389.7079000026],[-8824840.7451000009,4749437.0279999971],[-8824840.5955999997,4749444.9133000001],[-8824843.4778000005,4749500.1938999966],[-8824843.3282999992,4749508.0832000002],[-8824846.3586999997,4749555.4763000011],[-8824846.1345000006,4749567.304899998],[-8824856.4965000004,4749642.4554999992],[-8824866.9333999995,4749713.6621000022],[-8824885.3014000002,4749781.0747999996],[-8824888.2504999992,4749792.5794999972],[-8824912.5330999997,4749936.9389000013],[-8824940.9977000002,4750144.6594000012],[-8824979.2193,4750287.504900001],[-8825007.1484999992,4750433.5803000033],[-8825045.7285999991,4750557.6010999978],[-8825064.5327000003,4750645.2872999981],[-8825080.2517000008,4750690.2040000036],[-8825079.9907000009,4750703.9870000035],[-8825083.6185999997,4750719.8370999992],[-8825091.1021999996,4750739.7071999982],[-8825098.5833000001,4750759.5746000037],[-8825106.1415999997,4750775.5007999986],[-8825117.5518999994,4750795.4459000006],[-8825121.3317000009,4750803.4070999995],[-8825125.0330999997,4750815.3122000024],[-8825136.5181000009,4750831.3136000037],[-8825147.9309999999,4750851.2588],[-8825155.5615999997,4750863.2400999963],[-8825163.1174999997,4750879.1652000025],[-8825197.6502999999,4750923.2230999991],[-8825232.2542000003,4750963.3357999995],[-8825266.8608999997,4751003.4487000033],[-8825286.1303000003,4751023.5438999981],[-8825305.4692000002,4751039.6937000006],[-8825340.1524,4751075.8615999967],[-8825378.7611999996,4751112.1079000011],[-8825413.4409999996,4751148.2757999972],[-8825452.0504000001,4751184.5182999969],[-8825475.1740000006,4751208.6336999983],[-8825490.6625999995,4751220.7647999972],[-8825521.5640999991,4751248.9711000025],[-8825533.2018999998,4751257.0821999982],[-8825595.0067999996,4751313.4985999987],[-8825645.2529000007,4751357.8520999998],[-8825656.8164000008,4751369.9109999985],[-8825668.4517999999,4751378.0219999999],[-8825707.1360999998,4751410.3229999989],[-8825757.3830999993,4751454.680399999],[-8825811.5587000009,4751499.1111000031],[-8825850.2490999997,4751531.4092999995],[-8825861.8092,4751543.4681999981],[-8825912.1318999995,4751583.8800000027],[-8825943.1127000004,4751608.1407999992],[-8825958.5281000007,4751624.2170000002],[-8826001.0708000008,4751660.5341000035],[-8826043.6881000008,4751692.9094000012],[-8826047.5394000001,4751696.9280000031],[-8826086.3043000009,4751725.2846999988],[-8826128.9182999991,4751757.6583999991],[-8826167.6107999999,4751789.9565000013],[-8826210.1535999998,4751826.2757999972],[-8826248.6941999998,4751866.4633999988],[-8826256.4010000005,4751874.5033000037],[-8826260.1820999999,4751882.4650000036],[-8826267.8890000004,4751890.501199998],[-8826275.5985000003,4751898.5402000025],[-8826279.3796999995,4751906.5019000024],[-8826283.3054000009,4751906.5763999969],[-8826294.7935000006,4751922.5781000033],[-8826306.2100000009,4751942.5241999999],[-8826317.6239,4751962.4676999971],[-8826329.0379000008,4751982.4139000028],[-8826332.8179000001,4751990.3756000027],[-8826340.4506000001,4752002.3601000011],[-8826347.9388999995,4752022.2290999964],[-8826359.4260000009,4752038.2299000025],[-8826370.7659000009,4752062.1177000031],[-8826382.1800999995,4752082.0653999969],[-8826397.5227000006,4752102.0861999989],[-8826408.9371000007,4752122.0298999995],[-8826428.2094999999,4752142.1252000034],[-8826431.9882999994,4752150.0869999975],[-8826447.4795999993,4752162.2164999992],[-8826474.6077999994,4752182.4622000009],[-8826478.4634000007,4752186.4808999971],[-8826509.5955999997,4752202.8554000035],[-8826517.3771000002,4752206.9459000006],[-8826548.5835999995,4752219.3770999983],[-8826552.5120999999,4752219.4514999986],[-8826583.7160999998,4752231.8800000027],[-8826603.2857000008,4752236.1938999966],[-8826618.9254000001,4752240.4372000024],[-8826650.1322000008,4752252.8655999973],[-8826661.9176000003,4752253.0887999982],[-8826681.4846000001,4752257.4051000029],[-8826701.0541999992,4752261.7225999981],[-8826728.4795999993,4752266.1850999966],[-8826732.3352000006,4752270.2049999982],[-8826759.8345999997,4752270.7255000025],[-8826779.4016999993,4752275.0429000035],[-8826791.1897,4752275.2660000026],[-8826826.4707999993,4752279.8795000017],[-8826830.4005999994,4752279.9538000003],[-8826861.8298000004,4752280.5483999997],[-8826873.6140000001,4752280.7713000029],[-8826897.2588999998,4752277.2726000026],[-8826916.9767000005,4752273.6984999999],[-8826944.6240999997,4752266.3310000002],[-8826960.4120000005,4752262.682599999],[-8826996.0642000008,4752247.5732999966],[-8827015.5638999995,4752236.8685000017],[-8827027.9802999999,4752233.1137000024],[-8827128.0624000002,4752189.7928000018],[-8827275.0493999999,4752155.5768999979],[-8827424.5278999992,4752152.2320000008],[-8827560.2844999991,4752171.2320000008],[-8827747.3727000002,4752236.4089000002],[-8827826.8636000007,4752254.3460000008],[-8827955.2695000004,4752283.4782000035],[-8827965.3809999991,4752283.1046999991],[-8827971.3125999998,4752284.4650999978],[-8828085.4257999994,4752293.4607999995],[-8828258.7710999995,4752327.5439999998],[-8828473.0719000008,4752360.6797999963],[-8828598.9311999995,4752380.1657000035],[-8828785.9210000001,4752414.4958999977],[-8828930.7921999991,4752420.6327999979],[-8829128.7445999999,4752415.7716000006],[-8829327.2995999996,4752378.378200002],[-8829498.5395999998,4752342.184299998],[-8829825.9550999999,4752254.0939999968],[-8830029.8409000002,4752204.7985000014],[-8830353.5538999997,4752132.0363999978],[-8830601.3574999999,4752105.8084999993],[-8830953.6724999994,4752054.1085999981],[-8831136.9945,4752009.5486000031],[-8831355.0120999999,4751933.0879999995],[-8831583.4759,4751844.8281999975],[-8831728.7963999994,4751732.7695999965],[-8831833.9289999995,4751673.0569000021],[-8831871.2931999993,4751651.4733000025],[-8832002.6621000003,4751545.5923999995],[-8832087.3302999996,4751474.3625999987],[-8832127.8522999994,4751438.7142999992],[-8832256.6631000005,4751331.9025999978],[-8832443.3794999998,4751229.7924999967],[-8832656.3157000002,4751080.8509000018],[-8832777.0725999996,4750966.7392000034],[-8832910.8797999993,4750880.3096999973],[-8833066.6499000005,4750754.7344999984],[-8833248.1437999997,4750621.0671000034],[-8833383.3236999996,4750501.9629999995],[-8833500.5227000006,4750433.8986999989],[-8833792.4460000005,4750322.7873999998],[-8834023.8613000009,4750256.7986999974],[-8834280.9998000003,4750182.7111999989],[-8834338.5373,4750167.9224999994],[-8834387.5364999995,4750148.0930000022],[-8834489.4400999993,4750124.4708999991],[-8834491.7902000006,4750122.7835000008],[-8834509.1439999994,4750118.1433999985],[-8834517.0008000005,4750118.2859999985],[-8834548.6373999994,4750107.0249999985],[-8834576.3447999991,4750095.6928000003],[-8834580.2712999992,4750095.7641000003],[-8834611.9787000008,4750080.5595000014],[-8834639.8988000005,4750057.3959999979],[-8834667.8189000003,4750034.2300999984],[-8834672.1024999991,4750014.5857999995],[-8834684.3809999991,4749987.192400001],[-8834684.7357000001,4749967.4729999974],[-8834697.0863000005,4749936.1362999976],[-8834697.1571999993,4749932.1953999996],[-8834697.2990000006,4749924.3069000021],[-8834705.4407000002,4749908.6736000031],[-8834705.5116000008,4749904.7326000035],[-8834713.6493999995,4749889.1004000008],[-8834725.7149,4749873.5384000018],[-8834741.7815000005,4749854.1039000005],[-8834749.8509,4749842.4156000018],[-8834757.8467999995,4749834.6719999984],[-8834769.8424999993,4749823.052199997],[-8834773.7715000007,4749823.1234000027],[-8834785.6950000003,4749815.4510999992],[-8834801.5486999992,4749807.8498999998],[-8834805.5472999997,4749803.9761999995],[-8834817.4012000002,4749800.2459999993],[-8834829.1842,4749800.4594999999],[-8834840.9671999998,4749800.6728999987],[-8834848.8238999993,4749800.8153000027],[-8834868.4609999992,4749801.1709999964],[-8834891.9586999994,4749805.5415000021],[-8834899.8127999995,4749805.6837000027],[-8834915.4526000004,4749809.9130999967],[-8834938.9478999991,4749814.2807999998],[-8834958.4459000006,4749822.5260000005],[-8834977.9401999991,4749830.7673000023],[-8834997.4396000002,4749839.0113999993],[-8835012.8672000002,4749855.0675999969],[-8835020.3673,4749874.9289999977],[-8835028.0116000008,4749886.9020000026],[-8835031.6548999995,4749902.7487000003],[-8835035.3006999996,4749918.5944000036],[-8835039.2283999994,4749918.6653999984],[-8835042.8742999993,4749934.5108999982],[-8835050.5161000006,4749946.4839999974],[-8835058.1579,4749958.4570999965],[-8835062.0162000004,4749962.4730999991],[-8835073.6566000003,4749970.5722000003],[-8835093.1563000008,4749978.816200003],[-8835104.8674999997,4749982.9742000028],[-8835128.5046999995,4749979.4556000009],[-8835144.4279999994,4749967.9086999968],[-8835168.4214999992,4749944.6705000028],[-8835176.4170999993,4749936.9265000001],[-8835192.6939000003,4749905.6616000012],[-8835192.7645999994,4749901.7167999968],[-8835196.9057999998,4749889.9570000023],[-8835200.9737,4749882.1420999989],[-8835201.1151000001,4749874.2533999979],[-8835205.3964000009,4749854.6079000011],[-8835205.5379000008,4749846.7192000002],[-8835205.8208000008,4749830.9437000006],[-8835205.9622000009,4749823.0578000024],[-8835206.2451000009,4749807.2833999991],[-8835206.4572999999,4749795.4526000023],[-8835206.6693999991,4749783.6220000014],[-8835202.8831999991,4749775.6625000015],[-8835195.4522999991,4749751.8592000008],[-8835187.9518999998,4749731.9980000034],[-8835180.3782000002,4749716.0842999965],[-8835172.8778000008,4749696.2233000025],[-8835165.3041999992,4749680.3073000014],[-8835161.4461000003,4749676.2914000005],[-8835157.8747000005,4749656.5040000007],[-8835154.0164999999,4749652.4880999997],[-8835150.3706,4749636.6431000009],[-8835150.6535,4749620.869099997],[-8835146.8699999992,4749612.9108999968],[-8835147.1530000009,4749597.1371000037],[-8835147.2943999991,4749589.2514000013],[-8835147.5774000008,4749573.4773999974],[-8835151.7853999995,4749557.7731000036],[-8835155.7850000001,4749553.8993000016],[-8835163.9218000006,4749538.2674999982],[-8835175.9900000002,4749522.7066000029],[-8835188.0557000004,4749507.1445999965],[-8835200.1637999993,4749498.8774000034],[-8835208.4345999993,4749494.0960000008],[-8835219.8310000002,4749487.9966000021],[-8835235.6800999995,4749480.3923999965],[-8835251.4609999992,4749476.735299997],[-8835275.0996000003,4749473.2166000009],[-8835279.0245999992,4749473.2875000015],[-8835294.8068000004,4749469.626699999],[-8835318.3734000009,4749470.0525000021],[-8835330.1559999995,4749470.2653999999],[-8835341.9386999998,4749470.4782000035],[-8835361.6458000001,4749466.8893000036],[-8835381.3554999996,4749463.3020000011],[-8835397.1363999993,4749459.6422000006],[-8835401.1359000001,4749455.7683999985],[-8835412.9890999999,4749452.0390999988],[-8835428.8406000007,4749444.4346000031],[-8835440.6939000003,4749440.7026000023],[-8835492.3168000001,4749410.0791999996],[-8835543.9419999998,4749379.4519999996],[-8835595.6335000005,4749344.8812000006],[-8835612.4981999993,4749335.6054999977],[-8835744.3112000003,4749209.9896000028],[-8835832.3860999998,4749129.8554000035],[-8835939.3970999997,4749018.4284999967],[-8835958.9958999995,4748988.1644999981],[-8836018.9690000005,4748919.4265000001],[-8836056.9609999992,4748854.3681999967],[-8836116.3232000005,4748738.3342999965],[-8836153.0374999996,4748630.1118000001],[-8836208.3063999992,4748514.0062000006],[-8836271.0233999994,4748439.1224000007],[-8836371.1420000009,4748332.0411999971],[-8836489.3741999995,4748241.7197000012],[-8836635.9470000006,4748168.3400000036],[-8836777.6603999995,4748138.0116999969],[-8836849.6125000007,4748118.7577999979],[-8836922.1479000002,4748066.6454999968],[-8836972.5120999999,4747995.6479000002],[-8837006.8411999997,4747905.8752000034],[-8837058.6250999998,4747754.7892000005],[-8837103.5066999998,4747646.7194999978],[-8837133.1506999992,4747616.9333999977],[-8837168.1570999995,4747562.5738999993],[-8837173.2429000009,4747545.9868000001],[-8837272.3027999997,4747437.0561999977],[-8837354.5417999998,4747388.4465999976],[-8837428.8606000002,4747342.3307999969],[-8837547.3244000003,4747323.3592000008],[-8837650.0888999999,4747301.4707999974],[-8837734.0643000007,4747302.9676000029],[-8837865.6948000006,4747281.5913000032],[-8837943.9470000006,4747260.067400001],[-8837954.5077999998,4747253.2678000033],[-8837966.4298,4747245.5898000002],[-8837978.3491999991,4747237.9153999984],[-8837990.2673000004,4747230.2410999984],[-8838002.1866999995,4747222.564000003],[-8838014.1755999997,4747210.9459000006],[-8838022.0999999996,4747207.1416999996],[-8838034.0193000007,4747199.4672999978],[-8838053.9298999999,4747184.0459000021],[-8838057.9262000006,4747180.1719999984],[-8838081.7673000004,4747164.8205000013],[-8838105.7447999995,4747141.5839999989],[-8838129.6513999999,4747122.2885000035],[-8838129.7208999991,4747118.3484999985],[-8838217.2490999997,4747038.5197999999],[-8838319.4151000008,4746935.8400000036],[-8838395.3066000007,4746847.6213999987],[-8838506.0164000001,4746681.6515000015],[-8838548.1356000006,4746611.493900001],[-8838582.7533,4746545.6590000018],[-8838630.6809,4746461.0261000022],[-8838639.7603999991,4746404.5213999972],[-8838606.6388000008,4746198.3704999983],[-8838619.8682000004,4746043.1172999963],[-8838655.0146999992,4745835.5486000031],[-8838777.5638999995,4745732.3081],[-8838932.1512000002,4745598.0109999999],[-8839083.9722000007,4745471.5700000003],[-8839289.8333999999,4745256.4869000018],[-8839463.5101999994,4745080.3628000021],[-8839613.9350000005,4745032.9483999982],[-8839911.0966999996,4744848.4561000019],[-8840042.1812999994,4744705.8346000016],[-8840256.0149000008,4744482.9826999977],[-8840497.7808999997,4744313.3193999976],[-8840696.6940000001,4744192.9650999978],[-8840831.4343999997,4743989.804899998],[-8840951.1604999993,4743744.2276000008],[-8841156.1710000001,4743573.9173000008],[-8841336.2884999998,4743476.942900002],[-8841956.6348999999,4743110.992899999],[-8842354.0186999999,4742738.5170999989],[-8842594.4430999998,4742489.7743000016],[-8842866.9212999996,4742360.1344000027],[-8843089.2399000004,4742248.0631999969],[-8843322.1358000003,4742130.9021999985],[-8843472.9310999997,4742045.057099998],[-8843657.4017999992,4741902.7591999993],[-8843796.9822000004,4741778.3381000012],[-8843971.3191,4741576.1833999977],[-8844220.5593999997,4741338.0160000026],[-8844451.7265000008,4741069.6996999979],[-8844599.8528000005,4740878.2880000025],[-8844724.9330000002,4740731.2396000028],[-8844905.6644000001,4740368.8259999976],[-8845104.5704999994,4740029.1086999997],[-8845216.9244999997,4739755.0508000031],[-8845362.2490999997,4739507.6653999984],[-8845561.4364999998,4739369.3471999988],[-8845862.6353999991,4739348.365199998],[-8846165.7899999991,4739431.8250999972],[-8846361.7073999997,4739487.3555999994],[-8846779.5304000005,4739509.2889999971],[-8846809.6001999993,4739502.5055999979],[-8846858.0221999995,4739488.2056000009],[-8846900.5746999998,4739464.7356000021],[-8846973.7893000003,4739408.5235999972],[-8847068.3801000006,4739334.5305000022],[-8847193.0741000008,4739261.0447999984],[-8847317.1098999996,4739226.8527000025],[-8847453.1360999998,4739195.8845999986],[-8847525.8917999994,4739166.8738999963],[-8847708.4843000006,4739052.0279999971],[-8847881.7899999991,4738952.1415000036],[-8848091.0658999998,4738861.9265000001],[-8848269.8830999993,4738792.3614000008],[-8848448.2465000004,4738749.9966000021],[-8848617.3267999999,4738722.5904999971],[-8848753.6433000006,4738673.4707000032],[-8848917.6015000008,4738591.5539000034],[-8849002.5205000006,4738539.6642000005],[-8849033.1926000006,4738520.9218999967],[-8849064.4208000004,4738496.5318000019],[-8849312.8440000005,4738338.699500002],[-8849656.2803000007,4738123.0537],[-8849888.1392000001,4737988.5566999987],[-8850174.182,4737910.2910000011],[-8850523.8977000006,4737869.9613000005],[-8850909.7401999999,4737867.1068999991],[-8851405.6302000005,4737875.2700000033],[-8851744.9575999994,4737908.5106000006],[-8852159.5491000004,4737832.2964999974],[-8852403.9408,4737701.0561999977],[-8852569.0438999999,4737595.6228],[-8852911.4008000009,4737321.5645999983],[-8853420.2635999992,4736852.6041999981],[-8853838.9713000003,4736445.5583999977],[-8854260.6411000006,4736083.2951000035],[-8854546.0311999992,4735882.8598999977],[-8854754.3538000006,4735625.2619000003],[-8854881.6874000002,4735456.0684999973],[-8854969.4154000003,4735366.7946000025],[-8855211.6152999997,4735252.3753999993],[-8855304.4093999993,4735222.9642999992],[-8855367.9405000005,4735202.8275000006],[-8855627.0264999997,4735211.7114000022],[-8855837.8672000002,4735290.8030000031],[-8856009.4400999993,4735468.6453000009],[-8856132.1736999992,4735754.5577000007],[-8856250.8713000007,4736295.9838000014],[-8856346.8399999999,4736785.0107000023],[-8856364.7917999998,4737140.2846999988],[-8856356.2623999994,4737381.5476000011],[-8856340.1771000009,4737504.3593000025],[-8856285.1132999994,4737707.0203000009],[-8856157.3993999995,4738031.5998999998],[-8856054.3694000002,4738285.5754999965],[-8856000.1206999999,4738436.1908999979],[-8855924.6252999995,4738690.126199998],[-8855861.5343999993,4739088.1635999978],[-8855799.7415999994,4739471.2827000022],[-8855793.1281000003,4739653.9129000008],[-8855771.5420999993,4739843.7653999999],[-8855736.7833999991,4740144.7718999982],[-8855737.6875,4740190.7192000002],[-8855745.4823000003,4740317.1601999998],[-8855749.1843999997,4740392.6818000004],[-8855552.4471000005,4740640.5283000022],[-8855502.1778999995,4741068.4658999965],[-8855464.6839000005,4741509.6651000008],[-8855432.7479999997,4741591.1865999997],[-8855376.3902000003,4741795.3698000014],[-8855380.8188000005,4741902.0878999978],[-8855371.5731000006,4741969.620099999],[-8855140.4473000001,4742439.5107999966],[-8854977.7433000002,4742719.3479000032],[-8854860.0098999999,4742935.1828000024],[-8854857.0492000002,4743120.5037999973],[-8854842.5100999996,4743296.8144000024],[-8854806.7091000006,4743519.865199998],[-8854725.6428999994,4743748.0534000024],[-8854719.6774000004,4743776.4183999971],[-8854695.8651999999,4743860.1378000006],[-8854680.2884,4743939.8879000023],[-8854658.7476000004,4744009.2859999985],[-8854626.7313999999,4744094.9261000007],[-8854528.7612999994,4744216.4272999987],[-8854458.1967999991,4744285.0351999998],[-8854334.1622000001,4744375.3447000012],[-8854285.6364999991,4744470.9770999998],[-8854243.8989000004,4744652.8812000006],[-8854218.1845999993,4744814.6431000009],[-8854175.4636000004,4745026.7806999981],[-8854114.1618000008,4745224.8903999999],[-8854048.8604000006,4745458.9843000025],[-8853994.5826999992,4745645.200000003],[-8853906.7544999998,4745791.3954999968],[-8853828.9855000004,4745949.7709999979],[-8853737.375,4746118.2232000008],[-8853697.8358999994,4746198.2692999989],[-8853624.7009999994,4746320.9253000021],[-8853561.7021999992,4746403.2590999976],[-8853433.8292999994,4746536.9353],[-8853327.7957000006,4746640.0047999993],[-8853242.8342000004,4746760.0891999975],[-8853119.0029000007,4746936.7034000009],[-8853093.7486000005,4747031.5627000034],[-8853066.2376000006,4747119.2408000007],[-8853042.6454000007,4747214.1670000032],[-8853030.9740999993,4747301.5311999992],[-8852999.5321999993,4747446.0551000014],[-8852790.1413000003,4747838.8143000007],[-8852748.5236000009,4748033.3928000033],[-8852668.9678000007,4748195.1689999998],[-8852542.8226999994,4748317.5703999996],[-8852481.1585000008,4748429.5517999977],[-8852452.7344000004,4748534.4280999973],[-8852336.5689000003,4748768.2795000002],[-8852191.3256999999,4749139.7475999966],[-8852140.2898999993,4749287.1067000031],[-8852094.3103,4749432.8662],[-8852002.4570000004,4749717.6564000025],[-8851805.7578999996,4749999.5715000033],[-8851675.1822999995,4750274.1994000003],[-8851486.3465999998,4750524.3180000037],[-8851156.5706999991,4750963.5151999965],[-8850904.5924999993,4751306.8291999996],[-8850652.2741,4751491.1225999966],[-8850490.7959000003,4751679.862499997],[-8850383.5719000008,4751957.8501000032],[-8850310.5343999993,4752118.6114000008],[-8850217.2357999999,4752441.0156000033],[-8850019.3801000006,4752699.8449999988],[-8849923.8421,4752801.3376000002],[-8849784.1687000003,4752910.932099998],[-8849701.4418000001,4753124.5571999997],[-8849703.0133999996,4753207.0508999974],[-8849620.5253999997,4753405.9588000029],[-8849299.0874000005,4754039.7589000016],[-8849044.6213000007,4754347.7395000011],[-8848846.7466000002,4754603.6475000009],[-8848588.2910999991,4754973.4279000014],[-8848347.4156999998,4755343.5099999979],[-8848139.1818000004,4755690.5803000033],[-8847823.1662000008,4756165.4724999964],[-8847531.4269999992,4756590.6997999996],[-8847216.0950000007,4757021.4302999973],[-8846994.5521000009,4757282.860799998],[-8846748.9822000004,4757576.2976000011]]},"properties":{"objectid":8685,"elev":3240,"st_length(shape)":80438.945017085294}},{"type":"Feature","id":8691,"geometry":{"type":"LineString","coordinates":[[-8846623.5099999998,4757576.9721999988],[-8846822.1623,4757339.9016999975],[-8846979.9461000003,4757144.0225000009],[-8847176.8289999999,4756919.3338000029],[-8847386.9156999998,4756643.6833000034],[-8847494.5825999994,4756487.2903999984],[-8847656.1544000003,4756248.0517000034],[-8847879.3708999995,4755924.5494000018],[-8847985.4521999992,4755769.6867000014],[-8848174.3640999999,4755464.2265999988],[-8848382.4142000005,4755121.8725999966],[-8848564.2229999993,4754870.5838999972],[-8848781.0228000004,4754557.8524999991],[-8848840.9853000008,4754481.3176999986],[-8849038.3142000008,4754224.0926999971],[-8849227.4254000001,4753996.1963],[-8849410.7311000004,4753651.9059000015],[-8849493.7594000008,4753487.3730999976],[-8849615.7851999998,4753205.6477999985],[-8849628.0774000008,4753115.9199000001],[-8849735.9697999991,4752847.9226000011],[-8849878.3257999998,4752737.1032999977],[-8849952.3422999997,4752649.9554999992],[-8850119.4837999996,4752440.3172999993],[-8850172.2018999998,4752239.6352000013],[-8850251.6711999997,4752008.3927000016],[-8850427.6960000005,4751633.0229000002],[-8850593.0635000002,4751435.7704000026],[-8850816.7255000006,4751261.1863999963],[-8850910.0078999996,4751127.8548000008],[-8851099.4494000003,4750873.6429999992],[-8851274.6602999996,4750639.3515999988],[-8851511.0963000003,4750342.5146000013],[-8851579.1346000005,4750241.3254999965],[-8851630.4464999996,4750124.360799998],[-8851745.1860000007,4749962.6850000024],[-8851916.8811000008,4749719.6202000007],[-8851972.7611999996,4749584.1243999973],[-8852020.2555999998,4749448.4924999997],[-8852055.6000999995,4749337.9237999991],[-8852088.9385000002,4749247.5315999985],[-8852104.7962999996,4749200.6384999976],[-8852142.0074000005,4749078.3145999983],[-8852239.9285000004,4748832.371799998],[-8852280.1344000008,4748731.9922000021],[-8852345.9821000006,4748601.7224000022],[-8852380.1842999998,4748505.1843999997],[-8852392.0964000002,4748447.5217999965],[-8852420.3430000003,4748371.3484999985],[-8852530.1837000009,4748205.6504999995],[-8852591.4160999991,4748152.7674999982],[-8852633.2104000002,4748057.4707999974],[-8852669.7285999991,4747977.2430000007],[-8852690.557,4747933.8037],[-8852701.9225999992,4747894.2751000002],[-8852746.9916999992,4747761.6242000014],[-8852785.1991000008,4747674.0085000023],[-8852841.6224000007,4747562.8664999977],[-8852864.3056000005,4747481.7035000026],[-8852891.0181000009,4747415.6261000037],[-8852906.6667999998,4747372.9698000029],[-8852935.4109000005,4747313.3627000004],[-8852943.2773000002,4747223.377700001],[-8852946.9748,4747126.8888999969],[-8852961.6658999994,4747011.2709000036],[-8852971.2170000002,4746949.2075000033],[-8852989.4169999994,4746880.8488000035],[-8853026.9816999994,4746804.2243999988],[-8853142.7449999992,4746641.7562000006],[-8853254.0231999997,4746507.8125],[-8853432.7723999992,4746308.2807999998],[-8853485.3265000004,4746285.3188000023],[-8853570.3962999992,4746158.0949999988],[-8853641.0889999997,4746010.4167999998],[-8853667.0383000001,4745822.1506000012],[-8853691.3356999997,4745641.5309000015],[-8853753.8307000007,4745531.0542000011],[-8853758.3775999993,4745528.1162],[-8853757.9215999991,4745523.0758000016],[-8853939.5050000008,4745285.9804000035],[-8853978.2932999991,4745169.4817999974],[-8854015.9470000006,4745060.2426000014],[-8854037.9987000003,4744964.4826999977],[-8854079.4548000004,4744831.2779999971],[-8854094.6418999992,4744737.1253999993],[-8854125.3745000008,4744632.9271000028],[-8854183.5054000001,4744469.3254999965],[-8854211.2771000005,4744393.8720000014],[-8854261.1547999997,4744341.3417999968],[-8854327.6686000004,4744270.6181000024],[-8854408.7423999999,4744183.7186999992],[-8854442.4090999998,4744122.7212999985],[-8854466.4539999999,4744024.6447999999],[-8854467.6693999991,4743948.7650000006],[-8854459.0991999991,4743846.0606999993],[-8854457.5823999997,4743813.2154999971],[-8854450.1678999998,4743765.9157999977],[-8854451.3216999993,4743750.4650999978],[-8854677.3911000006,4743482.4059000015],[-8854704.7772000004,4743175.1670000032],[-8854741.4645000007,4743052.6887999997],[-8854766.2575000003,4742907.4579000026],[-8855058.1450999994,4742359.1437999979],[-8855296.8449000008,4741954.8862999976],[-8855305.6183000002,4741621.9596000016],[-8855238.8019999992,4741200.4685999975],[-8855426.2770000007,4740663.1128000021],[-8855493.5315000005,4740441.0811000019],[-8855521.3981999997,4740229.9057999998],[-8855571.3750999998,4740066.6616000012],[-8855649.8287000004,4739625.7111999989],[-8855654.4276999999,4739336.2729000002],[-8855704.1582999993,4738772.6581000015],[-8855732.8354000002,4738632.7180000022],[-8855780.8846000005,4738462.7335999981],[-8855899.4054000005,4738138.308799997],[-8856003.4079,4737775.7185999975],[-8856136.3637000006,4737493.2787000015],[-8856168.9888000004,4737342.0354999974],[-8856145.6075999998,4737148.1662999988],[-8856007.8256000001,4736781.748499997],[-8855720.9268999994,4736526.7687999979],[-8855394.8813000005,4736358.4145999998],[-8855085.7103000004,4736355.3615000024],[-8854742.4483000003,4736403.5719999969],[-8854133.4112999998,4736673.1557999998],[-8853448.4864000008,4737000.5864000022],[-8853069.1054999996,4737295.3408000022],[-8852739.5802999996,4737550.4069000036],[-8852728.875,4737551.5734999999],[-8852727.7656999994,4737553.0930999964],[-8852565.159,4737679.4118999988],[-8852321.6767999995,4737842.0253999978],[-8852110.0344999991,4737985.3465000018],[-8852080.0976,4737999.1762000024],[-8851785.5774000008,4738074.6642000005],[-8851412.6843999997,4738050.6944999993],[-8850906.3686999995,4738033.4359000027],[-8850390.7311000004,4738042.7690000013],[-8850132.1791999992,4738092.0322000012],[-8849828.0236000009,4738211.9231000021],[-8849477.6675000004,4738438.126199998],[-8849154.8379999995,4738611.2352000028],[-8849136.2650000006,4738628.3713999987],[-8848957.7449999992,4738713.1582000032],[-8848775.8231000006,4738788.7299999967],[-8848590.9885000009,4738858.2032999992],[-8848388.9420999996,4738875.9873000011],[-8848289.4491000008,4738883.3916999996],[-8848092.7189000007,4738943.5869999975],[-8847898.4933000002,4739034.055399999],[-8847776.6159000006,4739119.6897],[-8847633.0077,4739244.2638000026],[-8847569.1320999991,4739282.4954999983],[-8847469.3823000006,4739305.005400002],[-8847378.7643999998,4739321.6212000027],[-8847242.8878000006,4739343.5204000026],[-8847184.9805999994,4739384.8742000014],[-8847093.5019000005,4739452.8740999997],[-8846971.1571999993,4739565.7066999972],[-8846852.5737999994,4739603.1821999997],[-8846725.7732999995,4739608.5229000002],[-8846631.0254999995,4739589.5658999979],[-8846494.4188000001,4739607.7822000012],[-8846301.9290999994,4739609.4765999988],[-8846212.0465999991,4739603.6507000029],[-8846201.3172999993,4739599.6427000016],[-8846132.1987999994,4739571.5962999985],[-8846073.3315999992,4739570.5974000022],[-8846069.5174000002,4739570.8059],[-8846046.7547999993,4739559.3967000023],[-8845843.7578999996,4739534.4499000013],[-8845736.7270999998,4739532.6305000037],[-8845590.1493999995,4739653.7577999979],[-8845468.5107000005,4739882.8077000007],[-8845347.2300000004,4740090.3672999963],[-8845328.0956999995,4740178.6099999994],[-8845319.9814999998,4740187.3924999982],[-8845152.9750999995,4740432.3066999987],[-8844982.0336000007,4740617.6916999966],[-8844901.7478,4740711.6008000001],[-8844819.9459000006,4740862.6947000027],[-8844692.8432,4741010.6375999972],[-8844683.9507999998,4741023.9017999992],[-8844671.3579999991,4741045.5094999969],[-8844661.1756999996,4741047.7193000019],[-8844503.6897999998,4741158.295599997],[-8844416.0717999991,4741277.8808000013],[-8844332.8059999999,4741370.1984999999],[-8844302.7500999998,4741386.7657999992],[-8844288.4323999994,4741407.0627000034],[-8844054.2595000006,4741642.1159999967],[-8843840.3206999991,4741853.6093000025],[-8843598.8726000004,4742048.6894000024],[-8843337.5094000008,4742247.4086999968],[-8843164.9934,4742356.0072000027],[-8842995.2120999992,4742536.3796999976],[-8842873.5162000004,4742689.6893000007],[-8842770.5612000003,4742907.0851999968],[-8842604.9366999995,4743075.577200003],[-8841862.9072999991,4743448.5762000009],[-8841380.4078000002,4743656.8747000024],[-8841263.6583999991,4743731.2452000007],[-8841185.8013000004,4743832.6423000023],[-8841087.4327000007,4744057.5188999996],[-8841001.5638999995,4744166.6823000014],[-8840873.7632999998,4744272.4774999991],[-8840730.0817000009,4744385.8989000022],[-8840578.4345999993,4744504.4497999996],[-8840442.5713,4744620.6416999996],[-8840361.8004999999,4744737.8000999987],[-8840241.1226000004,4744885.8791000023],[-8840155.1918000001,4744997.6780000031],[-8840017.3826000001,4745074.308600001],[-8839808.8235999998,4745144.4219999984],[-8839558.2364000008,4745216.4255999997],[-8839142.4253000002,4745580.6479000002],[-8838843.0074000005,4745891.5854000002],[-8838787.4748,4746064.5350999981],[-8838794.8693000004,4746241.2374000028],[-8838770.1275999993,4746454.2701999992],[-8838747.8852999993,4746525.0341000035],[-8838728.6370999999,4746574.7674999982],[-8838696.2684000004,4746624.2686000019],[-8838661.2752999999,4746673.7233000025],[-8838639.5877,4746712.8718999997],[-8838596.3046000004,4746785.8997000009],[-8838545.2411000002,4746853.5187999979],[-8838490.7346999999,4746915.7375999987],[-8838442.3631999996,4746985.8681999967],[-8838393.9924999997,4747055.995099999],[-8838341.7650000006,4747122.1165999994],[-8838289.6075999998,4747184.2905000001],[-8838233.5898000002,4747242.4544999972],[-8838177.5030000005,4747304.5623999983],[-8838121.5508999992,4747358.7823000029],[-8838073.5276999995,4747409.199500002],[-8838065.6019000001,4747413.0037999973],[-8838065.5324000008,4747416.9438999966],[-8838029.6358000003,4747447.8581999987],[-8838017.6466000006,4747459.4768000022],[-8837993.7349999994,4747478.7723999992],[-8837989.7412,4747482.6453000009],[-8837969.8272999991,4747498.0680000037],[-8837945.9879000001,4747513.4170000032],[-8837922.0774000008,4747532.7126000002],[-8837902.2356000002,4747544.1912999973],[-8837898.2378000002,4747548.064199999],[-8837886.3179000001,4747555.7400000021],[-8837874.3993999995,4747563.4169000015],[-8837862.5491000004,4747567.1511999965],[-8837854.5548,4747574.8954999968],[-8837838.7068000007,4747582.5],[-8837822.9296000004,4747586.1630999967],[-8837814.4143000003,4747590.2519999966],[-8837732.5261000004,4747594.2695999965],[-8837575.2236000001,4747581.1942000017],[-8837450.1366000008,4747597.4496999979],[-8837352.8095999993,4747663.5001000017],[-8837285.6143999994,4747760.9015000015],[-8837241.3166000005,4747836.1159999967],[-8837217.1436000001,4747930.1788000017],[-8837206.9960999992,4748040.9271000028],[-8837176.5040000007,4748145.1502000019],[-8837148.9309999999,4748200.1230999976],[-8837106.9670000002,4748258.9474999979],[-8837048.4208000004,4748329.8012999967],[-8836933.0403000005,4748374.9858999997],[-8836829.9674999993,4748418.3352999985],[-8836733.2491999995,4748449.4719000012],[-8836661.0754000004,4748481.0476000011],[-8836592.2059000004,4748516.170599997],[-8836569.0360000003,4748546.061300002],[-8836564.4902999997,4748549.7282999977],[-8836556.5644000005,4748553.5304000005],[-8836520.7994999997,4748576.5551000014],[-8836484.9630999994,4748603.5226000026],[-8836456.9782999996,4748630.631099999],[-8836428.9257999994,4748661.6841000021],[-8836408.7991000004,4748688.933799997],[-8836404.8003000002,4748692.807599999],[-8836384.5343999993,4748727.942400001],[-8836368.2619000003,4748759.2070999965],[-8836355.7749000005,4748798.4275000021],[-8836343.3606000002,4748833.7060000002],[-8836330.9474999998,4748868.9835999981],[-8836314.6043999996,4748904.1916999966],[-8836306.4697999991,4748919.825000003],[-8836298.3326999992,4748935.4543000013],[-8836278.0646000002,4748970.5921000019],[-8836253.9353,4749001.7160999998],[-8836229.8801000006,4749028.8958000019],[-8836225.8812000006,4749032.7672000006],[-8836197.8970999997,4749059.876000002],[-8836169.9832000006,4749083.0442000031],[-8836149.9956999999,4749102.4051999971],[-8836141.9976000004,4749110.1529999971],[-8836110.1586000007,4749133.246799998],[-8836082.2443000004,4749156.4121999964],[-8836074.2460999992,4749164.1589000002],[-8836054.2556999996,4749183.5210999995],[-8836026.3410999998,4749206.6890999973],[-8835998.4265000001,4749229.8532000035],[-8835994.4310999997,4749233.7273000032],[-8835986.4328000005,4749241.4712999985],[-8835974.4392000008,4749253.0892999992],[-8835962.5171000008,4749260.7652999982],[-8835950.5233999994,4749272.3834000006],[-8835938.5296999998,4749284],[-8835926.6037000008,4749291.6772999987],[-8835918.6092000008,4749299.4214000031],[-8835914.6099999994,4749303.2952999994],[-8835902.6173999999,4749314.9118999988],[-8835890.6941,4749322.5852999985],[-8835874.7726000007,4749334.135300003],[-8835866.8472000007,4749337.9359000027],[-8835850.8552999999,4749353.4263999984],[-8835799.1605999991,4749387.9998999983],[-8835747.4682,4749422.5693999976],[-8835695.7766999993,4749457.1415000036],[-8835644.1515999995,4749487.7672000006],[-8835596.3870000001,4749522.4108000025],[-8835544.6199999992,4749560.9231000021],[-8835496.7841999996,4749599.507600002],[-8835496.7136000004,4749603.4525000006],[-8835480.7899999991,4749614.9993999973],[-8835472.7216999996,4749626.6881000027],[-8835460.727,4749638.3044999987],[-8835448.7335000001,4749649.924999997],[-8835440.6676000003,4749661.6137999967],[-8835428.5996000003,4749677.1765000001],[-8835420.5325000007,4749688.8638999984],[-8835412.3958999999,4749704.4975999966],[-8835408.2563000005,4749716.256099999],[-8835399.9746000003,4749739.7753000036],[-8835395.5549999997,4749767.3093999997],[-8835387.2743999995,4749790.8315000013],[-8835382.9241000004,4749814.4209000021],[-8835382.5709000006,4749834.1375999972],[-8835378.5724999998,4749838.0113999993],[-8835378.0778999999,4749865.6168000028],[-8835373.7248999998,4749889.2100000009],[-8835361.0231999997,4749940.2629000023],[-8835356.7409000006,4749959.9089000002],[-8835348.2506000008,4749995.262500003],[-8835327.6917000003,4750046.1739000008],[-8835307.0645000003,4750101.0320999995],[-8835286.7879000008,4750136.1718000025],[-8835270.5818000007,4750163.4937999994],[-8835226.1015000008,4750233.7013000026],[-8835173.8380999994,4750299.8219999969],[-8835113.7864999995,4750361.8593999967],[-8835046.0919000003,4750411.9206999987],[-8834959.0379000008,4750445.8496000022],[-8834872.2678999994,4750464.004900001],[-8834868.3399999999,4750463.933799997],[-8834840.7722999994,4750467.380900003],[-8834817.2060000002,4750466.9539000019],[-8834793.5675000008,4750470.4680000022],[-8834769.9987000003,4750470.0407999977],[-8834750.3603000008,4750469.6849000007],[-8834746.4310999997,4750469.6137000024],[-8834711.0810000002,4750468.9728000015],[-8834695.3693000004,4750468.688000001],[-8834679.6563000008,4750468.4030999988],[-8834644.2325999998,4750471.7071999982],[-8834640.3059999999,4750471.6359999999],[-8834612.8104999997,4750471.1372999996],[-8834604.9534000009,4750470.9946999997],[-8834581.3147999998,4750474.5109999999],[-8834561.6739000008,4750474.1546000019],[-8834553.8192999996,4750474.0121000037],[-8834522.3235999998,4750477.3867999986],[-8834518.3943000007,4750477.3154999986],[-8834494.8280999996,4750476.8878000006],[-8834471.2605000008,4750476.4600000009],[-8834467.3325999994,4750476.3887000009],[-8834439.9080999997,4750471.9444999993],[-8834424.1951000001,4750471.6591999978],[-8834392.8414999992,4750467.1446999982],[-8834377.2008999996,4750462.9140999988],[-8834365.4170999993,4750462.700000003],[-8834362.1436000001,4750465.5581],[-8834347.2445,4750462.329400003],[-8834183.7291000001,4750451.1387000009],[-8834054.1129000001,4750451.5207000002],[-8833896.9721000008,4750465.0983000025],[-8833705.2144000009,4750506.808799997],[-8833626.5573999994,4750556.0587000027],[-8833435.7639000006,4750695.0419000015],[-8833322.5591000002,4750843.6603000015],[-8833222.1000999995,4751008.9209999964],[-8833122.6059000008,4751151.2569999993],[-8832993.6079999991,4751268.9926000014],[-8832876.7993999999,4751314.1648999974],[-8832773.3939999994,4751364.7519999966],[-8832606.3228999991,4751476.1089000031],[-8832435.4648000002,4751579.5063999966],[-8832264.5314000007,4751686.8422000036],[-8832097.3802000005,4751802.137000002],[-8831934.1548999995,4751917.5050000027],[-8831763.1383999996,4752028.7813000008],[-8831588.5506999996,4752120.2609999999],[-8831402.5352999996,4752191.7989000008],[-8831346.8154000007,4752207.0055999979],[-8831289.8446999993,4752231.5817999989],[-8831116.5614999998,4752286.6067000031],[-8830933.4545000009,4752319.1833999977],[-8830750.8813000005,4752322.6525000036],[-8830448.8870999999,4752327.3277999982],[-8830192.3627000004,4752363.6660000011],[-8829776.5011999998,4752438.1336999983],[-8829531.5595999993,4752493.5099999979],[-8829206.2835000008,4752557.6555999964],[-8828915.6786000002,4752591.6124000028],[-8828682.2645999994,4752576.9659999982],[-8828467.4805999994,4752569.5143000036],[-8828322.8627000004,4752549.6743000001],[-8828231.0405000001,4752534.2490999997],[-8828199.9979999997,4752524.3764000013],[-8828137.2531000003,4752512.9631000012],[-8828040.3099000007,4752497.7826000005],[-8827951.5708000008,4752481.7278999984],[-8827819.6711999997,4752475.1359999999],[-8827681.8637000006,4752456.1001999974],[-8827645.9604000002,4752460.5617000014],[-8827616.0801999997,4752471.3020000011],[-8827563.2892000005,4752503.1894999966],[-8827539.2974999994,4752527.3989999965],[-8827523.6442000009,4752543.5451000035],[-8827508.6871000007,4752577.173299998],[-8827496.8954000007,4752605.7233000025],[-8827464.6226000004,4752634.9148000032],[-8827431.6916000005,4752644.569600001],[-8827357.0063000005,4752643.1605999991],[-8827280.6212000009,4752623.2225999981],[-8827208.4247999992,4752598.2251000032],[-8827127.1752000004,4752564.8356000036],[-8827014.8293999992,4752552.4368999973],[-8826898.5072000008,4752533.7960999981],[-8826777.2631000001,4752504.7854000032],[-8826672.3308000006,4752479.1647000015],[-8826638.6958000008,4752465.1366999969],[-8826618.7050000001,4752461.3998000026],[-8826606.9908000007,4752457.2347000018],[-8826564.0758999996,4752440.6367999986],[-8826525.0844000001,4752424.1147999987],[-8826490.0984000005,4752403.7211999968],[-8826455.1111999992,4752383.3302000016],[-8826424.0551999994,4752363.0109999999],[-8826389.0682999995,4752342.6198000014],[-8826377.5054000001,4752330.5605000034],[-8826358.0843000002,4752318.3548000008],[-8826327.1029000003,4752294.0935000032],[-8826300.0489000008,4752269.9056999981],[-8826269.0653000008,4752245.641900003],[-8826257.5039000008,4752233.5851000026],[-8826242.0858999994,4752217.5082999989],[-8826215.0321999993,4752193.3215000033],[-8826188.0529999994,4752165.1893000007],[-8826168.7067000009,4752149.0376000032],[-8826160.9997000005,4752141.0011000037],[-8826157.1443000007,4752136.9822999984],[-8826103.0381000005,4752088.6036000028],[-8826099.1084000003,4752088.5289999992],[-8826095.2531000003,4752084.5102000013],[-8826048.8567999993,4752044.1718999967],[-8826002.5327000003,4751999.8879999965],[-8825998.6030999999,4751999.8132999986],[-8825952.3563000001,4751951.5878000036],[-8825902.1033999994,4751907.2303000018],[-8825902.1777999997,4751903.2848000005],[-8825855.8575999998,4751859.001000002],[-8825805.6055999994,4751814.6436000019],[-8825801.7543000001,4751810.6261000037],[-8825755.3579999991,4751770.2848000005],[-8825708.9619999994,4751729.9463],[-8825705.1094000004,4751725.9275000021],[-8825650.9331,4751681.4940000027],[-8825619.9528999999,4751657.2308000028],[-8825604.3889000006,4751649.0446999967],[-8825573.4089000002,4751624.7802999988],[-8825542.4289999995,4751600.5173000023],[-8825476.6185999997,4751547.9733000025],[-8825410.7344000004,4751499.3694999963],[-8825375.9030000009,4751471.0870999992],[-8825348.7763,4751450.8413999975],[-8825344.1653000005,4751447.3379999995],[-8825313.6896000002,4751414.8773000017],[-8825253.2841999996,4751362.3524999991],[-8825158.9160999991,4751266.0265000015],[-8825082.8068000004,4751178.2687000036],[-8825039.3542999998,4751095.2444999963],[-8824994.1679999996,4750995.748800002],[-8824928.3300999999,4750906.1335000023],[-8824879.3267000001,4750792.1827000007],[-8824848.5804999992,4750686.800999999],[-8824832.8169,4750546.7758999988],[-8824798.4477999993,4750416.6706999987],[-8824740.9729999993,4750210.1018999964],[-8824686.6853,4750043.9091999978],[-8824680.5815999992,4750009.9114999995],[-8824673.2514999993,4749982.1569000036],[-8824666.1434000004,4749942.5720999986],[-8824655.2587000001,4749895.0244000033],[-8824651.7053999994,4749875.2308999971],[-8824639.6504999995,4749819.0119000003],[-8824630.7141999993,4749693.9253000021],[-8824620.0913999993,4749534.8360999972],[-8824619.5987999998,4749417.0335000008],[-8824622.5610000007,4749260.9479999989],[-8824631.1331999991,4749096.7542999983],[-8824667.2887999993,4748916.6555000022],[-8824687.9112999998,4748692.4359000027],[-8824738.2708000001,4748482.4852000028],[-8824778.9547000006,4748351.1017000005],[-8824804.0812999997,4748284.8172999993],[-8824812.1640000008,4748218.2074000016],[-8824824.2715000007,4748119.1491999999],[-8824846.2481999993,4748039.1108999997],[-8824873.3698999994,4747957.4597000033],[-8824910.2307999991,4747901.6727000028],[-8824946.9616,4747852.7308000028],[-8824975.4297000002,4747789.936499998],[-8824991.9024999999,4747730.3372000009],[-8824993.1013999991,4747667.0231000036],[-8824986.4918000009,4747565.9007999972],[-8824967.7905999999,4747473.1076000035],[-8824945.8106999993,4747373.4055000022],[-8824920.1871000007,4747088.0838000029],[-8824918.5193000007,4746888.1262999997],[-8824957.5946999993,4746697.1665000021],[-8825007.1601999998,4746528.3188999966],[-8825102.3682000004,4746253.5420999974],[-8825106.6045999993,4746225.8713999987],[-8825119.4934999999,4746195.0168000013],[-8825178.1085999999,4745927.2955000028],[-8825196.0651999991,4745685.6889000013],[-8825182.6263999995,4745452.450000003],[-8825106.3161999993,4745240.4189999998],[-8825025.5484999996,4745028.3069000021],[-8824941.5109000001,4744753.4148999974],[-8824884.6632000003,4744456.6489000022],[-8824852.6283999998,4744263.4013999999],[-8824761.6802999992,4744118.3099000007],[-8824597.0812999997,4744092.7652999982],[-8824357.9758000001,4744231.5451000035],[-8824009.0929000005,4744511.5741999969],[-8823727.7788999993,4744757.0560000017],[-8823418.1502,4745082.6344999969],[-8823176.6948000006,4745342.3222000003],[-8823138.8120000008,4745387.6783000007],[-8823068.2364000008,4745494.6545000002],[-8822943.2015000004,4745757.8621999994],[-8822852.1881000008,4746095.6701000035],[-8822790.2161999997,4746483.3430999964],[-8822723.7822999991,4746818.9095999971],[-8822675.6465000007,4746911.0944999978],[-8822600.8180999998,4747115.0518999994],[-8822482.5164999999,4747309.9557000026],[-8822372.3378999997,4747507.7577999979],[-8822200.9550000001,4747767.3720000014],[-8821894.2583000008,4748112.0134000033],[-8821612.7698999997,4748421.5385999978],[-8821327.6068999991,4748637.8623000011],[-8820647.8216999993,4749175.8510999978],[-8819803.0709000006,4749685.2752000019],[-8819176.7943999991,4750047.6005000025],[-8819170.2695000004,4750054.061499998],[-8818928.3421999998,4750217.0948999971],[-8818761.2798999995,4750388.4505999982],[-8818683.8619999997,4750510.2066000029],[-8818602.6976999994,4750649.012500003],[-8818527.8138999995,4750815.3408000022],[-8818259.6272,4751272.3801999986],[-8817883.2892000005,4751850.5896999985],[-8817521.2222000007,4752394.8488999978],[-8817215.0295000002,4752871.7277000025],[-8817086.3168000001,4753170.6018000022],[-8816913.3965000007,4753461.7518000007],[-8816677.1135000009,4753850.9878000021],[-8816474.0373,4754285.4310000017],[-8816217.8933000006,4754771.0738999993],[-8815960.2424999997,4755288.3949000016],[-8815764.9824000001,4755669.9334999993],[-8815583.0954,4756021.7696999982],[-8815331.7749000005,4756432.1846999973],[-8815154.5497999992,4756762.7163000032],[-8814969.2964999992,4757067.3932999969],[-8814817.3790000007,4757411.2989000008],[-8814673.3814000003,4757785.3594999984],[-8814481.1738000009,4758222.7176999971],[-8814214.2114000004,4758769.9681999981],[-8813985.3797999993,4759116.6489000022],[-8813708.2361999992,4759530.9086999968],[-8813329.7705000006,4760101.6547000036],[-8813151.9385000002,4760378.5103999972],[-8812881.3877000008,4760729.9200000018],[-8812561.7467,4761088.4990999997],[-8812146.9137999993,4761594.2657999992],[-8811795.2495000008,4762013.9073999971],[-8811500.7112000007,4762393.5813999996],[-8811222.1382999998,4762742.7303000018],[-8811022.2348999996,4763000.9227000028],[-8810884.4991999995,4763224.3923000023],[-8810582.5668000001,4763711.943400003],[-8810130.7008999996,4764515.3311000019],[-8809889.3048,4765045.3232999966],[-8809600.9452,4765615.5212000012],[-8809273.4241000004,4766344.4175999984],[-8809017.8400999997,4766812.4491000026],[-8808582.2397000007,4767559.7471000031],[-8808230.6644000001,4768205.9157999977],[-8807791.6304000001,4768865.7260999978],[-8807479.9807999991,4769312.0778999999],[-8807054.4024999999,4770059.7000999972],[-8806742.2544999998,4770526.6574999988],[-8806444.1630000006,4771055.6871000007],[-8806119.8804000001,4771609.9206999987],[-8805905.7621999998,4772042.9513000026],[-8805776.8519000001,4772323.358099997],[-8805691.1549999993,4772554.9411000013],[-8805603.0066999998,4772758.5910999998],[-8805446.4799000006,4773295.8399000019],[-8805267.1848000009,4773695.3401999995],[-8805017.1914000008,4774204.9118999988],[-8804698.6448999997,4774721.6314999983],[-8804308.4618999995,4775391.3241000026],[-8803910.0439999998,4776043.7044999972],[-8803452.1215000004,4776677.6749000028],[-8803177.9587999992,4777109.5799999982],[-8802921.2274999991,4777524.7005999982],[-8802441.8861999996,4778355.7032999992],[-8802174.5357000008,4778865.0628999993],[-8801862.9581000004,4779442.1746999994],[-8801569.9053000007,4779951.0195999965],[-8801341.0620000008,4780255.1921999976],[-8801094.7412,4780576.1648000032],[-8800728.5421999991,4780903.1380999982],[-8800289.6890999991,4781426.0398999974],[-8800018.5814999994,4781703.5478999987],[-8799807.6740000006,4781965.1872999966],[-8799542.3120000008,4782371.6414000019],[-8799252.0198999997,4782743.2084000036],[-8799027.3247999996,4783245.0406000018],[-8798689.2162999995,4783847.4887999967],[-8798474.3210000005,4784289.4487000033],[-8798184.6783000007,4784626.7083000019],[-8797720.9930000007,4785097.6005000025],[-8797379.4276000001,4785459.496299997],[-8797094.5203000009,4785968.6862000003],[-8796777.4354999997,4786382.6787],[-8796371.9722000007,4786923.6049999967],[-8795983.7608000003,4787456.3325000033],[-8795718.4733000007,4787845.7180999964],[-8795478.6392000001,4788244.2683999985]]},"properties":{"objectid":8691,"elev":3200,"st_length(shape)":123123.23371770368}},{"type":"Feature","id":8697,"geometry":{"type":"LineString","coordinates":[[-8856275.2498000003,4730954.185800001],[-8856123.3596000001,4731257.2246000022],[-8855785.8597999997,4731879.567400001],[-8855317.8244000003,4732718.0622000024],[-8855103.5677000005,4733154.4311000034],[-8854771.0516999997,4733666.1349000037],[-8854455.6479000002,4734151.2672000006],[-8854088.5489000008,4734521.4104999974],[-8853799.6173,4734812.2290999964],[-8853371.5288999993,4735228.3945000023],[-8852878.8982999995,4735703.9550999999],[-8852325.4870999996,4736212.1040000021],[-8851959.3267999999,4736515.0882999972],[-8851356.2105999999,4736988.8228999972],[-8851183.8006999996,4737082.6911000013],[-8851126.0281000007,4737100.1062000021],[-8850903.6249000002,4737114.2880999967],[-8850547.9541999996,4737126.2646000013],[-8850103.4384000003,4737136.7572000027],[-8849746.7385000009,4737211.1490999982],[-8849343.6965999994,4737400.758100003],[-8848938.8686999995,4737697.4050000012],[-8848525.7241999991,4737958.2105000019],[-8848470.0742000006,4738008.194600001],[-8848227.6257000007,4738134.0842999965],[-8847835.0906000007,4738320.9874000028],[-8847451.3762999997,4738459.6541000009],[-8847060.1637999993,4738565.9324000031],[-8846621.5901999995,4738623.0217000023],[-8846323.3156000003,4738665.7744999975],[-8846093.0244999994,4738664.3299999982],[-8845429.7102000006,4738716.8779999986],[-8845019.9013,4738814.0241999999],[-8844662.1183000002,4738999.3857000023],[-8844437.3146000002,4739234.0473000035],[-8844329.6852000002,4739464],[-8844110.5516999997,4739954.0869000033],[-8843946.8663999997,4740330.9148999974],[-8843608.5435000006,4740939.9387999997],[-8843333.2729000002,4741382.0714000016],[-8843158.2807999998,4741634.4180999994],[-8843057.1566000003,4741670.5922999978],[-8842959.6601999998,4741695.2501000017],[-8842580.2520000003,4741788.7863999978],[-8842385.2090000007,4741840.7255000025],[-8842131.2356000002,4741962.7643000036],[-8842008.6752000004,4742071.2769000009],[-8841699.1394999996,4742371.4807000011],[-8841453.7692000009,4742601.6714999974],[-8841278.0481000002,4742748.7723999992],[-8841027.8696999997,4742952.5314000025],[-8840878.8710999992,4743071.1167000011],[-8840552.5573999994,4743276.1723999977],[-8840265.9927999992,4743458.2070999965],[-8840092.4037999995,4743631.684299998],[-8839934.4572999999,4743810.7061000019],[-8839727.3971999995,4744096.8923999965],[-8839542.0042000003,4744343.9403999969],[-8839306.8010000009,4744587.4765999988],[-8838887.9675999992,4744975.3285999969],[-8838650.6659999993,4745187.2053000033],[-8838369.5077,4745428.8708999977],[-8838120.9354999997,4745522.0744000003],[-8838052.2963999994,4745632.4716999978],[-8837907.7739000004,4745790.6524000019],[-8837736.5033,4745963.3359000012],[-8837637.2654999997,4746031.5041999966],[-8837577.3989000004,4746061.5200000033],[-8837435.0951000005,4746084.8840999976],[-8837342.3423999995,4746078.047799997],[-8837262.3292999994,4746074.3005999997],[-8837201.7458999995,4746086.3947999999],[-8837143.4124999996,4746119.6121999994],[-8836625.4429000001,4746550.7655000016],[-8836317.9834000003,4746706.612499997],[-8836188.6350999996,4746825.3131000027],[-8835887.9014999997,4747166.1762000024],[-8835703.9636000004,4747341.0464000031],[-8835406.8466999996,4747665.1667999998],[-8835029.0077999998,4748008.0014000013],[-8834614.3190000001,4748350.1651000008],[-8834387.7254000008,4748473.8220999986],[-8834070.9800000004,4748582.3866000026],[-8833631.1513999999,4748644.9874000028],[-8833148.1625999995,4748686.6059999987],[-8832562.3530999999,4748857.4518000036],[-8832254.4573999997,4749030.0129999965],[-8831976.5596999992,4749209.8447000012],[-8831667.2302000001,4749459.7082000002],[-8831308.7957000006,4749829.7212999985],[-8831100.9243999999,4750024.2868999988],[-8830762.0939000007,4750236.6044000015],[-8830428.6052000001,4750538.0710000023],[-8830089.1547999997,4750769.5886999965],[-8829330.8663999997,4751172.7864999995],[-8829110.0933999997,4751302.6491999999],[-8828960.9889000002,4751400.0477000028],[-8828837.3429000005,4751445.6824999973],[-8828655.6634999998,4751493.6538000032],[-8828450.6863000002,4751510.3606999964],[-8828148.4796999991,4751436.1899000034],[-8827829.7397000007,4751334.3008000031],[-8827505.3388,4751170.6491999999],[-8827252.8095999993,4750994.6476000026],[-8827015.1471999995,4750753.8553000018],[-8826913.3369999994,4750657.8772],[-8826872.7196999993,4750634.6257999986],[-8826674.6626999993,4750479.5425999984],[-8826483.5680999998,4750312.6652000025],[-8826378.0605999995,4750225.4976999983],[-8826250.0722000003,4750146.8684],[-8826214.7213000003,4750123.6108999997],[-8826179.7769000009,4750106.6059999987],[-8826120.6601,4750076.3762999997],[-8825982.8101000004,4749971.0261000022],[-8825902.3406000007,4749897.5851999968],[-8825820.8133000005,4749789.8806999996],[-8825751.4138999991,4749672.1344999969],[-8825693.3095999993,4749498.1041999981],[-8825628.4211999997,4749322.235299997],[-8825617.3694000002,4749185.0590000004],[-8825618.7018999998,4749024.1517999992],[-8825641.0127000008,4748745.5185000002],[-8825703.0727999993,4748438.5458000004],[-8825725.6366000008,4748370.4289999977],[-8825730.5046999995,4748344.178199999],[-8825734.5034999996,4748294.3800000027],[-8825759.9255999997,4748196.2567000017],[-8825781.3432999998,4748102.0036000013],[-8825785.6433000006,4748082.3630999997],[-8825785.7177000009,4748078.4192000031],[-8825794.3879000004,4748035.2008000016],[-8825798.5391000006,4748023.4447000027],[-8825798.6133999992,4748019.5046999976],[-8825806.9861999992,4747992.0537],[-8825815.3615000006,4747964.6040000021],[-8825819.5868999995,4747948.9079999998],[-8825819.8100000005,4747937.0798000023],[-8825828.1083000004,4747913.5702999979],[-8825836.4835000001,4747886.1209999993],[-8825844.7817000002,4747862.6155999973],[-8825844.8560000006,4747858.6715999991],[-8825853.2285999991,4747831.2223000005],[-8825861.5306000002,4747807.7157000005],[-8825869.9030000009,4747780.2665000036],[-8825869.9772999994,4747776.3237000033],[-8825878.2778999992,4747752.817400001],[-8825886.6502,4747725.3681999967],[-8825895.0263999999,4747697.9192000031],[-8825899.0990999993,4747690.1061000004],[-8825911.7708000001,4747643.0201999992],[-8825945.5614,4747517.4513999969],[-8825983.2059000004,4747395.9047999978],[-8825996.0253999997,4747340.9327000007],[-8826057.9686999992,4747180.4112000018],[-8826123.4628999997,4747039.675499998],[-8826143.7642999999,4747004.5654999986],[-8826196.6623,4746906.9746000022],[-8826273.5636,4746786.1789000034],[-8826350.5384999998,4746661.4390999973],[-8826370.7614999991,4746630.2734000012],[-8826394.9847999997,4746595.240199998],[-8826411.2839000002,4746564.0003999993],[-8826447.8807999995,4746497.6517999992],[-8826488.4761999995,4746427.4371000007],[-8826525.2916000001,4746349.2612999976],[-8826553.9631999992,4746286.7085999995],[-8826562.1843999997,4746267.1455999985],[-8826595.4451000001,4746169.1877000034],[-8826629.0713,4746051.5196999982],[-8826658.8509999998,4745929.8390000015],[-8826659.1469000001,4745914.0702000037],[-8826682.6206999999,4745709.4619999975],[-8826683.3604000006,4745670.0424000025],[-8826683.5763000008,4745449.2267000005],[-8826667.7945000008,4745243.884300001],[-8826661.2730999999,4745172.7846999988],[-8826656.0843000002,4745030.7369000018],[-8826664.0050000008,4744817.9641000032],[-8826668.4470000006,4744790.447800003],[-8826690.8860999998,4744641.0408999994],[-8826712.9547000006,4744511.3456000015],[-8826717.5429999996,4744475.9460000023],[-8826732.3154000007,4744386.4032000005],[-8826759.0880999994,4744285.1603000015],[-8826792.2569999993,4744152.3112000003],[-8826844.3897999991,4744007.8435999975],[-8826868.5573999994,4743900.4954999983],[-8826940.5759999994,4743604.1150000021],[-8826959.2084999997,4743428.2223000005],[-8826987.1008000001,4743303.8392999992],[-8827042.3131000008,4743176.5513999984],[-8827117.9662999995,4743049.6504999995],[-8827183.8444999997,4742898.6119000018],[-8827257.5260000005,4742694.6819000021],[-8827342.4572999999,4742526.8971000016],[-8827447.3474000003,4742385.1542000026],[-8827532.4295000006,4742254.4739999995],[-8827607.9981999993,4742079.5882999972],[-8827804.0335000008,4741603.5944000036],[-8828041.5513000004,4741014.6670999974],[-8828157.8596000001,4740586.6644999981],[-8828195.4453999996,4740419.2559999973],[-8828212.8795999996,4740276.1942000017],[-8828211.7905000001,4740246.5156999975],[-8828209.9980999995,4740242.7431000024],[-8828208.6042999998,4740241.2893999964],[-8828211.3578999992,4740093.2245000005],[-8828267.8958999999,4739965.7330000028],[-8828343.7551000006,4739858.3816],[-8828402.8095999993,4739793.1146000028],[-8828402.8391999993,4739793.1303000003],[-8828414.6102000009,4739793.3506999984],[-8828414.9103999995,4739793.3563999981],[-8828419.1535,4739775.742899999],[-8828469.8467999995,4739697.5857999995],[-8828521.0899,4739589.7749999985],[-8828592.8465999998,4739437.8526000008],[-8828621.7789999992,4739382.3620999977],[-8828628.9534000009,4739349.5364999995],[-8828690.4039999992,4739222.1437000036],[-8828695.4593000002,4739204.440200001],[-8828707.3704000004,4739103.8082000017],[-8828720.2390000001,4738940.9035999998],[-8828653.1634999998,4738840.7747000009],[-8828584.2552000005,4738839.4858999997],[-8828435.6570999995,4738871.5895000026],[-8828287.4642999992,4738913.0288000032],[-8828213.9090999998,4738896.8189999983],[-8828195.8751999997,4738807.4943000004],[-8828233.1773000006,4738654.9400999993],[-8828331.8362000007,4738379.9499000013],[-8828449.4419999998,4738144.8676000014],[-8828643.8906999994,4737748.1004000008],[-8828893.1903000008,4737312.825000003],[-8829131.9863000009,4736911.9653000012],[-8829308.9728999995,4736658.2430000007],[-8829540.4451000001,4736385.7673999965],[-8829793.3638000004,4736102.7528999969],[-8829806.7139999997,4736094.170599997],[-8829847.9003999997,4735996.0883999988],[-8829883.8012000006,4735917.6780999973],[-8829900.5651999991,4735809.2594000027],[-8829861.7466000002,4735778.8849999979],[-8829786.7543000001,4735841.7412],[-8829667.5667000003,4735898.8333000019],[-8829636.7694000006,4735952.1438999996],[-8829627.6278000008,4735955.1934999973],[-8829587.6386999991,4735997.1071999967],[-8829583.6425000001,4736000.9724999964],[-8829575.5086000003,4736016.5790999979],[-8829551.2457999997,4736055.5230000019],[-8829531.0544000007,4736086.6648999974],[-8829526.9867000002,4736094.4685000032],[-8829506.5745000001,4736137.4223999977],[-8829498.3676999994,4736156.9686999992],[-8829486.1645999998,4736180.3791999966],[-8829469.6742000002,4736223.4091000035],[-8829465.6791999992,4736227.2730000019],[-8829449.2613999993,4736266.3646000028],[-8829432.9902999997,4736297.5788000003],[-8829428.8522999994,4736309.3219000027],[-8829416.7943999991,4736324.8545999974],[-8829412.6524999999,4736336.5975999981],[-8829404.5883000009,4736348.2665999979],[-8829400.5217000004,4736356.0700000003],[-8829400.4489999991,4736360.007100001],[-8829392.3847000003,4736371.677199997],[-8829384.3230000008,4736383.3458999991],[-8829380.1083000004,4736399.0261999965],[-8829372.1193000004,4736406.7578999996],[-8829372.0465999991,4736410.695100002],[-8829363.9823000003,4736422.3637999967],[-8829359.9857999999,4736426.2303000018],[-8829339.7202000003,4736461.3100999966],[-8829303.3256000001,4736519.7277000025],[-8829267.0057999995,4736574.2082000002],[-8829230.7545999996,4736624.7493999973],[-8829190.5832000002,4736675.2188000008],[-8829154.4807999991,4736717.8832999989],[-8829118.3014000002,4736764.487499997],[-8829082.1254999992,4736811.0904000029],[-8829057.8587999996,4736850.0372999981],[-8829049.6505999994,4736869.5834000036],[-8829037.5197000001,4736889.0562999994],[-8829013.2553000003,4736928.0036000013],[-8828984.9952000007,4736970.8147],[-8828956.8768000007,4737005.7475999966],[-8828932.6130999997,4737044.6964000016],[-8828904.4252000004,4737083.5680000037],[-8828876.3101000004,4737118.5036000013],[-8828848.1934999991,4737153.4381999969],[-8828844.1249000002,4737161.2421000004],[-8828836.0618999992,4737172.9113999978],[-8828820.0050000008,4737192.3125],[-8828808.0193000007,4737203.9086000025],[-8828791.9623000007,4737223.3084999993],[-8828787.8924000002,4737231.1124000028],[-8828779.9751999993,4737234.9042999968],[-8828748.0096000005,4737265.8281999975],[-8828716.1153999995,4737292.8122999966],[-8828708.1983000003,4737296.6030000001],[-8828668.3136999998,4737331.3188999966],[-8828652.4023000002,4737342.8427999988],[-8828628.4992999993,4737362.0960000008],[-8828592.5369000006,4737396.8838],[-8828588.5410999991,4737400.7476999983],[-8828560.5689000003,4737427.8061999977],[-8828548.5095000006,4737443.3408000022],[-8828528.5287999995,4737462.6673000008],[-8828504.5535000004,4737485.8606000021],[-8828496.5628999993,4737493.5910999998],[-8828476.5821000002,4737512.9175999984],[-8828452.5333999991,4737540.0481999964],[-8828444.6132999994,4737543.8413000032],[-8828428.5563999992,4737563.2413000017],[-8828404.5074000005,4737590.371799998],[-8828392.5925999992,4737598.0291000009],[-8828376.6086999997,4737613.4902999997],[-8828362.0591000002,4737627.5647],[-8828305.9605,4737652.7990999967],[-8828117.5670999996,4737723.4155000001],[-8828036.2169000003,4737748.9575000033],[-8828028.7578999996,4737748.8175999969],[-8828020.9096000008,4737748.6704000011],[-8827993.4494000003,4737748.1551999971],[-8827958.2180000003,4737743.5537],[-8827938.6755999997,4737739.2481999993],[-8827930.8311000001,4737739.1010000035],[-8827927.3585000001,4737737.8658000007],[-8827861.0065000001,4737753.2035999969],[-8827751.8129999992,4737800.5847000033],[-8827646.8029999994,4737887.5891999975],[-8827608.0456000008,4737925.0733999982],[-8827593.2686999999,4737953.4126999974],[-8827576.9890000001,4737984.629900001],[-8827572.9177999999,4737992.4338999987],[-8827564.8500999995,4738004.1030000001],[-8827540.5039000008,4738046.9880999997],[-8827508.0161000006,4738105.4814999998],[-8827451.4762999993,4738191.1062999964],[-8827399.3735000007,4738249.2324000001],[-8827379.3155000005,4738272.4968999997],[-8827303.3066000007,4738349.8748999983],[-8827235.5069999993,4738407.7053999975],[-8827219.5212999992,4738423.1645999998],[-8827131.8852999993,4738492.4422999993],[-8827076.0769999996,4738538.6768999994],[-8827048.0988999996,4738565.7327999994],[-8826976.0058999993,4738643.1829999983],[-8826907.7599999998,4738724.6489999965],[-8826891.6271000002,4738747.9865000024],[-8826843.3651000001,4738810.1259000003],[-8826786.7419000007,4738899.6916999966],[-8826727.8313999996,4738983.0313000008],[-8826555.7489,4739198.136500001],[-8826403.6361999996,4739315.6709999964],[-8826121.1464000009,4739553.8857000023],[-8825753.0420999993,4739850.6816999987],[-8825583.8392999992,4740006.202200003],[-8825367.3278000001,4740212.822800003],[-8825193.0913999993,4740363.933799997],[-8825055.8718999997,4740536.8686000034],[-8824821.7741999999,4740851.118900001],[-8824662.1436000001,4741073.8334999979],[-8824445.4933000002,4741338.6220000014],[-8824326.3209000006,4741496.1644999981],[-8824208.4356999993,4741658.0882999972],[-8824117.3278999999,4741783.8469000012],[-8823960.0822999999,4742002.6582000032],[-8823824.3627000004,4742186.9505999982],[-8823706.3615000006,4742354.1172000021],[-8823483.0537,4742660.7501000017],[-8823329.3254000004,4742876.1440000013],[-8823022.0161000006,4743298.2066000029],[-8822789.4353,4743632.6243999973],[-8822542.4559000004,4743991.2274999991],[-8822288.1660999991,4744367.1661999971],[-8822026.6306999996,4744756.9488999993]]},"properties":{"objectid":8697,"elev":3420,"st_length(shape)":67338.907207865122}},{"type":"Feature","id":8721,"geometry":{"type":"LineString","coordinates":[[-8855961.3150999993,4730891.4592999965],[-8855719.2463000007,4731333.4041000009],[-8855201.4623000007,4732275.8042000011],[-8854824.9831000008,4732951.686999999],[-8854530.1602999996,4733419.0727000013],[-8853996.0371000003,4734144.9211999997],[-8853285.8375000004,4734848.2582999989],[-8852291.3195999991,4735756.8370999992],[-8850987.8292999994,4736771.8249000013],[-8850517.9826999996,4736944.6911000013],[-8850506.4561999999,4736947.121799998],[-8850213.1278000008,4736951.193400003],[-8849856.4352000002,4737025.5878999978],[-8849544.1597000007,4737100.7087000012],[-8849221.227,4737282.7189999968],[-8848925.0847999994,4737456.2457000017],[-8848629.1028000005,4737687.4055999964],[-8847942.7502999995,4737987.2807999998],[-8846786.7283999994,4738348.3263000026],[-8846413.9469000008,4738368.2631999999],[-8845837.8889000006,4738430.6591000035],[-8845340.3238999993,4738487.7996999994],[-8844868.1052000001,4738591.2747000009],[-8844624.5135999992,4738698.6432999969],[-8844312.8032000009,4738968.8643999994],[-8844166.1826000009,4739136.9381999969],[-8843929.1515999995,4739624.9662000015],[-8843682.4284000006,4740296.5762000009],[-8843263.8816,4741076.8209000006],[-8843073.1744999997,4741526.3435999975],[-8842496.2783000004,4741637.1785999984],[-8842213.6868999992,4741745.5496999994],[-8841983.3199000005,4741867.9931999967],[-8841843.7037000004,4742052.6019999981],[-8841683.3715000004,4742221.0447999984],[-8841456.8670000006,4742422.5820999965],[-8841147.6236000005,4742704.3425000012],[-8840801.6850000005,4742982.8242999986],[-8840491.3869000003,4743172.3488000035],[-8840250.1531000007,4743313.0213999972],[-8840119.8705000002,4743410.8505999967],[-8839879.2262999993,4743667.4563999996],[-8839419.9912,4744268.0104999989],[-8838694.4662999995,4744935.0106000006],[-8838388.0185000002,4745198.3576999977],[-8838018.3539000005,4745341.5323999971],[-8837891.0313000008,4745393.6589000002],[-8837751.6987999994,4745541.4048999995],[-8837670.3345999997,4745620.2497000024],[-8837474.6261,4745746.2687000036],[-8837414.5772999991,4745786.6401999965],[-8837364.7980000004,4745829.7850999981],[-8837289.8652999997,4745853.4236999974],[-8837067.1720000003,4745978.5746999979],[-8836167.2452000007,4746505.0622000024],[-8835519.9778000005,4747228.806599997],[-8834947.7193999998,4747776.6163000017],[-8834455.2780000009,4748247.0675999969],[-8834191.6143999994,4748360.4843999967],[-8833896.0826999992,4748427.3460000008],[-8833516.0226000007,4748466.3889999986],[-8833116.5826999992,4748491.9294999987],[-8832465.932,4748663.8924999982],[-8831958.2714000009,4748884.4193999991],[-8831320.2195999995,4749437.4654999971],[-8830722.4204999991,4749932.1338],[-8830280.6591999996,4750120.9822999984],[-8829833.5983000007,4750329.5789000019],[-8828833.6370000001,4750992.9708999991],[-8828727.1344000008,4751035.4877000004],[-8828680.6655000001,4751066.0173999965],[-8828499.3745000008,4751093.4428000003],[-8828233.4118000008,4751088.4525000006],[-8828074.1096999999,4751034.0886000022],[-8827820.1676000003,4750933.420599997],[-8827607.5945999995,4750809.5539999977],[-8827288.4181999993,4750550.1136000007],[-8827057.1348000001,4750333.4246999994],[-8826663.3662,4750052.0208000019],[-8826589.0769999996,4749988.0524000004],[-8826470.7170000002,4749919.0654999986],[-8826393.5758999996,4749872.6050999984],[-8826297.1501000002,4749780.2071999982],[-8826148.2047000006,4749629.4667999968],[-8826105.1822999995,4749543.4883000031],[-8826072.0140000004,4749408.3940000013],[-8826052.3179000001,4749269.075000003],[-8826002.0613000002,4749093.3215999976],[-8825965.9529999997,4748877.502700001],[-8825969.0766000003,4748711.7334000021],[-8826004.8692000005,4748470.3977999985],[-8826027.4389999993,4748228.8167999983],[-8826027.5850000009,4748221.0649000034],[-8826031.8845000006,4748201.4243000001],[-8826036.2544,4748177.8434000015],[-8826040.4053000007,4748166.0895999968],[-8826040.5538999997,4748158.2026000023],[-8826044.9276000001,4748134.6207000017],[-8826049.2232000008,4748114.9800999984],[-8826053.4483000003,4748099.2835000008],[-8826053.5225000009,4748095.3422000036],[-8826061.7488000002,4748075.7761999965],[-8826065.9714000002,4748060.0797000006],[-8826066.0456000008,4748056.1356000006],[-8826066.1941,4748048.2514000013],[-8826070.2694000006,4748040.4417999983],[-8826132.1420000009,4747883.8492000028],[-8826153.1104000006,4747813.2525999993],[-8826186.3063999992,4747719.2228000015],[-8826244.3955000006,4747554.675999999],[-8826306.1881000008,4747402.0331000015],[-8826330.7854999993,4747347.2837999985],[-8826351.1608000007,4747308.2313999981],[-8826363.4593000002,4747280.8572999984],[-8826400.2816000003,4747202.675999999],[-8826437.0264999997,4747128.4411000013],[-8826457.3269999996,4747093.3290000036],[-8826477.6247000005,4747058.2208999991],[-8826514.2983999997,4746987.9266000018],[-8826554.8213,4746921.6504999995],[-8826562.9690000005,4746906.0297999978],[-8826575.0469000004,4746890.4825000018],[-8826612.8084999993,4746826.0824000016],[-8826700.0410999991,4746699.4329999983],[-8826767.7652000003,4746578.8452999964],[-8826831.4491000008,4746455.4437000006],[-8826861.5665000007,4746376.5945999995],[-8826901.9956,4746256.8632000014],[-8826933.1890999991,4746120.5276999995],[-8826951.9586999994,4745992.1744000018],[-8826957.1995999999,4745923.4689000025],[-8826972.5943,4745797.7528000027],[-8826970.6815000009,4745516.5876000002],[-8826999.8157000002,4745346.3619000018],[-8827022.6305999998,4745082.188699998],[-8827080.4756000005,4744616.8764000013],[-8827107.7509000003,4744352.8060000017],[-8827139.1544000003,4744091.6103999987],[-8827148.5241,4744057.7347000018],[-8827173.6246000007,4743918.5747999996],[-8827176.3128999993,4743774.8872999996],[-8827203.9942000005,4743607.0327000022],[-8827253.9699000008,4743449.867899999],[-8827342.0840000007,4743221.5588999987],[-8827383.5526999999,4743154.3738999963],[-8827385.9945999999,4743153.5341000035],[-8827461.7952999994,4743051.1008000001],[-8827523.7457999997,4742898.9504000023],[-8827525.3400999997,4742890.7776999995],[-8827626.4694999997,4742673.385300003],[-8827729.7415999994,4742418.1618999988],[-8827911.3761,4741922.0986000001],[-8828076.5660999995,4741514.7568999976],[-8828283.4252000004,4740984.5904000029],[-8828445.1303000003,4740498.1019999981],[-8828590.9507999998,4740070.6682000011],[-8828762.5618999992,4739579.4591000006],[-8828799.5839000009,4739441.7181999981],[-8828898.6936000008,4739141.9902999997],[-8829003.8171999995,4738783.0579999983],[-8829068.2781000007,4738492.5878999978],[-8829137.3824000005,4738217.0424999967],[-8829210.2162999995,4738005.8363000005],[-8829293.5296,4737760.2268000022],[-8829436.8992999997,4737461.3672000021],[-8829675.5866999999,4737065.429399997],[-8829899.1281000003,4736688.9905999973],[-8829990.9813000001,4736512.7612999976],[-8830206.2016000003,4736052.1607000008],[-8830436.9799000006,4735547.3849999979],[-8830629.7321000006,4734967.7976000011],[-8830730.0088,4734599.0197999999],[-8830782.6493999995,4734412.2109000012],[-8830795.6579,4734239.4975000024],[-8830762.5772999991,4734164.764200002],[-8830644.2300000004,4734177.4010000005],[-8830559.5055,4734235.1318000033],[-8830499.7422000002,4734273.5581],[-8830430.0478000008,4734316.7418000028],[-8830305.4171999991,4734403.3818000033],[-8830215.2240999993,4734490.6592999995],[-8830111.0524000004,4734632.0138999969],[-8830039.0846999995,4734705.5201999992],[-8830015.0470000003,4734732.6472999975],[-8829926.7368000001,4734841.3040999994],[-8829842.3479999993,4734950.0329999998],[-8829757.9560000002,4735058.7609999999],[-8829673.5635000002,4735167.4918000028],[-8829589.0952000003,4735280.1585000008],[-8829508.5458000004,4735392.9008999988],[-8829484.4321999997,4735423.9664999992],[-8829427.9970999993,4735505.6428999975],[-8829385.2042999994,4735576.5782999992],[-8829353.1110999994,4735601.3914000019],[-8829245.1522000004,4735741.7930999994],[-8829236.9266999997,4735762.3191],[-8829175.9618999995,4735864.9701000005],[-8829104.9716999996,4735977.3193999976],[-8828994.7971000001,4736079.0535999984],[-8828736.4486999996,4736207.6745999977],[-8828498.3272999991,4736307.0141000003],[-8828459.3533999994,4736331.508100003],[-8828447.2301000003,4736346.1542000026],[-8828435.2449999992,4736357.748800002],[-8828431.1751000006,4736365.5520000011],[-8828411.2696000002,4736380.9381000027],[-8828395.2131999992,4736400.3357999995],[-8828383.2279000003,4736411.9305000007],[-8828375.2381999996,4736419.6601999998],[-8828359.2547999993,4736435.1208000034],[-8828339.3489999995,4736450.5068999976],[-8828339.2758000009,4736454.445100002],[-8828307.3858000003,4736481.4258000031],[-8828279.5605999995,4736500.6031000018],[-8828271.5706999991,4736508.3329000026],[-8828239.6777999997,4736535.3132999986],[-8828219.7741,4736550.7005999982],[-8828207.7884999998,4736562.2964000031],[-8828183.8121000007,4736585.4842000008],[-8828167.8281999994,4736600.943400003],[-8828159.8380999994,4736608.6745000035],[-8828131.8683000002,4736635.7285000011],[-8828119.8080000002,4736651.2612999976],[-8828107.8221000005,4736662.8558000028],[-8828087.7689999994,4736686.1198000014],[-8828079.7017000001,4736697.7866000012],[-8828047.5917000007,4736736.5821999982],[-8828011.4805999994,4736779.2437999994],[-8827971.4491000008,4736821.8307999969],[-8827959.3882999998,4736837.3650999963],[-8827935.3411999997,4736864.4927000031],[-8827895.3798999991,4736903.1410999969],[-8827851.4235999994,4736945.6556999981],[-8827847.5035999995,4736945.5820999965],[-8827803.6204000004,4736984.1554000005],[-8827759.8848000001,4737014.8542999998],[-8827747.9702000003,4737022.5116999969],[-8827688.3958000001,4737060.7902000025],[-8827684.4718999993,4737060.7163999975],[-8827621.0504000001,4737094.9848000035],[-8827613.1291000005,4737098.7773000002],[-8827549.7071000002,4737133.0439999998],[-8827545.7831999995,4737132.9702000022],[-8827537.8657000009,4737136.7600999996],[-8827518.0307999998,4737148.2069000006],[-8827486.4278999995,4737159.433600001],[-8827458.6753000002,4737174.6700000018],[-8827434.9200999998,4737186.0441000015],[-8827426.9987000003,4737189.8348999992],[-8827399.2459999993,4737205.0725999996],[-8827367.5730000008,4737220.237499997],[-8827339.8188000005,4737235.4750000015],[-8827333.6360999998,4737239.4469000027],[-8827193.5070999991,4737379.8033000007],[-8827067.9799000006,4737510.8990999982],[-8826991.5471999999,4737609.3166000023],[-8826966.8994999994,4737661.8586999997],[-8826958.7564000003,4737677.4655999988],[-8826909.0306000002,4737818.376199998],[-8826859.3719999995,4737955.3469000012],[-8826847.0868999995,4737982.6979999989],[-8826805.8666999992,4738088.3088999987],[-8826748.4317000005,4738221.1965999976],[-8826690.9989999998,4738354.0860000029],[-8826690.9252000004,4738358.0249999985],[-8826649.9220000003,4738451.8215000033],[-8826608.8442000002,4738549.5579999983],[-8826563.9148999993,4738643.2806999981],[-8826515.0615999997,4738736.9323000014],[-8826462.3592000008,4738826.5697999969],[-8826401.8080000002,4738916.0578999966],[-8826369.6066999994,4738958.7965999991],[-8826337.4829999991,4738997.5949999988],[-8826265.3074999992,4739078.9838000014],[-8826193.5011,4739140.6761000007],[-8826181.5100999996,4739152.2709999979],[-8826177.5113999993,4739156.1345999986],[-8826121.8432,4739194.4880999997],[-8826105.9261000007,4739206.0086999983],[-8826085.3212000001,4739221.310800001],[-8825861.7888999991,4739353.7814999968],[-8825707.1359999999,4739490.2660000026],[-8825497.1575000007,4739755.1635000035],[-8825226.0453999992,4740105.2127000019],[-8824988.1555000003,4740445.9404999986],[-8824712.7587000001,4740845.7175000012],[-8824603.8405000009,4741009.6381999999],[-8824370.3474000003,4741290.7022999972],[-8824291.7268000003,4741394.2006999999],[-8824207.7106999997,4741513.1062999964],[-8824127.2368000001,4741628.5870999992],[-8824046.7941999994,4741742.3227000013],[-8823961.0666000005,4741859.4506999999],[-8823868.2148000002,4741985.175999999],[-8823746.7388000004,4742152.2732999995],[-8823644.7872000001,4742298.7862000018],[-8823555.2725000009,4742431.5649999976],[-8823469.4331999999,4742553.9346999973],[-8823383.5920000002,4742676.3052999973],[-8823222.7048000004,4742902.0411000028],[-8823097.5950000007,4743076.0627000034],[-8823004.5544000007,4743210.5256000012],[-8822918.7017000001,4743332.8995999992],[-8822836.4592000004,4743448.3563999981],[-8822766.6568999998,4743550.0784000009],[-8822693.4081999995,4743649.9871999994],[-8822582.5288999993,4743806.8200000003],[-8822489.5414000005,4743937.7946000025],[-8822369.4565999992,4744120.6569000036],[-8822299.6113000009,4744224.1283999979],[-8822172.3943000007,4744415.5908000022],[-8822030.8541000001,4744627.7431000024],[-8822020.4887000006,4744638.3456000015]]},"properties":{"objectid":8721,"elev":3480,"st_length(shape)":68866.733388560024}},{"type":"Feature","id":8722,"geometry":{"type":"LineString","coordinates":[[-8862294.9478999991,4723973.3454999998],[-8862144.5701000001,4724303.2092999965],[-8861802.1559999995,4725062.9873000011],[-8861600.0123999994,4725497.7854000032],[-8861365.1521000005,4725776.048299998],[-8861105.9888000004,4726003.6001000032],[-8860241.3058000002,4726483.5285999998],[-8859241.2009999994,4726961.2889000028],[-8858164.0824999996,4727548.5182000026],[-8857617.0899999999,4727897.3502999991],[-8857047.3162999991,4728416.9899000004],[-8856679.852,4728824.0311999992],[-8856151.8377999999,4729550.7833999991],[-8855873.5919000003,4730019.6906000003],[-8855625.7255000006,4730468.9535999969],[-8855249.0296999998,4731132.7224000022],[-8854589.0614,4732255.3386000022],[-8854188.2816000003,4732848.2745999992],[-8853931.5310999993,4733216.8783999979],[-8853701.7826000005,4733465.0274000019],[-8853160.7785,4734035.5681999996],[-8852639.9417000003,4734596.3643999994],[-8851949.4666000009,4735093.9284000024],[-8851293.9594999999,4735597.0820999965],[-8850873.0403000005,4735867.2709999979],[-8849694.5743000004,4736427.2277000025],[-8848475.1732999999,4737026.7043000013],[-8848156.2307999991,4737192.6970999986],[-8847897.3208000008,4737369.7686000019],[-8847379.8105999995,4737703.7480999976],[-8847066.2687999997,4737844.6099999994],[-8846420.5266999993,4738040.3200000003],[-8845917.5543000009,4738102.3461000025],[-8845379.7918999996,4738143.5956000015],[-8845087.9877000004,4738183.9773000032],[-8844740.2151999995,4738268.751500003],[-8844462.7742999997,4738349.6793000028],[-8844194.6794000007,4738471.0790999979],[-8843980.1458999999,4738689.1519000009],[-8843789.3189000003,4738988.2735000029],[-8843606.5384,4739403.4649000019],[-8843448.1468000002,4739859.4140999988],[-8843368.0405999999,4740140.306599997],[-8843186.7741,4740464.8277999982],[-8843024.1905000005,4740870.3346000016],[-8842810.3619999997,4741335.4633999988],[-8842498.4999000002,4741355.3574000001],[-8842134.1113000009,4741491.2814000025],[-8841798.2915000003,4741643.4966999963],[-8841637.1462999992,4741859.3351999968],[-8841505.6660999991,4742028.2747000009],[-8841060.4275000002,4742436.7370000035],[-8840740.7263999991,4742715.6679000035],[-8840559.8388,4742857.3981999978],[-8840294.5467000008,4743023.9917000011],[-8840000.2070000004,4743200.6086999997],[-8839842.5416999999,4743363.818400003],[-8839642.1162,4743571.0650999993],[-8839254.6275999993,4744120.1723999977],[-8839086.5806000009,4744275.2964999974],[-8838620.0047999993,4744645.2987999991],[-8838282.5106000006,4744930.3379999995],[-8837429.8723000009,4745357.8610000014],[-8837177.0694999993,4745553.622299999],[-8836942.9561999999,4745878.8452999964],[-8836378.4942000005,4746138.4540000036],[-8835807.4473000001,4746329.931400001],[-8834727.2069000006,4747460.4397],[-8834322.3642999995,4747902.0420000032],[-8833631.0053000003,4748071.063500002],[-8833017.2508000005,4748115.3453999981],[-8832184.8572000004,4748301.8682999983],[-8831627.9449000005,4748533.7644999996],[-8831066.1984000001,4749027.8817000017],[-8830596.1129999999,4749453.057599999],[-8830120.8696999997,4749610.7296999991],[-8829071.9301999994,4749813.1746999994],[-8828269.3787999991,4750005.0051999986],[-8827806.2883000001,4750046.7568999976],[-8827420.4319000002,4749989.0345999971],[-8827126.8893999998,4749832.1334000006],[-8826993.2468999997,4749723.6565999985],[-8826806.5292000007,4749498.1350999996],[-8826705.3993999995,4749264.1450000033],[-8826625.3126999997,4748980.1081999987],[-8826600.4796999991,4748697.1248999983],[-8826641.1304000001,4748405.2996999994],[-8826791.1272,4747908.7277999967],[-8826920.9384000003,4747684.1855000034],[-8827072.3432999998,4747379.3470000029],[-8827254.0588000007,4747064.9993000031],[-8827462.8504000008,4746645.2475999966],[-8827590.1197999995,4746017.189000003],[-8827620.8748000003,4745715.1630000025],[-8827600.4436000008,4745195.3276000023],[-8827637.6274999995,4744817.803199999],[-8827674.1498000007,4744475.5791999996],[-8827685.9649,4744242.6208999977],[-8827676.5023999996,4744031.6787],[-8827683.3092,4743906.2471000031],[-8827730.0456000008,4743795.0205999985],[-8827862.4418000001,4743640.564000003],[-8827963.7665999997,4743487.6538000032],[-8828000.7852999996,4743387.5046999976],[-8828198.2518000007,4742760.9558999985],[-8828415.3960999995,4742154.9763000011],[-8828720.5510000009,4741404.4777000025],[-8829101.6117000002,4740347.9540999979],[-8829180.7133000009,4740142.7633000016],[-8829339.2791000009,4739712.2370999977],[-8829501.5462999996,4739352.358099997],[-8829685.1749000009,4738922.3263000026],[-8829973.1317999996,4738277.5380999967],[-8830177.7161999997,4737797.5363999978],[-8830484.659,4737208.5865999982],[-8830755.1544000003,4736689.5317000002],[-8830921.5993000008,4736370.1224000007],[-8831054.3007999994,4735974.5190000013],[-8831227.2634999994,4735297.5270999968],[-8831298.3655999992,4734976.3966000006],[-8831392.6543000005,4734484.4156000018],[-8831458.5451999996,4734173.2886999995],[-8831522.4496999998,4733695.8976999968],[-8831609.8989000004,4733027.5498000011],[-8831792.7070000004,4732355.9604000002],[-8831889.2076999992,4732015.2377000004],[-8832051.8964000009,4731620.3391000032],[-8832392.4594999999,4730820.7854000032],[-8832749.1944999993,4729956.1146000028],[-8832994.3971999995,4729431.8669999987],[-8833381.9388999995,4728799.4606999978],[-8833701.3640999999,4728326.9531999975],[-8834633.6361999996,4727231.2167000026],[-8835676.9514000006,4726082.134300001],[-8835719.8735000007,4726029.1656000018],[-8835817.1165999994,4725985.7101000026],[-8836013.5830000006,4725802.7021000013],[-8836112.6754999999,4725662.7154999971],[-8836112.8219000008,4725654.4849999994],[-8836173.1647999994,4725604.110299997],[-8836393.6238000002,4725324.5389000028],[-8836659.5647,4724993.5581],[-8836708.3621999994,4724755.6904999986],[-8836637.7842999995,4724545.5373999998],[-8836418.2597000003,4724355.1050999984],[-8836136.2748000007,4724335.1359999999],[-8835710.7756999992,4724446.8665999994],[-8835335.9304000009,4724634.0961999968],[-8835139.3420000002,4724824.5285999998],[-8835138.1927000005,4724826.616899997],[-8835132.8461000007,4724829.0948999971],[-8834467.8206999991,4725295.2435000017],[-8833980.7631999999,4725618.626199998],[-8833730.1265999991,4725895.9557999969],[-8833370.2336999997,4726392.7857000008],[-8833153.5534000006,4726731.1473999992],[-8832862.9531999994,4727274.570100002],[-8832644.7772000004,4727693.4737000018],[-8832332.6995999999,4728312.0605999976],[-8832050.1122999992,4728961.4262000024],[-8831894.1316,4729265.7106000036],[-8831547.4145,4729853.5181000009],[-8831235.6610000003,4730447.0270000026],[-8831090.2124000005,4730721.3210000023],[-8830840.6030999999,4731205.2158999965],[-8830622.3480999991,4731619.197300002],[-8830399.3379999995,4732017.9924999997],[-8830160.8027999997,4732441.6944999993],[-8830066.8712000009,4732555.5341000035],[-8830039.0625999998,4732574.7093999982],[-8830007.3318000007,4732593.8118999973],[-8830003.341,4732597.6775000021],[-8829979.4506000001,4732616.9253000021],[-8829947.7194999997,4732636.0275999978],[-8829919.8379999995,4732659.1396000013],[-8829907.9301999994,4732666.7951000035],[-8829880.1210999992,4732685.9701000005],[-8829876.1302000005,4732689.8341000006],[-8829824.3574999999,4732732.1948999986],[-8829800.4690000005,4732751.4425999969],[-8829788.4885000009,4732763.0350999981],[-8829680.5146999992,4732875.2409000024],[-8829580.0188999996,4733007.2774000019],[-8829487.0021000002,4733159.1472999975],[-8829478.8666999992,4733174.749499999],[-8829401.2409000006,4733342.6599999964],[-8829360.0633000005,4733448.2346000001],[-8829322.5190999992,4733569.6332999989],[-8829300.9463999998,4733675.5747999996],[-8829269.8598999996,4733871.9311000034],[-8829265.7956000008,4733879.7327999994],[-8829259.9814999998,4733982.0309000015],[-8829250.7548999991,4734056.697800003],[-8829246.2539000008,4734088.1242000014],[-8829236.4438000005,4734194.2901000008],[-8829231.7244000006,4734237.5292999968],[-8829222.6416999996,4734304.3202999979],[-8829204.9902999997,4734410.3438000008],[-8829204.9176000003,4734414.2811999992],[-8829179.2053999994,4734531.9711000025],[-8829178.8414999992,4734551.6590000018],[-8829170.5588000007,4734575.1396000013],[-8829128.6479000002,4734720.1023000032],[-8829079.0391000006,4734857.0451999977],[-8829021.6568999998,4734989.9054000005],[-8828960.4228000008,4735118.7572999969],[-8828887.5671999995,4735239.5124000013],[-8828807.0103999991,4735352.2475000024],[-8828795.0256999992,4735363.8414999992],[-8828770.9843000006,4735390.9685000032],[-8828738.9503000006,4735425.8237000033],[-8828718.9766000006,4735445.1482999995],[-8828675.0315000005,4735487.6591999978],[-8828667.0388999991,4735495.3871999979],[-8828615.2504999992,4735537.7528999969],[-8828611.2541000005,4735541.6190000027],[-8828599.2688999996,4735553.2115999982],[-8828599.1959000006,4735557.1494000033],[-8828583.3616000004,4735564.7320000008],[-8828571.3762999997,4735576.327200003],[-8828555.4689000007,4735587.8478000015],[-8828543.5566000007,4735595.503700003],[-8828535.5637999997,4735603.233099997],[-8828491.8364000004,4735633.929899998],[-8828448.1114000008,4735664.6279999986],[-8828400.5318999998,4735691.3134000003],[-8828353.0266999993,4735714.0591999963],[-8828309.3702000007,4735740.820100002],[-8828261.7938999999,4735767.5050000027],[-8828214.2148000002,4735794.1895999983],[-8828210.2914000005,4735794.1160999984],[-8828166.6355000008,4735820.8738999963],[-8828119.0583999995,4735847.5583000034],[-8828079.4706999995,4735866.5133000016],[-8828011.9855000004,4735908.5830999985],[-8827944.5022,4735950.6528000012],[-8827912.7568999995,4735969.7546000034],[-8827876.9439000003,4735996.6587999985],[-8827805.4638999999,4736042.5909999982],[-8827737.9056000002,4736088.5979999974],[-8827674.193,4736138.6150999963],[-8827606.4866000004,4736192.4966000021],[-8827538.8529000003,4736242.4408999979],[-8827471.1413000003,4736296.321800001],[-8827447.1677000001,4736319.509800002],[-8827407.3563000001,4736350.2791000009],[-8827339.6470999997,4736404.1599000022],[-8827315.6690999996,4736427.3462999985],[-8827295.7643999998,4736442.7304000035],[-8827271.8610999994,4736461.9786000028],[-8827243.9616999999,4736485.0925000012],[-8827224.0580000002,4736500.4764999971],[-8827216.0635000002,4736508.2053000033],[-8827188.1651000008,4736531.317900002],[-8827160.2666999996,4736554.430399999],[-8827132.4417000003,4736573.6046999991],[-8827108.4653999992,4736596.7925999984],[-8827080.6402000003,4736615.9667999968],[-8827068.7256000005,4736623.6215000004],[-8827052.8148999996,4736635.1409000009],[-8827028.9120000005,4736654.3889999986],[-8827001.0839000009,4736673.563000001],[-8826973.2583000008,4736692.7380999997],[-8826949.3551000003,4736711.9861000031],[-8826947.5230999999,4736713.248499997],[-8826798.1187999994,4736845.6574999988],[-8826609.4184000008,4737037.8989000022],[-8826477.1941,4737214.6143999994],[-8826364.6666000001,4737398.3417000026],[-8826233.9304000009,4737671.3382999972],[-8826231.8369999994,4737675.4902999997],[-8826228.6570999995,4737687.3060000017],[-8826220.2947000004,4737714.7286999971],[-8826211.9298,4737742.1513999999],[-8826203.6413000003,4737765.6366999969],[-8826203.5672999993,4737769.5754000023],[-8826195.2021999992,4737796.9984000027],[-8826195.1282000002,4737800.936999999],[-8826191.0585999992,4737808.7402999997],[-8826161.5259000007,4737918.5081999972],[-8826127.6980000008,4738047.8985999972],[-8826123.3295000009,4738071.4562000036],[-8826077.4364999998,4738216.3809999973],[-8826027.9167999998,4738345.4759000018],[-8826023.9182999991,4738349.3417000026],[-8825962.6251999997,4738478.2133999988],[-8825897.5581,4738599.1362999976],[-8825861.1347000003,4738657.5527999997],[-8825832.8564999998,4738700.3620000035],[-8825772.3748000003,4738785.9072000012],[-8825760.3825000003,4738797.5012999997],[-8825700.1964999996,4738867.2902000025],[-8825684.2064999994,4738882.7487000003],[-8825672.2139999997,4738894.3426999971],[-8825648.2301000003,4738917.5322000012],[-8825580.3457999993,4738979.2923000008],[-8825523.7354000006,4739024.8640000001],[-8825418.9423999991,4739169.4337000027],[-8825293.4669000003,4739336.3399000019],[-8825116.6565000005,4739595.2173999995],[-8824932.7246000003,4739880.5201999992],[-8824837.1041999999,4740041.3620000035],[-8824615.4147999994,4740398.9870999977],[-8824510.8050999995,4740574.0425999984],[-8824399.4251000006,4740760.5291000009],[-8824318.4625000004,4740902.1908999979],[-8824165.5091999993,4741079.1524000019],[-8824008.6411000006,4741278.7446999997],[-8823862.0673999991,4741485.5219999999],[-8823731.2043999992,4741689.1098999977],[-8823605.7528000008,4741882.3241000026],[-8823417.6327,4742168.6568000019],[-8823268.9947999995,4742391.1243999973],[-8823136.5355999991,4742585.9575999975],[-8823038.0491000004,4742732.5370000005],[-8822850.2311000004,4743001.4201000035],[-8822721.4346999992,4743185.8488000035],[-8822540.9918000009,4743432.1704000011],[-8822455.1653000005,4743552.7965999991],[-8822286.9846000001,4743794.1181999967],[-8822154.3538000006,4743995.9496999979],[-8822035.9680000003,4744180.5888999999],[-8821915.0512000006,4744341.7817000002],[-8821599.6864,4744787.4408999979],[-8821148.7230999991,4745545.3716999963],[-8820804.0368000008,4746093.1785999984],[-8820505.6743000001,4746535.7871999964],[-8820162.0479000006,4747025.4474999979],[-8819754.3598999996,4747476.2041999996],[-8819593.9081999995,4747661.3522000015],[-8819038.9968999997,4748140.0302999988],[-8818733.75,4748404.4970000014],[-8818484.2409000006,4748644.3822000027],[-8818229.3859999999,4749033.1058999971],[-8817913.2914000005,4749934.2651000023],[-8817616.5434000008,4750716.0148999989],[-8817322.1089999992,4751377.9917000011],[-8816792.5615999997,4752283.6410000026],[-8816101.0989999995,4753177.5427000001],[-8815588.2279000003,4754092.1841999963],[-8815250.5817000009,4754770.5803000033],[-8814840.7376000006,4755644.5649999976],[-8814281.7233000007,4756721.1926999986],[-8813667.6261,4757985.2719999999],[-8812977.9769000001,4759179.3849999979],[-8812512.5296,4759829.7185999975],[-8811983.1350999996,4760684.440200001],[-8811473.3249999993,4761411.0480000004],[-8810888.3890000004,4762050.4277999997],[-8810484.8554999996,4762582.1186000034],[-8809866.6422000006,4763589.4275999963],[-8809423.4016999993,4764386.0927999988],[-8809177.0296,4764741.061999999],[-8808987.5677000005,4765234.3954000026],[-8808728.5631000008,4765786.3237999976],[-8808337.0603,4766549.8862000033],[-8807716.7846000008,4767634.5883999988],[-8807281.1945999991,4768457.3606000021],[-8806936.9798000008,4768990.4791999981],[-8806399.5083000008,4769776.8761000037],[-8805920.1194000002,4770641.7307000011],[-8805563.2675999999,4771363.3806999996],[-8805101.4371000007,4772606.2060000002],[-8804689.0537999999,4773524.1405000016],[-8804207.1637999993,4774492.1520999968],[-8803817.6826000009,4775127.4971999973],[-8803464.8686999995,4775643.4940000027],[-8803085.8392999992,4776184.6928000003],[-8802394.5612000003,4777337.2342000008],[-8801819.7149999999,4778234.8202000037],[-8801368.6402000003,4778937.6577000022],[-8800674.6790999994,4779798.4067000002],[-8800000.4642999992,4780530.809299998],[-8799552.1176999994,4781096.3881999999],[-8799025.8518000003,4781703.2180000022],[-8798633.1554000005,4782458.9686999992],[-8798296.5410999991,4782992.6807999983],[-8797879.7642999999,4783670.6678000018],[-8797422.6051000003,4784236.1303000003],[-8796792.6751000006,4784875.1111999974],[-8796342.0722000003,4785526.6409000009],[-8796004.6665000003,4786086.190700002],[-8795500.3735000007,4786839.6731999964],[-8794956.8687999994,4787815.7198999971]]},"properties":{"objectid":8722,"elev":3600,"st_length(shape)":151441.26671842276}},{"type":"Feature","id":8726,"geometry":{"type":"LineString","coordinates":[[-8856158.6963,4730925.4743999988],[-8855421.8080000002,4732276.5835999995],[-8854997.5565000009,4733092.2956999987],[-8854359.7678999994,4734082.5667999983],[-8853554.0321999993,4734902.2717999965],[-8852877.6153999995,4735576.3231000006],[-8852154.2938999999,4736249.6054000035],[-8851327.4824000001,4736904.3852000013],[-8851041.4163000006,4737048.0485000014],[-8850975.5755000003,4737061.9367000014],[-8850646.852,4737056.5147999972],[-8850166.6552000009,4737075.3435999975],[-8849801.2202000003,4737140.6695000008],[-8849532.7750000004,4737252.2100000009],[-8849237.0808000006,4737398.9834000021],[-8848912.9521999992,4737652.3557000011],[-8848607.3172999993,4737861.4151000008],[-8848485.8740999997,4737936.6218999997],[-8848305.6234000009,4738030.5865999982],[-8847917.3758000005,4738201.439000003],[-8847690.8695999999,4738302.4403999969],[-8847315.5855,4738417.0569999963],[-8846956.8200000003,4738503.7219000012],[-8846512.0688000005,4738574.6132000014],[-8846074.3697999995,4738580.0346999988],[-8845404.0313000008,4738652.6164000034],[-8844970.8692000005,4738746.0031000003],[-8844569.2643999998,4738950.7668000013],[-8844331.0806000009,4739185.1960000023],[-8843877.6490000002,4740269.2507999986],[-8843697.3381999992,4740639.0807999969],[-8843462.2246000003,4741081.8949000016],[-8843145.6465000007,4741590.5183999985],[-8842918.3720999993,4741655.0225000009],[-8842325.5626999997,4741800.1767000034],[-8842073.8948999997,4741940.693599999],[-8841897.5582999997,4742124.6661999971],[-8841492.0405999999,4742512.7668000013],[-8841273.5771999992,4742703.9074999988],[-8841084.5079999994,4742863.9461999983],[-8840892.9011000004,4743018.6701000035],[-8840555.9593000002,4743231.4430000037],[-8840245.6490000002,4743420.9641000032],[-8840117.7585000005,4743532.0099999979],[-8839925.0209999997,4743749.9399000034],[-8839731.4471000005,4744015.2831000015],[-8839479.5474999994,4744313.8548000008],[-8839113.3421999998,4744694.7290000021],[-8838622.9170999993,4745123.4702000022],[-8838441.6786000002,4745280.9997999966],[-8838047.0275999997,4745484.8046000004],[-8837800.0745000001,4745723.5780000016],[-8837650.4203999992,4745871.1436000019],[-8837485.9295000006,4745982.1806000024],[-8837400.1810999997,4746016.9138000011],[-8837299.5307,4746048.6112999991],[-8837213.0352999996,4746041.7954000011],[-8837104.4744000006,4746095.1975999996],[-8836609.6637999993,4746496.695100002],[-8836288.7573000006,4746655.6609999985],[-8836173.1576000005,4746754.4371000007],[-8835903.0910999998,4747065.5923999995],[-8835763.2710999995,4747207.6366000026],[-8835312.5761999991,4747693.7232000008],[-8834605.1829000004,4748299.5647],[-8834382.0591000002,4748416.5593999997],[-8834058.5593999997,4748528.3625999987],[-8833645.5147999991,4748591.4509000033],[-8833129.0514000002,4748632.4579000026],[-8832529.8535999991,4748803.0562999994],[-8832113.7249999996,4749034.1516999975],[-8831760.4511999991,4749306.744099997],[-8831470.9554999992,4749570.4201999977],[-8831075.1257000007,4749970.0044],[-8830742.8694000002,4750189.1674999967],[-8830418.4229000006,4750362.8839000016],[-8830138.5450999998,4750514.7356999964],[-8829925.9214999992,4750654.3716999963],[-8829235.2340999991,4751027.4037000015],[-8828954.0512000006,4751217.9532999992],[-8828936.8228999991,4751231.7779999971],[-8828805.5962000005,4751318.3680000007],[-8828685.5512000006,4751353.7933999971],[-8828538.5448000003,4751371.5877000019],[-8828381.4356999993,4751382.3405999988],[-8828238.6035999991,4751359.1103999987],[-8828028.4048999995,4751290.0892999992],[-8827805.0811999999,4751193.4187000021],[-8827626.0251000002,4751101.0028999969],[-8827420.4627,4750966.987999998],[-8827164.4661999997,4750794.3471999988],[-8826936.7825000007,4750567.4444999993],[-8826708.1448999997,4750391.8915999979],[-8826600.9968999997,4750319.8299999982],[-8826537.1579,4750264.6543999985],[-8826484.4689000007,4750227.1032999977],[-8826385.0164999999,4750165.2902000025],[-8826319.3696999997,4750119.5275999978],[-8826226.6414999999,4750062.9777999967],[-8826125.8101000004,4749984.0148999989],[-8826067.2422000002,4749924.688500002],[-8825999.0599000007,4749832.6481000036],[-8825915.8917999994,4749721.4895000011],[-8825858.2628000006,4749612.5291000009],[-8825807.4855000004,4749501.9878999963],[-8825747.5151000004,4749336.4856000021],[-8825714.0441999994,4749212.579400003],[-8825695.5274,4749109.503700003],[-8825698.2401999999,4748965.744099997],[-8825711.0505999997,4748829.0266999975],[-8825756.3165000007,4748598.7699000016],[-8825799.0088999998,4748446.5088],[-8825800.1223000009,4748439.6171000004],[-8825827.0813999996,4748279.2674999982],[-8825829.1983000003,4748272.5164000019],[-8825841.9454999994,4748221.4812000021],[-8825863.3626000006,4748127.2274999991],[-8825863.6599000003,4748111.4553000033],[-8825868.0327000003,4748087.8746000007],[-8825872.0351,4748084.0051999986],[-8825872.1095000003,4748080.061300002],[-8825876.4796999991,4748056.4805999994],[-8825880.8537000008,4748032.8989999965],[-8825889.2301000003,4748005.4491000026],[-8825897.5284000002,4747981.9394000024],[-8825897.6026000008,4747977.9993000031],[-8825905.9750999995,4747950.5496999994],[-8825914.2759000007,4747927.0402000025],[-8825922.5738999993,4747903.5345999971],[-8825926.5763000008,4747899.6652000025],[-8825926.6505999994,4747895.7251000032],[-8825930.8003000002,4747883.9676999971],[-8825939.0240000002,4747864.4063000008],[-8825939.1725999992,4747856.5183999985],[-8825947.2514999993,4747844.8408000022],[-8825951.5471000001,4747825.2035000026],[-8825955.6981000006,4747813.4474000037],[-8826006.0135999992,4747644.8101999983],[-8826006.0878999997,4747640.8676000014],[-8826060.4013,4747468.3608999997],[-8826118.4909000006,4747303.8188000023],[-8826180.2094999999,4747155.1243000031],[-8826249.5555000007,4747018.4033999965],[-8826294.1563000008,4746944.3181999996],[-8826326.6065999996,4746889.7212999985],[-8826363.0545000006,4746831.2555000037],[-8826379.2046000008,4746807.8968999982],[-8826391.4283000007,4746784.4680000022],[-8826431.8796999995,4746722.1358999982],[-8826468.4758000001,4746655.7850999981],[-8826508.9964000005,4746589.5112000033],[-8826545.5940000005,4746523.1634000018],[-8826549.5955999997,4746519.2942999974],[-8826586.2629000004,4746449.0033000037],[-8826623.0776000004,4746370.8312000036],[-8826660.1175999995,4746280.8291999996],[-8826677.0058999993,4746218.0535999984],[-8826726.9286000002,4746069.1457000002],[-8826727.0024999995,4746065.2048999965],[-8826767.5153999999,4745789.9328000024],[-8826769.7333000004,4745671.6758000031],[-8826771.8772,4745557.3633999974],[-8826764.0917000007,4745344.2837999985],[-8826748.3059,4745138.9433000013],[-8826748.8972999994,4745107.4091000035],[-8826748.5927000009,4744914.1964000016],[-8826758.4410999995,4744807.9223999977],[-8826777.0273000002,4744654.499499999],[-8826781.6931999996,4744615.1579999998],[-8826808.4223999996,4744446.1218999997],[-8826810.4833000004,4744418.3379999995],[-8826836.4722000007,4744339.3293000013],[-8826870.1019000001,4744181.8461999968],[-8826907.1654000003,4744059.3390000015],[-8826948.6629000008,4743918.435800001],[-8826984.4872999992,4743752.7868999988],[-8827016.6831999999,4743562.4316999987],[-8827059.1374999993,4743370.2202999964],[-8827106.4936999995,4743243.8096000031],[-8827178.9557000007,4743087.0747999996],[-8827276.4447000008,4742904.1221000031],[-8827347.0875000004,4742735.0379000008],[-8827447.5080999993,4742613.7393999994],[-8827493.0297999997,4742527.3430999964],[-8827548.1171000004,4742385.0727000013],[-8827661.8808999993,4742095.4377000034],[-8827801.5453999992,4741737.0645999983],[-8827925.2328999992,4741442.6860999987],[-8828048.7289000005,4741158.2008000016],[-8828121.1481999997,4740971.6578999981],[-8828190.3889000006,4740691.1105000004],[-8828273.6585000008,4740450.3891000003],[-8828347.4463,4740189.7173999995],[-8828358.3018999994,4740135.5329999998],[-8828389.8581000008,4740027.3493999988],[-8828420.0363999996,4739993.3047000021],[-8828471.2815000005,4739885.4909000024],[-8828512.3135000002,4739797.2635999992],[-8828588.7192000002,4739660.2575000003],[-8828604.6787999999,4739596.2829999998],[-8828661.8508000001,4739434.1992999986],[-8828765.8864999991,4739134.5650999993],[-8828804.8304999992,4738893.0471000001],[-8828813.5994000006,4738685.5763000026],[-8828777.5217000004,4738506.9328999966],[-8828680.1842999998,4738445.7910000011],[-8828602.3517000005,4738394.9003999978],[-8828620.4176000003,4738217.2740999982],[-8828754.5203000009,4737888.5784000009],[-8828889.1631000005,4737530.2427999973],[-8829194.7728000004,4736977.3923000023],[-8829331.6607000008,4736762.4619000033],[-8829563.4080999997,4736475.1604000032],[-8829764.0697000008,4736271.3056000024],[-8829768.4202999994,4736266.0090999976],[-8829854.1917000003,4736188.9583000019],[-8829872.3705000002,4736154.0812000036],[-8829920.5275999997,4736061.6877999976],[-8830018.6592999995,4735811.4514999986],[-8830019.5077,4735809.1665000021],[-8830117.0585999992,4735546.3989000022],[-8830201.2367000002,4735251.4365999997],[-8830228.9264000002,4735083.9240000024],[-8830103.8300000001,4735195.2688999996],[-8829913.0379000008,4735399.2927000001],[-8829677.3159999996,4735637.0766000003],[-8829560.6805000007,4735822.7114000022],[-8829550.9397999998,4735843.867399998],[-8829413.9693,4736037.4425999969],[-8829413.3465,4736045.8728],[-8829403.4890000001,4736071.8439999968],[-8829321.9280999992,4736223.5398999974],[-8829209.3778000008,4736453.740199998],[-8829179.5585999992,4736496.0587000027],[-8829178.0249000005,4736505.5733999982],[-8829161.5327000003,4736548.6040999964],[-8829153.3248999994,4736568.1497000009],[-8829145.0442999993,4736591.6335999966],[-8829132.7643999998,4736618.9827999994],[-8829128.6259000003,4736630.7248999998],[-8829124.6293000001,4736634.5914999992],[-8829120.5598000009,4736642.3950000033],[-8829116.4213999994,4736654.1371999979],[-8829108.3564999998,4736665.8061000034],[-8829100.2942999993,4736677.4764000028],[-8829096.2248,4736685.2787000015],[-8829088.2353000008,4736693.0091999993],[-8829072.1067999993,4736716.3470999971],[-8829060.0451999996,4736731.8823999986],[-8829047.9875000007,4736747.4152999967],[-8829032.0044999998,4736762.8778000027],[-8829027.9387999997,4736770.681400001],[-8829011.9558000006,4736786.1424999982],[-8828995.9012000002,4736805.5420000032],[-8828995.8282999992,4736809.4804000035],[-8828959.8665999994,4736844.2678000033],[-8828923.9085000008,4736879.0551000014],[-8828919.8399999999,4736886.8599999994],[-8828884.0263,4736913.7704999968],[-8828860.1976999994,4736929.0850000009],[-8828840.3671000004,4736940.5341999978],[-8828812.6900999993,4736951.8382000029],[-8828785.0846999995,4736959.202200003],[-8828769.2482999992,4736966.7859999985],[-8828729.9493000004,4736969.9915999994],[-8828722.0297999997,4736973.7820999995],[-8828690.6502999999,4736973.195600003],[-8828655.2726000007,4736976.4755999967],[-8828647.4287,4736976.3289000019],[-8828615.9736000001,4736979.6806999967],[-8828580.5944999997,4736982.9588000029],[-8828580.2006999999,4736983.3400999978],[-8828574.4360000007,4736980.6374000013],[-8828336.3863999993,4737075.0388000011],[-8828270.8505000006,4737157.8400999978],[-8828221.0873000007,4737186.565200001],[-8828067.0589000005,4737262.7643999979],[-8827908.9352000002,4737294.3981999978],[-8827765.6660999991,4737321.365699999],[-8827655.7401000001,4737408.2739999965],[-8827625.2988000009,4737448.1688999981],[-8827585.0906000007,4737500.8633999974],[-8827503.9517999999,4737627.8576000035],[-8827412.5066,4737779.3746000007],[-8827381.4091999996,4737862.824000001],[-8827360.5736999996,4737879.6027000025],[-8827338.6405999996,4737928.9201999977],[-8827265.8184999991,4738045.758100003],[-8827189.2925000004,4738150.7058999985],[-8827161.1686000004,4738185.6389999986],[-8827116.9825999998,4738239.9721999988],[-8827044.8188000005,4738321.3597000018],[-8827040.8220000006,4738325.2260000035],[-8826980.5026999991,4738402.8976999968],[-8826916.1078999992,4738488.3724000007],[-8826855.6364999991,4738573.9226000011],[-8826823.2207999993,4738628.4777000025],[-8826799.0147999991,4738663.4865000024],[-8826746.3154000007,4738753.1248999983],[-8826695.0229000002,4738834.2559999973],[-8826556.4624000005,4739014.7977000028],[-8826264.4231000002,4739326.7185999975],[-8826057.0916000009,4739481.5169999972],[-8825839.1125000007,4739622.4275000021],[-8825616.7006000001,4739853.5649999976],[-8825450.6337000001,4739987.2481999993],[-8825329.0877999999,4740119.7223000005],[-8825297.7563000005,4740159.6947000027],[-8825118.1276999991,4740391.9804000035],[-8824965.7497000005,4740581.6290000007],[-8824710.9353,4740941.9632000029],[-8824470.3951999992,4741246.1340999976],[-8824406.0786000006,4741324.5874999985],[-8824284.7530000005,4741486.6358999982],[-8824143.5974000003,4741683.045599997],[-8823948.9057,4741950.0437999964],[-8823818.4704,4742130.9430999979],[-8823703.9809000008,4742296.4294999987],[-8823580.6261,4742470.4807000011],[-8823451.8498999998,4742654.9096999988],[-8823294.6427999996,4742870.2361999974],[-8823180.2697999999,4743028.7431999967],[-8822974.7237,4743314.7638999969],[-8822842.2799999993,4743507.8642000034],[-8822633.1689999998,4743797.3162999973],[-8822509.6765999999,4743976.6180000007],[-8822369.9227000009,4744187.0534000024],[-8822244.4467999991,4744378.5496999994],[-8822032.9232000001,4744701.1625000015]]},"properties":{"objectid":8726,"elev":3440,"st_length(shape)":67933.993860134389}},{"type":"Feature","id":8727,"geometry":{"type":"LineString","coordinates":[[-8855707.5647999998,4730834.9570999965],[-8855196.4388999995,4731770.8611999974],[-8854451.3600999992,4733037.4720999971],[-8853856.8022000007,4733867.2362999991],[-8853167.1546,4734511.8542999998],[-8851894.4341000002,4735658.5168000013],[-8850941.6886,4736397.1701000035],[-8849955.4393000007,4736781.0014000013],[-8849179.1041999999,4737109.2093999982],[-8848381.6005000006,4737528.8549000025],[-8847690.5131999999,4737832.1560000032],[-8846790.3560000006,4738131.8879999965],[-8846200.9180999994,4738213.7590999976],[-8845330.1420000009,4738317.048299998],[-8844812.0938000008,4738426.2983999997],[-8844522.6677000001,4738539.4403000027],[-8844003.8699999992,4739075.1015999988],[-8843572.8162999991,4740209.384800002],[-8843093.6613999996,4741093.5697000027],[-8842996.9003999997,4741400.3355000019],[-8842453.7283999994,4741517.9011000022],[-8842113.1202000007,4741643.701700002],[-8841893.2456999999,4741766.3242999986],[-8841617.1769999992,4742103.9795999974],[-8841052.0767000001,4742615.7346000001],[-8840809.4920000006,4742835.425499998],[-8840655.2920999993,4742951.2804000005],[-8840422.1187999994,4743081.5569000021],[-8840077.4793999996,4743283.6411999986],[-8839754.1355000008,4743617.8289000019],[-8839332.2234000005,4744184.7796000019],[-8838918.8863999993,4744559.5398999974],[-8838377.5438000001,4745047.9693000019],[-8837943.8243000004,4745235.2608999982],[-8837454.7106999997,4745437.3601000011],[-8837265.5776000004,4745594.7322999984],[-8836986.4861999992,4745940.2366999984],[-8836051.4483000003,4746397.9272999987],[-8835457.3034000006,4747076.6517999992],[-8834958.3819999993,4747546.9790999964],[-8834405.6903000008,4748095.1287999973],[-8834161.7635999992,4748202.3347000033],[-8833722.1558999997,4748279.7038000003],[-8833080.2098999992,4748333.6552999988],[-8832383.6802999992,4748511.3383999988],[-8831843.2131999992,4748737.8211999983],[-8830679.7829999998,4749760.5768999979],[-8830271.4507999998,4749910.6331999972],[-8829024.2440000009,4750143.5489000008],[-8827954.5305000003,4750327.1070000008],[-8827720.3732999992,4750313.0288000032],[-8827655.6532000005,4750300.1952000037],[-8827584.2456,4750288.576700002],[-8827484.4672999997,4750262.0402000025],[-8827411.3987000007,4750229.8422000036],[-8827318.0659999996,4750186.9883000031],[-8827237.0848999992,4750140.2572999969],[-8827146.4151000008,4750064.5778999999],[-8827100.3655999992,4750010.2873999998],[-8827054.0088,4749972.428199999],[-8826938.9484999999,4749888.0688999966],[-8826835.7783000004,4749824.4798000008],[-8826769.3528000005,4749765.694600001],[-8826673.0159000009,4749665.2515999973],[-8826615.3147,4749577.8674999997],[-8826549.6252999995,4749480.0600000024],[-8826512.6655000001,4749405.7351000011],[-8826481.2672000006,4749357.7409999967],[-8826405.8477999996,4749179.688500002],[-8826345.1395999994,4748917.5626000017],[-8826301.5664000008,4748721.6686000004],[-8826302.1392999999,4748576.3439000025],[-8826373.7169000003,4748294.8535000011],[-8826438.5242999997,4748111.2669999972],[-8826633.5850000009,4747622.6494000033],[-8826643.4014999997,4747589.8429000005],[-8826770.6041999999,4747300.3969999999],[-8826901.6519000009,4747014.9716000035],[-8827040.5420999993,4746729.7043000013],[-8827155.9407000002,4746440.054899998],[-8827232.1464000009,4746145.7282999977],[-8827273.1622000001,4745842.8581999987],[-8827276.6782000009,4745654.8910999969],[-8827281.2837000005,4745633.8342999965],[-8827273.3038999997,4745530.9192999974],[-8827296.1959000006,4745262.2572000027],[-8827393.1250999998,4744855.9720000029],[-8827452.4847999997,4744547.6534999982],[-8827503.9997000005,4744180.8993000016],[-8827529.7555999998,4743997.5269000009],[-8827531.8485000003,4743885.4597999975],[-8827532.1832999997,4743867.5291000009],[-8827533.8707999997,4743857.7412],[-8827531.9718999993,4743796.6749000028],[-8827564.7157000005,4743649.447800003],[-8827605.3804000001,4743516.0609000027],[-8827648.5826999992,4743424.8563999981],[-8827716.4200999998,4743328.4188999981],[-8827714.1021999996,4743309.6187999994],[-8827724.7544999998,4743300.7422999963],[-8827834.8260999992,4742988.7817000002],[-8827939.4484999999,4742639.7841999978],[-8828120.1426999997,4742156.7735999972],[-8828289.6318999995,4741757.0658000037],[-8828442.7235000003,4741412.7575000003],[-8828639.9768000003,4740946.5525000021],[-8828758.1974999998,4740598.1076000035],[-8829040.8386000004,4739856.5301999971],[-8829199.2455000002,4739410.6960999966],[-8829502.8916999996,4738662.5711999983],[-8830024.9440000001,4737617.0722000003],[-8830216.2368000001,4737277.0895999968],[-8830452.1624999996,4736787.2164999992],[-8830748.8030999992,4736221.3731999993],[-8830923.4714000002,4735642.7861000001],[-8831027.3978000004,4735304.7440000027],[-8831099.5932999998,4734983.6495999992],[-8831229.5351999998,4734176.5194000006],[-8831341.4993999992,4733397.1520999968],[-8831391.8726000004,4732932.0534000024],[-8831630.7270999998,4732081.5370000005],[-8831861.6505999994,4731472.6702999994],[-8832153.5581,4730770.366899997],[-8832623.7444000002,4729661.5322000012],[-8832859.0515999999,4729189.4660999998],[-8833202.4936999995,4728523.2519999966],[-8833662.5486999992,4727964.2541000023],[-8834076.1556000002,4727463.9571999982],[-8834724.3496000003,4726715.7779999971],[-8835389.2537999991,4726002.9267000034],[-8835549.4425000008,4725820.2292999998],[-8835766.0265999995,4725603.5314999968],[-8835926.7628000006,4725389.3330999985],[-8836098.0122999996,4725171.8236000016],[-8836216.2202000003,4724995.3800999969],[-8836190.4476999994,4724875.878899999],[-8835989.4517999999,4724805.754900001],[-8835678.7152999993,4724828.1862000003],[-8835350.6604999993,4725039.3590999991],[-8834619.9863000009,4725533.8663000017],[-8834182.6854999997,4725806.0662999973],[-8833979.6312000006,4726043.9886000007],[-8833461.4375,4726738.4077999964],[-8833089.8026999999,4727425.0134999976],[-8832724.6464000009,4728136.2849000022],[-8832310.3530999999,4729053.3412000015],[-8832201.2824000008,4729296.5251000002],[-8831971.2140999995,4729670.5988000035],[-8831690.5157999992,4730141.8316999972],[-8831501.2989000008,4730456.9526000023],[-8831089.3761999998,4731315.5666999966],[-8830859.5325000007,4731814.9641000032],[-8830604.2229999993,4732334.0566999987],[-8830364.9488999993,4732798.0587000027],[-8830019.3036000002,4733043.5055000037],[-8829952.2141999993,4733168.4579000026],[-8829937.5017000008,4733191.1481000036],[-8829929.3707999997,4733206.7509000003],[-8829913.1774000004,4733234.0194000006],[-8829819.9458000008,4733397.7072999999],[-8829811.8118999992,4733413.3101999983],[-8829754.5916000009,4733538.2832999974],[-8829742.2473000009,4733569.5626000017],[-8829700.8584000003,4733686.9514999986],[-8829696.5728999991,4733706.5649999976],[-8829662.8779000007,4733831.9794000015],[-8829658.7412999999,4733843.7172999978],[-8829641.1666999999,4733945.7981999964],[-8829624.2466000002,4734012.4431999996],[-8829619.4525000006,4734059.6191999987],[-8829601.6604999993,4734173.5156999975],[-8829597.5198999997,4734185.2540000007],[-8829583.9395000003,4734283.4734999985],[-8829566.9456999991,4734354.0583000034],[-8829562.1537999995,4734401.2356999964],[-8829553.4375,4734448.3417999968],[-8829532.5954999998,4734514.9158999994],[-8829494.6104000006,4734659.9535000026],[-8829469.8444999997,4734726.4571999982],[-8829444.9342,4734800.8351000026],[-8829391.4761999995,4734933.7700000033],[-8829330.1743999999,4735066.5613999963],[-8829265.0957999993,4735191.4039999992],[-8829200.0142999999,4735316.2475999966],[-8829131.0105000008,4735441.0194000006],[-8829054.3038999997,4735557.7709000036],[-8829046.1697000004,4735573.3752999976],[-8829030.1171000004,4735592.7739999965],[-8829006.0015999991,4735623.8388999999],[-8828977.9638999999,4735654.8320000023],[-8828953.9185000006,4735681.9591000006],[-8828914.0412000008,4735716.6692999974],[-8828902.0573999994,4735728.2638000026],[-8828850.3403999992,4735766.692400001],[-8828834.4330000002,4735778.2149000019],[-8828798.6933999993,4735801.1824999973],[-8828778.8650000002,4735812.6317000017],[-8828770.8735000007,4735820.3599999994],[-8828755.0375999995,4735827.9444999993],[-8828751.0450999998,4735831.8091999963],[-8828747.1216000002,4735831.7358999997],[-8828699.5434000008,4735858.4230000004],[-8828651.9674999993,4735885.1114000008],[-8828600.6115000006,4735903.8487000018],[-8828549.1860000007,4735926.5236999989],[-8828493.9086000007,4735945.1871000007],[-8828442.4826999996,4735967.8630999997],[-8828434.5625999998,4735971.6532000005],[-8828394.9749999996,4735990.6098000035],[-8828347.3950999994,4736017.295599997],[-8828299.8176000006,4736043.9824000001],[-8828256.1594999991,4736070.7427999973],[-8828212.4293000009,4736101.4397],[-8828168.6975999996,4736132.1366000026],[-8828136.8787999991,4736155.177699998],[-8828073.0983000007,4736209.1358999982],[-8828045.2759000007,4736228.3134000003],[-8828005.3907999992,4736263.0231000036],[-8827937.6119999997,4736320.8457999974],[-8827873.8279999997,4736374.8034999967],[-8827806.0450999998,4736432.6272],[-8827742.1864,4736490.5230000019],[-8827730.2737000007,4736498.1785999984],[-8827674.4045000002,4736548.3464000002],[-8827610.5429999996,4736606.2432999983],[-8827542.8331000004,4736660.126500003],[-8827478.9689000007,4736718.0218999982],[-8827435.0852000006,4736756.5954999998],[-8827411.1840000004,4736775.8448000029],[-8827347.3209000006,4736833.7412],[-8827279.6054999996,4736887.623800002],[-8827221.0183000006,4736937.1810000017],[-8827192.9937999994,4736967.5631000027],[-8827124.6659999993,4737027.3316999972],[-8827082.3531999998,4737065.0961999968],[-8827001.4068,4737114.9861999974],[-8826917.1999999993,4737168.0275999978],[-8826868.1471999995,4737210.4560000002],[-8826797.3026000001,4737288.2876000032],[-8826716.9301999994,4737389.2100000009],[-8826644.1788999997,4737502.0986000001],[-8826579.1239,4737623.0134000033],[-8826533.9770999998,4737728.5451000035],[-8826525.6154999994,4737755.9680999964],[-8826479.7284999993,4737900.8905000016],[-8826454.4184000008,4737994.9789000005],[-8826437.6905000005,4738049.8263999969],[-8826399.4989999998,4738202.7774000019],[-8826387.0644000005,4738238.0067000017],[-8826353.6079999991,4738347.7054999992],[-8826303.9430999998,4738484.6815000027],[-8826295.7995999996,4738500.2905000001],[-8826254.9400999993,4738586.2084999979],[-8826206.1609000005,4738675.9175999984],[-8826149.5291000009,4738765.4773000032],[-8826085.1289000008,4738850.9506999999],[-8826069.1394999996,4738866.4100999981],[-8826013.0266999993,4738928.3958000019],[-8825937,4739005.7679999992],[-8825929.0064000003,4739013.4976999983],[-8825897.0994000006,4739040.4781000018],[-8825897.0252,4739044.4174999967],[-8825837.2094999999,4739094.5111000016],[-8825825.2910999991,4739102.1662999988],[-8825797.3823000006,4739125.2819000036],[-8825721.7237,4739182.9558999985],[-8825705.9745000005,4739194.6508999988],[-8825599.0836999994,4739259.1652999967],[-8825304.1017000005,4739648.5815000013],[-8825045.7047000006,4740025.4223000035],[-8824776.6809999999,4740438.5856999978],[-8824671.9794999994,4740605.0656000003],[-8824541.1444000006,4740808.6472000033],[-8824474.7230999991,4740917.4056999981],[-8824397.9666000009,4741020.7274999991],[-8824150.2659000009,4741332.1086999997],[-8823989.5504999999,4741550.8443000019],[-8823799.6422000006,4741840.6341999993],[-8823497.2688999996,4742280.2308999971],[-8823287.7692000009,4742592.3628999963],[-8822967.6250999998,4743049.1020999998],[-8822738.7943999991,4743369.6076999977],[-8822474.1592999995,4743741.8347999975],[-8822302.3296000008,4743991.8256999999],[-8822135.7095999997,4744241.9205000028],[-8822033.4111000001,4744404.1635000035]]},"properties":{"objectid":8727,"elev":3540,"st_length(shape)":89393.621416180045}},{"type":"Feature","id":8802,"geometry":{"type":"LineString","coordinates":[[-8847233.1160000004,4757581.5451000035],[-8847512.6197999995,4757188.489699997],[-8848066.1861000005,4756372.8470000029],[-8848413.0996000003,4755804.1823000014],[-8848987.5361000001,4754959.4905999973],[-8849533.5331999995,4754232.1833999977],[-8849827.5483999997,4753659.7611000016],[-8849959.2588999998,4753499.954400003],[-8850291.2058000006,4752937.0249999985],[-8850490.4137999993,4752595.7436000034],[-8850521.5942000002,4752304.6984999999],[-8850698.8212000001,4751871.7774000019],[-8850812.7565000001,4751720.5278000012],[-8851183.4232000001,4751473.3932000026],[-8851695.0438999999,4750854.5971999988],[-8852025.0328000002,4750400.6678000018],[-8852346.5157999992,4749746.3945999965],[-8852518.8344000001,4749066.1616000012],[-8852686.2644999996,4748686.1731000021],[-8852931.5603999998,4748204.4311000034],[-8853179.6520000007,4747911.1501000002],[-8853691.7804000005,4747059.9333000034],[-8854197.4882999994,4746238.0896999985],[-8854444.5841000006,4745635.7858000025],[-8854560.6907000002,4745157.9448999986],[-8854577.4417000003,4744660.8650000021],[-8854742.7561000008,4744587.0182000026],[-8855154.2070000004,4744149.2879000008],[-8855341.3540000003,4743808.0072000027],[-8855447.7896999996,4743565.4842000008],[-8855577.1330999993,4742987.8998000026],[-8856065.7885999996,4742110.1133000031],[-8856293.1405999996,4741445.9098000005],[-8856593.8270999994,4740588.7607999966],[-8856824.1302000005,4739918.8078000024],[-8856978.4953000005,4739385.6591999978],[-8857072.9565999992,4739047.8035999984],[-8857268.6402000003,4738413.248300001],[-8857432.7230999991,4737897.545599997],[-8857780.3336999994,4736806.8640000001],[-8857840.7486000005,4736505.8299999982],[-8858002.2448999994,4735677.0248000026],[-8858189.5780999996,4734856.1463000029],[-8858349.0851000007,4734388.9914999977],[-8858461.6585000008,4734073.935999997],[-8858656.1657999996,4733503.002700001],[-8859399.8117999993,4731986.6530999988],[-8859622.2347999997,4731524.3176999986],[-8859924.7392999995,4730921.6502000019],[-8860091.2913000006,4730469.6599999964],[-8860177.6228,4730165.4746999964],[-8860264.0066,4729857.5724999979],[-8860318.0304000005,4729482.1146000028],[-8860349.8499999996,4729102.5996999964],[-8860314.3611999992,4728997.7349999994],[-8860223.0590000004,4728903.1801000014],[-8860024.3574999999,4728795.7787000015],[-8859820.9723000005,4728751.6328999996],[-8859669.1172000002,4728734.3643999994],[-8859279.5732000005,4728732.007600002],[-8858926.6026000008,4728763.7371999994],[-8858413.8934000004,4728807.8464000002],[-8857933.1089999992,4728945.5687000006],[-8857760.8999000005,4729043.4393000007],[-8857536.1702999994,4729177.7333000004],[-8857366.4940000009,4729350.1511000022],[-8857093.7227999996,4729707.2194000036],[-8856879.4101999998,4730121.1085999981],[-8856604.1329999994,4730634.6435000002],[-8856179.9449000005,4731410.3894999996],[-8855477.1806000005,4732662.4618000016],[-8855182.5540999994,4733216.7709999979],[-8855022.7743999995,4733460.1894999966],[-8854668.8383000009,4734006.1186999977],[-8854505.9179999996,4734212.2233999968],[-8853853.2113000005,4734865.1696999967],[-8853505.9925999995,4735217.3979000002],[-8853178.0298999995,4735525.2050999999],[-8852684.0116000008,4735998.0628999993],[-8851904.6773000006,4736660.1138999984],[-8851543.8768000007,4736926.3605000004],[-8851370.9244999997,4737057.7397999987],[-8851297.6192000005,4737101.4532999992],[-8851062.6710000001,4737170.4464000016],[-8850706.9984000009,4737182.4284999967],[-8850342.5869999994,4737185.3304999992],[-8849951.0822999999,4737214.5390999988],[-8849700.9935999997,4737290.696800001],[-8849432.2489,4737420.0776000023],[-8849054.9626000002,4737663.6473999992],[-8848515.5070999991,4738038.3527000025],[-8848475.9890000001,4738073.3125],[-8848368.0997000001,4738136.4367000014],[-8848064.4699000008,4738288.5577000007],[-8847769.1941,4738420.6564999968],[-8847470.5026999991,4738516.4112000018],[-8847115.5465999991,4738615.2400000021],[-8846845.6827000007,4738667.121100001],[-8846580.3034000006,4738690.8527999967],[-8846340.7434,4738735.3241999969],[-8845969.4104999993,4738742.3376000002],[-8845452.5066999998,4738782.0245999992],[-8845079.5175000001,4738876.3483000025],[-8844742.1963999998,4739057.0380000025],[-8844527.0125999991,4739262.186499998],[-8844380.9112,4739554.2915000021],[-8844206.4606999997,4739983.9038000032],[-8844017.7767999992,4740375.9909999967],[-8843880.8511999995,4740563.8474999964],[-8843609.2335999999,4741025.3889999986],[-8843402.8940999992,4741361.2511000037],[-8843170.7349999994,4741685.4839999974],[-8843045.8529000003,4741717.813699998],[-8842811.3801000006,4741774.3479000032],[-8842629.5434000008,4741821.251699999],[-8842418.5814999994,4741883.4530000016],[-8842191.2902000006,4741979.6132000014],[-8842079.6305999998,4742064.6067999974],[-8841892.7544,4742251.0328999981],[-8841567.4712000005,4742550.9641000032],[-8841301.0632000007,4742783.4228999987],[-8841096.2540000007,4742943.1882999986],[-8840925.8139999993,4743087.7453999966],[-8840607.3704000004,4743292.9409999996],[-8840461.4890999999,4743382.5970000029],[-8840286.3826000001,4743492.816399999],[-8840142.2467999998,4743632.5601999983],[-8839968.2390999999,4743829.7436999977],[-8839771.7192000002,4744113.4821999967],[-8839530.0357000008,4744428.0474999994],[-8839308.2248999998,4744656.0116999969],[-8838820.2018999998,4745097.9789000005],[-8838654.8945000004,4745245.2536000013],[-8838526.6854999997,4745372.1040999964],[-8838352.0138000008,4745507.1850000024],[-8838028.2847000007,4745803.3378000036],[-8837883.5732000005,4745972.058799997],[-8837818.1871000007,4746036.6770000011],[-8837759.1478000004,4746068.1092000008],[-8837668.3959999997,4746110.3081],[-8837556.1455000006,4746134.3224999979],[-8837482.2850000001,4746146.6974999979],[-8837426.3168000001,4746149.8065000027],[-8837348.5601000004,4746151.1569999978],[-8837263.5987999998,4746174.2862000018],[-8837193.2210000008,4746220.9527999982],[-8837070.0892999992,4746320.0778999999],[-8837003.4109000005,4746388.7186999992],[-8836950.8997000009,4746427.488499999],[-8836897.0002999995,4746467.6027000025],[-8836820.2425999995,4746521.6283000037],[-8836666.2677999996,4746613.2069000006],[-8836491.8160999995,4746695.5617000014],[-8836487.4483000003,4746698.5772999972],[-8836400.0799000002,4746752.2233000025],[-8836228.568,4746899.0051999986],[-8836076.4030000009,4747061.9092999995],[-8835932.0865000002,4747224.9548999965],[-8835772.1978999991,4747379.8341000006],[-8835620.0183000006,4747542.738499999],[-8835467.9017999992,4747701.701700002],[-8835307.9986000005,4747856.5803000033],[-8835144.2368000001,4748007.4444999993],[-8834972.6842999998,4748154.2206000015],[-8834797.1997999996,4748300.9285999984],[-8834785.2767999992,4748308.5998999998],[-8834769.4266999997,4748316.200000003],[-8834757.3618999999,4748331.7597000003],[-8834721.4521999992,4748362.6634000018],[-8834685.6093000006,4748389.6251000017],[-8834614.0687000006,4748435.6612000018],[-8834542.6706000008,4748473.8096000031],[-8834506.3960999995,4748491.2049999982],[-8834305.2336999997,4748635.7964999974],[-8833993.3625000007,4748770.440700002],[-8833632.3132000007,4748864.0896999985],[-8833170.9228000008,4748985.9611999989],[-8832668.6947000008,4749157.1784999967],[-8832500.7096999995,4749280.570600003],[-8832364.2113000005,4749432.2370000035],[-8832143.2112000007,4749713.3746000007],[-8831979.5187999997,4749911.0261999965],[-8831713.0492000002,4750308.4927999973],[-8831505.3246999998,4750570.066399999],[-8831300.0470000003,4750790.5910999998],[-8831023.0919000003,4751013.2155999988],[-8830807.9671999998,4751118.8263999969],[-8830486.4710000008,4751258.4215999991],[-8829877.6470999997,4751533.0851000026],[-8829738.5952000003,4751581.8698000014],[-8829466.2043999992,4751647.0034999996],[-8829175.2138999999,4751703.2202000022],[-8828897.0449999999,4751711.7186999992],[-8828635.2074999996,4751667.4285999984],[-8828421.0799000002,4751625.7392999977],[-8828273.3842999991,4751588.7181999981],[-8828057.8104999997,4751533.2946999967],[-8827940.4842000008,4751497.8583000004],[-8827743.2136000004,4751392.0935000032],[-8827511.4299999997,4751291.8312999979],[-8827329.0932999998,4751192.4978],[-8827213.0261000004,4751106.3998999968],[-8827060.4804999996,4750964.8166999966],[-8826916.1421000008,4750840.5116000026],[-8826715.1292000003,4750646.6410000026],[-8826662.0354999993,4750601.553199999],[-8826568.4470000006,4750535.0310999975],[-8826552.9568000007,4750522.9023000002],[-8826545.1740000006,4750518.8096999973],[-8826518.0500000007,4750498.5716999993],[-8826479.2908999994,4750470.2216000035],[-8826436.6773000006,4750437.8520999998],[-8826409.6279000007,4750413.6664000005],[-8826397.9942000005,4750405.5569999963],[-8826374.7984999996,4750385.3906999975],[-8826370.9436000008,4750381.373999998],[-8826367.2435999997,4750378.4768000022],[-8826308.2681000009,4750347.0449000001],[-8826247.5091999993,4750313.3594999984],[-8826157.8670000006,4750273.9888999984],[-8826075.1088999994,4750231.3238999993],[-8825968.7433000002,4750174.5121000037],[-8825846.7846000008,4750040.3533999994],[-8825770.0155999996,4749951.5715999976],[-8825720.4256999996,4749868.4434999973],[-8825637.2359999996,4749668.2501000017],[-8825582.3166000005,4749506.2646000013],[-8825542.9663999993,4749332.5930999964],[-8825531.6896000002,4749207.3968999982],[-8825555.7723999992,4748925.3684],[-8825574.7644999996,4748732.2736999989],[-8825578.0719000008,4748669.4883999974],[-8825637.8549000006,4748338.1780999973],[-8825656.4113999996,4748269.2305999994],[-8825669.1594999991,4748218.195600003],[-8825677.8303999994,4748174.9730999991],[-8825699.3258999996,4748076.7762999982],[-8825703.4014999997,4748068.9667999968],[-8825711.8488999996,4748037.5729999989],[-8825720.4488999993,4747998.2965999991],[-8825720.5976999998,4747990.4111000001],[-8825728.8962999992,4747966.9029999971],[-8825729.1938000005,4747951.1308000013],[-8825737.5692999996,4747923.6815000027],[-8825737.7180000003,4747915.7973999977],[-8825745.9421999995,4747896.2320000008],[-8825750.3164000008,4747872.6506000012],[-8825758.6892000008,4747845.2013999969],[-8825763.1378000006,4747817.6775999963],[-8825771.5103999991,4747790.2283999994],[-8825779.8857000005,4747762.7792000026],[-8825788.1839000005,4747739.2730000019],[-8825788.4813000001,4747723.5024000034],[-8825792.6324000005,4747711.7466999963],[-8825801.0048999991,4747684.2978999987],[-8825809.3800000008,4747656.8478000015],[-8825809.4541999996,4747652.9077000022],[-8825813.6769999992,4747637.2120999992],[-8825843.0987999998,4747535.2255999967],[-8825868.5907000005,4747433.1653999984],[-8825868.6649999991,4747429.2255000025],[-8825872.6658999994,4747425.3562999964],[-8825893.9322999995,4747338.9935000017],[-8825923.2010999992,4747244.8969999999],[-8825943.9492000006,4747186.132600002],[-8825956.2486000005,4747158.7594999969],[-8825993.1450999994,4747076.6393999979],[-8826009.5205000006,4747041.4549999982],[-8826041.9726999998,4746986.8575000018],[-8826070.5711000003,4746928.2431999967],[-8826127.1731000002,4746842.5587000027],[-8826147.4739999995,4746807.4482000023],[-8826224.3725000005,4746686.6538000032],[-8826244.5998999998,4746655.4870999977],[-8826301.3472000007,4746561.9170000032],[-8826378.3926999997,4746433.237499997],[-8826407.1357000005,4746366.742399998],[-8826427.4320999999,4746331.6328999996],[-8826464.3255000003,4746249.5187999979],[-8826501.4365999997,4746155.5780000016],[-8826518.1034999993,4746104.6305999979],[-8826534.9196000006,4746045.7968999967],[-8826564.9925999995,4745908.3476999998],[-8826582.7688999996,4745798.2678000033],[-8826587.9540999997,4745731.3304999992],[-8826599.1346000005,4745554.0960000008],[-8826587.4268999994,4745340.9421000034],[-8826587.5748999994,4745333.0587000027],[-8826571.5732000005,4745139.5420000032],[-8826567.8642999995,4744918.6635000035],[-8826573.1958000008,4744843.8461999968],[-8826593.9949999992,4744674.4231999964],[-8826652.0471000001,4744449.1278999969],[-8826683.6105000004,4744311.112999998],[-8826735.9703000002,4744154.6696000025],[-8826774.8914000001,4743987.7070999965],[-8826823.4881999996,4743850.0197999999],[-8826854.7860000003,4743635.006099999],[-8826870.6267000008,4743517.2378999963],[-8826904.5603999998,4743343.3466999978],[-8826961.9260000009,4743192.1445000023],[-8827013.6028000005,4743071.6356000006],[-8827071.9323999994,4742959.8083999977],[-8827130.2284999993,4742849.6925000027],[-8827192.8823000006,4742597.6488000005],[-8827277.3341000006,4742455.5213000029],[-8827368.7248999998,4742306.6819999963],[-8827410.5044,4742231.3414999992],[-8827443.0704999994,4742154.2697999999],[-8827499.1453000009,4742019.4742000028],[-8827549.5300999992,4741887.4030999988],[-8827602.7841999996,4741752.5574000031],[-8827650.1903000008,4741628.9236000031],[-8827709.7629000004,4741457.4086000025],[-8827772.3091000002,4741277.4619000033],[-8827840.5935999993,4741091.9658999965],[-8827876.5654000007,4740976.6140000001],[-8827924.1224000007,4740844.501199998],[-8827957.2748000007,4740729.0988000035],[-8827978.4192999993,4740653.0898000002],[-8828015.3883999996,4740483.9946999997],[-8828072.9725000001,4740267.1833999977],[-8828100.6445000004,4740143.1950000003],[-8828171.2059000004,4739986.0565000027],[-8828272.8595000003,4739823.8434000015],[-8828371.6401000004,4739664.4076000005],[-8828490.4525000006,4739488.3709999993],[-8828528.125,4739432.4860000014],[-8828549.7061999999,4739378.8329000026],[-8828566.5321999993,4739337.0019999966],[-8828590.7485000007,4739246.9121000022],[-8828579.6027000006,4739088.2555000037],[-8828493.4310999997,4739024.3960999995],[-8828396.8131000008,4739067.8576000035],[-8828238.6183000002,4739240.3183000013],[-8828109.1678999998,4739382.1939999983],[-8827943.4071999993,4739506.4113000035],[-8827833.1184999999,4739526.9764000028],[-8827775.0664000008,4739466.4658999965],[-8827775.2410000004,4739433.8537999988],[-8827776.2029999997,4739254.2761000022],[-8827804.2444000002,4739110.5018000007],[-8827853.5317000002,4738885.0771000013],[-8827907.2292999998,4738742.9895000011],[-8827998.3048,4738576.3814999983],[-8828080.1811999995,4738409.8373999968],[-8828126.4997000005,4738301.9496000037],[-8828167.3441000003,4738223.6207000017],[-8828163.9846000001,4738139.5200999975],[-8828155.0602000002,4738089.9192999974],[-8828096.7871000003,4738046.5195999965],[-8828074.2412999999,4738046.0966999978],[-8828058.4759999998,4738049.7414999977],[-8828038.8622999992,4738049.373499997],[-8828007.4036999997,4738052.7234999985],[-8827975.8717,4738060.012500003],[-8827971.9486999996,4738059.9389000013],[-8827920.5829000007,4738078.6762999967],[-8827876.9882999994,4738101.5009000003],[-8827841.1688000001,4738128.4107000008],[-8827813.8089000005,4738154.8716999963],[-8827789.2930999994,4738167.0922999978],[-8827574.6190000009,4738326.1899000034],[-8827364.4908000007,4738505.1451999992],[-8827124.1766999997,4738718.1357000023],[-8827093.2323000003,4738754.2749999985],[-8827031.8879000004,4738802.7677000016],[-8826955.8723000009,4738880.1441999972],[-8826891.4741999991,4738965.6251000017],[-8826827.1513999999,4739047.1645999998],[-8826792.2758000009,4739093.4570000023],[-8826705.9098000005,4739184.5552999973],[-8826361.1763000004,4739544.748999998],[-8826079.2448999994,4739752.873800002],[-8825893.5453999992,4739916.2956999987],[-8825647.5329,4740097.7287999988],[-8825377.6468000002,4740388.1818000004],[-8825150.2745999992,4740591.8615999967],[-8825046.7089000009,4740734.9492999986],[-8825031.5198999997,4740766.4085000008],[-8825022.0088999998,4740778.2710999995],[-8824956.2453000005,4740904.2902999967],[-8824954.8087000009,4740980.2170000002],[-8824984.3010000009,4741042.3643999994],[-8825020.5461999997,4741071.7952999994],[-8825057.1020999998,4741084.8093999997],[-8825085.2109999992,4741112.0323000029],[-8825090.9933000002,4741130.6181000024],[-8825090.5276999995,4741155.2436000034],[-8825081.3434999995,4741208.442900002],[-8824969.7194999997,4741380.809799999],[-8824892.1539999992,4741481.9756999984],[-8824823.0734000001,4741566.880400002],[-8824784.3784999996,4741666.7362999991],[-8824752.3923000004,4741803.6748000011],[-8824682.4634000007,4741987.1097000018],[-8824494.2216999996,4742209.3466999978],[-8824338.7758000009,4742319.2921999991],[-8824104.5280000009,4742540.6484000012],[-8823828.7031999994,4742797.1366999969],[-8823626.0401000008,4743013.5742999986],[-8823123.3566999994,4743697.1469999999],[-8822422.0154999997,4744673.6503000036],[-8822109.6810999997,4745138.0195999965],[-8822083.3749000002,4745178.8408999965],[-8821906.9734000005,4745388.2186999992],[-8821782.6197999995,4745570.6937000006],[-8821742.6488000005,4745712.0424000025],[-8821718.6440999992,4745896.4173000008],[-8821693.4522999991,4746142.3879000023],[-8821550.9331999999,4746461.3954999968],[-8821109.6137000006,4747069.0047999993],[-8820677.3105999995,4747560.4045000002],[-8819998.3478999995,4748108.6075000018],[-8819442.6963,4748624.9773999974],[-8818976.6910999995,4749088.3224999979],[-8818697.8151999991,4749397.8458999991],[-8818534.5653000008,4749723.3508000001],[-8818364.0835999995,4750069.2666999996],[-8818126.8474000003,4750687.8356999978],[-8817883.9726,4751244.6783000007],[-8817615.2737000007,4751725.6837000027],[-8817361.9426000006,4752117.9570000023],[-8817221.4945999999,4752320.673299998],[-8816869.5379000008,4752868.559799999],[-8816603.4556000009,4753212.6472000033],[-8816377.4660999998,4753598.6462000012],[-8816157.6013999991,4754019.0341000035],[-8815902.523,4754493.5433999971],[-8815640.0539999995,4754995.3282999992],[-8815511.8115999997,4755266.8440999985],[-8815382.8803000003,4755572.6137999967],[-8815185.0350000001,4755911.2701999992],[-8814901.2035000008,4756453.7937999964],[-8814624.7116999999,4756969.0722000003],[-8814447.4197000004,4757301.3202999979],[-8814294.8035000004,4757764.2981999964],[-8814103.5636999998,4758109.9927000031],[-8813757.3669000007,4758692.4667000026],[-8813582.4864000008,4758977.6454999968],[-8813365.3787999991,4759378.053199999],[-8813099.6188999992,4759861.0905999988],[-8812861.6051000003,4760236.7317000031],[-8812707.9691000003,4760490.6941],[-8812481.8260999992,4760784.3188999966],[-8812183.2711999994,4761112.4645999968],[-8811762.5693999995,4761654.0932999998],[-8811305.5650999993,4762215.559299998],[-8811001.2860000003,4762569.3118000031],[-8810748.6066999994,4762903.5560000017],[-8810371.6311000008,4763554.1284999996],[-8810008.9164000005,4764256.4592000023],[-8809685.5824999996,4764784.7419999987],[-8809364.5903999992,4765446.8409999982],[-8809056.3372000009,4765985.7659000009],[-8808863.5924999993,4766388.1974999979],[-8808661.9657000005,4766723.5719000027],[-8808406.1314000003,4767201.8900000006],[-8808192.5277999993,4767619.3584999964],[-8808011.2376000006,4767960.3290000036],[-8807698.8812000006,4768442.6541000009],[-8807391.5109999999,4768930.2422999963],[-8807062.9759999998,4769448.2787000015],[-8806755.4365999997,4769941.0380000025],[-8806421.8181999996,4770453.8508000001],[-8806070.8597999997,4771058.9609000012],[-8805833.7807,4771609.8730000034],[-8805724.6195,4771926.7160999998],[-8805546.4592000004,4772355.3625999987],[-8805352.3690000009,4772809.4274000004],[-8805167.432,4773315.1846000031],[-8804914.7625999991,4773871.0148999989],[-8804743.2798999995,4774222.6385999992],[-8804626.2916000001,4774420.9611999989],[-8804409.1963,4774745.8858999982],[-8804175.6234000009,4775121.9575999975],[-8803772.4440000001,4775757.0489000008],[-8803497.4829999991,4776147.7096000016],[-8803191.1937000006,4776563.4579000026],[-8803005.5313000008,4776853.0403999984],[-8802786.4727999996,4777265.5185000002],[-8802524.6259000003,4777759.4996000007],[-8802237.4425000008,4778237.5019000024],[-8801947.2979000006,4778612.4354000017],[-8801459.8028999995,4779338.5599000007],[-8801242.7170000002,4779653.2682999969],[-8800952.4938999992,4780028.2224999964],[-8800500.9355999995,4780507.8822999969],[-8800084.5732000005,4781019.2197000012],[-8799794.7106999997,4781373.5885000005],[-8799411.3867000006,4781777.4541999996],[-8799246.2578999996,4782057.2546000034],[-8798990.0175999999,4782515.4246999994],[-8798733.0845999997,4783004.5122999996],[-8798498.0985000003,4783427.1023999974],[-8798247.1418999992,4783875.1228],[-8798045.8069000002,4784164.4760000035],[-8797845.0200999994,4784428.0759999976],[-8797661.0723999999,4784625.0461999997],[-8797410.0780999996,4784836.0072999969],[-8797178.2499000002,4785109.2377000004],[-8796945.3968000002,4785428.8365999982],[-8796694.6576000005,4785861.4461999983],[-8796497.9182999991,4786171.5441000015],[-8796191.1417999994,4786582.3166000023],[-8795852.6434000004,4787033.6357999966],[-8795618.2313000001,4787420.248499997],[-8795318.1309999991,4787991.0157999992]]},"properties":{"objectid":8802,"elev":3400,"st_length(shape)":151504.29639326679}},{"type":"Feature","id":8835,"geometry":{"type":"LineString","coordinates":[[-8819936.2996999994,4748831.0935000032],[-8819952.5388999991,4748820.6044000015],[-8820547.6185999997,4748468.4549999982],[-8821084.4940000009,4748038.1142000034],[-8821358.2072000001,4747769.5478999987],[-8821575.6940000001,4747542.6831],[-8821816.2026000004,4747226.3993000016],[-8822009.4211999997,4746930.5987000018],[-8822165.3546999991,4746578.4531000033],[-8822257.0475999992,4746242.189199999],[-8822377.7328999992,4745949.2841999978],[-8822485.9730999991,4745750.9139999971],[-8822673.5040000007,4745520.7915000021],[-8823043.6400000006,4745066.4619000033],[-8823248.8103,4744837.4465000033],[-8823490.9346999992,4744541.942900002],[-8823660.8293999992,4744289.8528999984],[-8823948.2959000003,4743954.9073999971],[-8824240.3731999993,4743611.0934000015],[-8824480.6916000005,4743281.7265999988],[-8824646.0558000002,4743109.1209999993],[-8824760.4971999992,4743005.2233999968],[-8824872.0473999996,4742873.8941999972],[-8824926.1951000001,4742714.0945999995],[-8825033.5792999994,4742442.3906000033],[-8825184.4045000002,4742216.0034999996],[-8825434.4037999995,4741970.9767000005],[-8825640.7387000006,4741872.2502999976],[-8826010.3938999996,4741786.8853999972],[-8826215.1122999992,4741773.6590000018],[-8826295.9069999997,4741826.5144999996],[-8826347.2003000006,4741998.570600003],[-8826339.2309000008,4742241.3643999994],[-8826294.8143000007,4742428.7237000018],[-8826226.2245000005,4742814.1015999988],[-8826170.2923000008,4743251.0654999986],[-8826159.8105999995,4743445.930399999],[-8826184.2343000006,4743778.3524999991],[-8826170.5376999993,4743962.8994000033],[-8826152.7032999992,4744008.509300001],[-8826140.8000000007,4744031.3254000023],[-8826132.5057999995,4744054.8224000037],[-8826124.3573000003,4744070.4395999983],[-8826120.3565999996,4744074.3049999997],[-8826104.0647,4744105.5381999984],[-8826099.9898000006,4744113.3461000025],[-8826087.8443,4744132.8288000003],[-8826075.6207999997,4744156.2541999966],[-8826075.5465999991,4744160.1939999983],[-8826059.2531000003,4744191.4272999987],[-8826059.1046999991,4744199.311300002],[-8826050.8077000007,4744222.8083999977],[-8826046.6585000008,4744234.5578000024],[-8826038.3640000001,4744258.0565000027],[-8826038.1414000001,4744269.8801999986],[-8826029.8467999995,4744293.3801999986],[-8826029.6984000001,4744301.2628000006],[-8826025.1795000006,4744332.7185999975],[-8826016.2873,4744387.7493999973],[-8826011.7708999999,4744419.2056000009],[-8826007.3246999998,4744446.7204999998],[-8825998.4362000003,4744501.7502999976],[-8825998.3619999997,4744505.6930999979],[-8825993.4704999998,4744556.8577999994],[-8825988.9513000008,4744588.3144000024],[-8825988.4318000004,4744615.9042999968],[-8825983.5403000005,4744667.0681999996],[-8825983.466,4744671.0094999969],[-8825982.3528000005,4744730.132600002],[-8825982.2042999994,4744738.0155000016],[-8825981.2394999992,4744789.255900003],[-8825980.9426000006,4744805.0204999968],[-8825984.0529999994,4744848.4526999965],[-8825983.8303999994,4744860.2773000002],[-8825983.4593000002,4744879.9861000031],[-8825986.8652999997,4744907.6511999965],[-8825990.2727000006,4744935.316399999],[-8825993.7504999992,4744959.0402000025],[-8825997.1579,4744986.7066999972],[-8826004.5625999998,4745010.503899999],[-8826007.9700000007,4745038.1706999987],[-8826011.4517000001,4745061.8947999999],[-8826014.8578999992,4745089.5604000017],[-8826014.7094999999,4745097.4447000027],[-8826014.4868999999,4745109.2683999985],[-8826024.6313000005,4745196.2100000009],[-8826027.5897000004,4745247.5257999972],[-8826030.1067999993,4745322.4935000017],[-8826028.6967999991,4745397.3856000006],[-8826027.9546000008,4745436.8040999994],[-8826014.1732000001,4745543.0091999993],[-8826009.6535999998,4745574.4689000025],[-8825996.5397999994,4745645.1988999993],[-8825975.0556000005,4745743.3718999997],[-8825962.4585999995,4745786.5085000023],[-8825945.8637000006,4745833.514200002],[-8825916.6723999996,4745923.6583999991],[-8825887.4820000008,4746013.8008999974],[-8825879.2598000001,4746033.3628000021],[-8825854.4418000001,4746099.9287],[-8825817.5440999996,4746182.0392000005],[-8825776.7963999994,4746260.1361000016],[-8825740.1217999998,4746330.4200000018],[-8825735.9738999996,4746342.1741999984],[-8825687.2226,4746428.0029999986],[-8825638.4704999998,4746513.8347000033],[-8825585.8669000007,4746595.6489000022],[-8825545.3389999997,4746661.9227000028],[-8825533.1894000005,4746681.4081000015],[-8825480.5069999993,4746767.1665999964],[-8825435.6032999996,4746857.0183999985],[-8825398.4796999991,4746950.9601000026],[-8825365.1302000005,4747052.8646000028],[-8825335.7822999991,4747150.8998999968],[-8825302.4316000007,4747252.8037],[-8825302.3570000008,4747256.746100001],[-8825289.8321000002,4747295.9459000006],[-8825281.1603999995,4747339.1642000005],[-8825280.9367999993,4747350.9915999994],[-8825272.0387999993,4747406.0364999995],[-8825271.9642999992,4747409.9800999984],[-8825266.9953000005,4747465.1001999974],[-8825266.7717000004,4747476.927699998],[-8825265.8771000002,4747524.2391000018],[-8825265.3552999999,4747551.8366999999],[-8825268.9079,4747571.625500001],[-8825268.0877999999,4747614.9946999997],[-8825267.9386999998,4747622.8786000013],[-8825268.6717000008,4747635.5995000005],[-8825268.3297000006,4747645.9799000025],[-8825252.3050999995,4747736.0581],[-8825217.6795000006,4747836.0533000007],[-8825176.8398000002,4747940.0393999964],[-8825158.3412999995,4748052.6695000008],[-8825148.9805999994,4748222.9946999997],[-8825098.7523999996,4748390.4887999967],[-8825073.1831999999,4748552.2928000018],[-8825058.5784000009,4748675.2756000012],[-8825042.8068000004,4748859.8696999997],[-8825044.1367000006,4749005.7590000033],[-8825051.3848999999,4749102.2172000036],[-8825051.0194000006,4749121.5235000029],[-8825053.7533,4749184.691399999],[-8825052.7827000003,4749235.9525000006],[-8825055.1769999992,4749241.0025999993],[-8825051.0138000008,4749378.0012999997],[-8825045.3553999998,4749586.7709000036],[-8825065.3764999993,4749700.1542000026],[-8825103.4686999992,4749849.8391000032],[-8825136.5127000008,4749996.0055000037],[-8825139.9096000008,4750086.8171999976],[-8825166.5896000005,4750208.8941000029],[-8825196.8738000002,4750320.7675999999],[-8825225.4217000008,4750434.3214000016],[-8825258.9548000004,4750554.8207999989],[-8825333.7598000001,4750657.2727999985],[-8825405.6745999996,4750732.2730000019],[-8825510.8782000002,4750850.7158999965],[-8825573.6993000004,4750901.8171999976],[-8825606.0121999998,4750938.8950000033],[-8825609.8670000006,4750942.9148999974],[-8825648.4005999994,4750983.0996999964],[-8825694.7904000003,4751023.4354000017],[-8825737.2552000005,4751063.6964000016],[-8825748.8158999998,4751075.7550000027],[-8825756.5987999998,4751079.8470999971],[-8825791.3542999998,4751112.0720999986],[-8825795.2091000006,4751116.0907000005],[-8825826.1138000004,4751144.2958000004],[-8825841.6028000005,4751156.4263999984],[-8825860.9441,4751172.576700002],[-8825887.9942000005,4751196.762000002],[-8825899.6322000008,4751204.8752000034],[-8825934.4641999993,4751233.1560999975],[-8825946.0241,4751245.2106999978],[-8825977.0781999994,4751265.5265000015],[-8826015.6900999993,4751301.7713000029],[-8826058.2316999994,4751338.0868000016],[-8826096.8428000007,4751374.3300999999],[-8826135.4554999992,4751410.5724000037],[-8826139.3849999998,4751410.6469999999],[-8826178.0723000001,4751442.9450000003],[-8826220.6892000008,4751475.3188999966],[-8826263.3794,4751503.7474000007],[-8826310.0735999998,4751528.3060000017],[-8826352.7655999996,4751556.7343999967],[-8826399.4575999994,4751581.2954000011],[-8826403.3870999999,4751581.3699000031],[-8826411.1707000006,4751585.4604000002],[-8826422.8811000008,4751589.6292999983],[-8826425.6472999994,4751589.6816999987],[-8826498.7752999999,4751632.3057999983],[-8826566.2017999999,4751674.6828999966],[-8826638.3903000001,4751735.9873000011],[-8826715.1157000009,4751828.2023999989],[-8826795.7348999996,4751894.8035999984],[-8826870.0486999992,4751933.8849999979],[-8826973.9907000009,4751939.2756000012],[-8827083.4329000004,4751924.2186999992],[-8827247.5957999993,4751901.631099999],[-8827458.9539999999,4751909.0437000021],[-8827655.9366999995,4751955.5693000033],[-8827874.6075999998,4752028.1875],[-8827955.9705999997,4752055.4061999992],[-8828216.0140000004,4752104.8197999969],[-8828402.6465000007,4752157.9875999987],[-8828530.2720999997,4752174.0819000006],[-8828745.9576999992,4752224.3630999997],[-8828881.9831000008,4752247.4607999995],[-8829074.5628999993,4752256.2008000016],[-8829231.7485000007,4752242.012500003],[-8829348.0117000006,4752227.0578999966],[-8829531.3114999998,4752184.2387000024],[-8829757.9642999992,4752102.8350000009],[-8829972.2357000001,4752045.1721000001],[-8830411.0648999996,4751926.5995000005],[-8830704.0129000004,4751856.6819000021],[-8831103.5165999997,4751742.4895000011],[-8831371.6323000006,4751630.9946999997],[-8831543.1838000007,4751548.0451999977],[-8831582.8693000004,4751508.7434],[-8831747.9210000001,4751402.6055999994],[-8831840.1688999999,4751313.3222000003],[-8832027.1544000003,4751196.6680999994],[-8832210.9765000008,4751054.4790999964],[-8832406.3259999994,4750876.1088000014],[-8832575.7104000002,4750730.0133000016],[-8832794.9679000005,4750431.9922000021],[-8833115.3267000001,4750154.0186000019],[-8833364.1305999998,4750023.9275000021],[-8833793.1547999997,4749948.0603],[-8834162.9595999997,4749940.2361000031],[-8834475.9100000001,4749869.5066],[-8834478.7748000007,4749868.0044],[-8834493.9794999994,4749869.3351000026],[-8834505.7625999991,4749869.5489000008],[-8834521.5443999991,4749865.889200002],[-8834545.2524999995,4749858.4309],[-8834553.1800999995,4749854.6297999993],[-8834576.8881999999,4749847.1677000001],[-8834580.8158999998,4749847.2388999984],[-8834608.5239000004,4749835.9081000015],[-8834636.3724000007,4749816.690200001],[-8834640.3684,4749812.8166000023],[-8834644.2973999996,4749812.8879000023],[-8834660.2208999991,4749801.3421000019],[-8834668.2876999993,4749789.6548999995],[-8834672.2875999995,4749785.7813000008],[-8834684.2124000005,4749778.1090999991],[-8834692.2818,4749766.4183000028],[-8834704.2775999997,4749754.8012999967],[-8834712.3443,4749743.1130999997],[-8834724.3424999993,4749731.4974000007],[-8834732.4092999995,4749719.8090000004],[-8834736.4090999998,4749715.9354000017],[-8834744.4048999995,4749708.1920000017],[-8834756.4701000005,4749692.6314999983],[-8834756.5409999993,4749688.6865999997],[-8834772.5362999998,4749673.197300002],[-8834784.6028000005,4749657.6353999972],[-8834788.6012999993,4749653.7616999969],[-8834792.6009999998,4749649.8919999972],[-8834816.5197999999,4749630.6001999974],[-8834844.5102999993,4749603.4937999994],[-8834860.5042000003,4749588.0029999986],[-8834872.4995000008,4749576.3874000013],[-8834900.6301000006,4749541.3937999979],[-8834900.7008999996,4749537.4504999965],[-8834920.9776000008,4749502.3122999966],[-8834925.1188999992,4749490.5530999973],[-8834941.3931000009,4749459.2898000032],[-8834949.5327000003,4749443.6596999988],[-8834961.7401999999,4749420.2110000029],[-8834981.8747000005,4749392.9626000002],[-8834985.9412999991,4749385.1467999965],[-8835014.0014999993,4749354.0971999988],[-8835045.8475000001,4749331.0051999986],[-8835057.6994000003,4749327.2738000005],[-8835081.5500000007,4749311.9265000001],[-8835121.0371000003,4749300.8066999987],[-8835128.8907999992,4749300.9487999976],[-8835164.3822000008,4749293.7025000006],[-8835211.5107000005,4749294.5546000004],[-8835235.0768999998,4749294.9805999994],[-8835262.4986000005,4749299.4196999967],[-8835282.1348000001,4749299.7744999975],[-8835289.9923,4749299.9165000021],[-8835293.9198000003,4749299.987499997],[-8835301.7734999992,4749300.1294],[-8835317.5554000009,4749296.4710000008],[-8835329.4085000008,4749292.7405999973],[-8835333.3359999992,4749292.811499998],[-8835345.1890999991,4749289.0797000006],[-8835357.1129000001,4749281.4070999995],[-8835372.9640999995,4749273.8012999967],[-8835384.8878000006,4749266.128700003],[-8835396.8114999998,4749258.4535000026],[-8835408.6633000001,4749254.7255000025],[-8835412.6626999993,4749250.8518000022],[-8835448.3655999992,4749231.7718999982],[-8835484.0645000003,4749212.6943999976],[-8835484.1350999996,4749208.7496000007],[-8835523.7625999991,4749189.7405000031],[-8835555.5362999998,4749170.5918999985],[-8835563.4605,4749166.7903999984],[-8835603.0902999993,4749147.7809000015],[-8835626.7947000004,4749140.3205000013],[-8835646.6447000001,4749128.8448000029],[-8835682.3442000002,4749109.7641000003],[-8835684.6449999996,4749108.6608000025],[-8835776.9513000008,4748999.685800001],[-8835908.5716999993,4748833.3462999985],[-8835953.9064000007,4748647.0024000034],[-8835985.6932999995,4748484.141900003],[-8836002.3812000006,4748431.7226999998],[-8836050.8449000008,4748364.0596000031],[-8836128.3652999997,4748286.375500001],[-8836256.6883000005,4748156.8861000016],[-8836421.6088999994,4748035.9614000022],[-8836501.4088000003,4748000.0860999972],[-8836519.6970000006,4747982.3686999977],[-8836612.7226,4747918.1410999969],[-8836689.7197999991,4747869.440700002],[-8836748.4863000009,4747812.5058000013],[-8836802.0971000008,4747750.2069000006],[-8836829.9322999995,4747661.0886000022],[-8836863.0070999991,4747591.6512999982],[-8836876.7921999991,4747535.4112000018],[-8836974.2133000009,4747371.1044000015],[-8837113.3845000006,4747220.7243999988],[-8837236.1528999992,4747106.9503000006],[-8837368.2950999998,4747056.5980999991],[-8837444.5823999997,4747047.4175999984],[-8837559.5793999992,4747075.8256999999],[-8837659.2979000006,4747077.6039000005],[-8837782.8203999996,4747069.2628000006],[-8837885.6284999996,4747044.7374000028],[-8838023.1546,4746986.5659999996],[-8838093.2907999996,4746933.1454999968],[-8838180.0594999995,4746828.870099999],[-8838282.7498000003,4746696.3470999971],[-8838380.6680999994,4746593.881099999],[-8838459.6838000007,4746502.0292999968],[-8838524.4431999996,4746394.5702000037],[-8838475.6999999993,4746330.4545999989],[-8838450.7587000001,4746256.2199999988],[-8838431.1120999996,4746179.4443999976],[-8838440.7464000005,4746079.4707000032],[-8838574.7408000007,4745773.5134999976],[-8839022.6655999999,4745375.6184],[-8839391.3386000004,4745005.3061999977],[-8839455.2283999994,4744953.7317000031],[-8839526.6659999993,4744920.735799998],[-8839775.4506999999,4744801.2722000033],[-8840117.0596999992,4744475.2714999989],[-8840392.4645000007,4744182.3612999991],[-8840508.068,4744023.6621999964],[-8840578.3836000003,4743903.6925999969],[-8840695.7660000008,4743642.2709999979],[-8840874.6829000004,4743463.6070000008],[-8841031.5570999999,4743345.1548999995],[-8841822.5750999991,4742668.6893000007],[-8842092.1816000007,4742402.0269000009],[-8842350.7835000008,4742164.1512999982],[-8842751.5983000007,4742047.2817000002],[-8843191.8828999996,4741923.1757000014],[-8843366.1658999994,4741857.6908999979],[-8843627.3023000006,4741622.4728000015],[-8843860.6094000004,4741326.188699998],[-8844104.5282000005,4741022.1876000017],[-8844423.4766000006,4740624.6517999992],[-8844591.0851000007,4740332.5209999979],[-8844888.6457000002,4739838.9505999982],[-8845064.7578999996,4739528.6960999966],[-8845182.3881999999,4739381.5341999978],[-8845328.8998000007,4739283.3444000036],[-8845489.7568999995,4739215.2307000011],[-8845742.8079000004,4739185.9742999971],[-8846206.1192000005,4739242.3202000037],[-8846488.1849000007,4739254.5574000031],[-8846592.4238000009,4739252.3360000029],[-8846744.1100999992,4739217.6872999966],[-8846845.1338999998,4739179.0808999985],[-8846970.4431999996,4739128.7894999981],[-8847163.9199000001,4739083.6777999997],[-8847446.1717000008,4739011.8381000012],[-8847619.7094999999,4738958.3200000003],[-8847809.5694999993,4738888.9482000023],[-8847971.3302999996,4738819.1018000022],[-8848137.2368999999,4738741.260300003],[-8848355.3863999993,4738660.2603999972],[-8848537.1418999992,4738594.7723999992],[-8848686.5851000007,4738540.8347999975],[-8848749.2659000009,4738502.2409000024],[-8849332.3572000004,4738087.675999999],[-8850004.7674000002,4737732.9764000028],[-8850591.9075000007,4737698.0742999986],[-8851383.1076999996,4737684.3413999975],[-8851782.6422000006,4737708.7480000034],[-8852139.6361999996,4737616.438500002],[-8852193.9509999994,4737586.9215999991],[-8852333.3154000007,4737476.1876000017],[-8852526.2134000007,4737259.3571000025],[-8852955.6886999998,4736878.6062999964],[-8853665.3435999993,4736159.4091999978],[-8854286.1252999995,4735651.2638999969],[-8854559.6941,4735260.5297000036],[-8855172.2091000006,4734565.864699997],[-8855751.1799999997,4733874.3995999992],[-8856583.7578999996,4732631.6797000021],[-8857006.6202000007,4731941.5133000016],[-8857601.4101,4730933.6387000009],[-8857967.8225999996,4730522.1005000025],[-8858217.8486000001,4730432.8896000013],[-8858355.4672999997,4730412.6991000026],[-8858520.7333000004,4730523.3514000028],[-8858529.0186999999,4730706.0581],[-8858491.4464999996,4730973.7493999973],[-8858336.1206999999,4731414.7325000018],[-8858202.4038999993,4731897.0639000013],[-8858108.5763000008,4732201.1651000008],[-8857468.0251000002,4733521.5427000001],[-8857076.3578999992,4734350.242899999],[-8856886.8780000005,4735066.6501000002],[-8856793.3515000008,4735818.1809],[-8856778.9752999991,4736285.4624999985],[-8856632.4582000002,4737206.0808999985],[-8856461.0734999999,4737908.635300003],[-8856255.7694000006,4738667.5009000003],[-8855999.5967999995,4739750.4492999986],[-8855940.1219999995,4740057.6675999984],[-8855865.7216999996,4740315.3334999979],[-8855828.4767000005,4740526.5649000034],[-8855686.5001999997,4740683.440200001],[-8855644.5069999993,4741514.9685999975],[-8855608.8243000004,4741732.1015999988],[-8855569.2750000004,4742008.0182999969],[-8855403.8447999991,4742380.3325999975],[-8855289.2037000004,4742524.1149000004],[-8854994.2598000001,4742969.7097999975],[-8854979.0187999997,4743190.1427000016],[-8854935.4353999998,4743533.7084999979],[-8854797.2433000002,4743928.7286000028],[-8854796.557,4743929.5789000019],[-8854796.7774999999,4743937.6631999984],[-8854768.9789000005,4744015.1657999977],[-8854697.9910000004,4744110.4349000007],[-8854612.3428000007,4744228.0329999998],[-8854497.8991,4744357.4754000008],[-8854400.648,4744433.8584999964],[-8854336.3734000009,4744492.311499998],[-8854312.8192999996,4744559.6284999996],[-8854292.5607999992,4744676.2342000008],[-8854288.0515000001,4744830.0229000002],[-8854273.5101999994,4744988.8897999972],[-8854266.8969000001,4745081.4673999995],[-8854249.7817000002,4745189.3236000016],[-8854185.6420000009,4745457.7652999982],[-8854122.2149999999,4745681.5962999985],[-8854069.0121999998,4745800.8900000006],[-8854006.7661000006,4745950.9355999976],[-8853959.0464999992,4746048.0055000037],[-8853901.1260000002,4746141.4773999974],[-8853802.6700999998,4746316.6686000004],[-8853649.7069000006,4746535.6789999977],[-8853502.5545000006,4746688.0983000025],[-8853390.2504999992,4746738.6704000011],[-8853298.6352999993,4746830.0672999993],[-8853218.8858000003,4746961.824000001],[-8853182.7743999995,4747354.8448000029],[-8852939.0353999995,4747742.3795000017],[-8852857.8482000008,4747880.686999999],[-8852765.1638999991,4748061.5587000027],[-8852683.4022000004,4748227.5909999982],[-8852598.2336999997,4748370.3486000001],[-8852547.0891999993,4748464.5270999968],[-8852485.1209999993,4748605.6829999983],[-8852392.9763999991,4748806.2501000017],[-8852281.0160000008,4749090.6963],[-8852128.4903999995,4749600.1513999999],[-8852086.0547000002,4749734.1846000031],[-8851777.2191000003,4750311.2097000033],[-8851333.6923999991,4750892.8193000033],[-8850997.6958000008,4751352.5379000008],[-8850704.0865000002,4751550.8756000027],[-8850557.5107000005,4751725.1400000006],[-8850370.9995000008,4752187.3482000008],[-8850313.7625999991,4752457.3418999985],[-8850091.9644000009,4752745.2273999974],[-8850010.9922000002,4752852.8537999988],[-8849829.9718999993,4752979.433600001],[-8849792.5950000007,4753111.3474999964],[-8849799.5465999991,4753223.3835000023],[-8849695.9483000003,4753457.2854000032],[-8849374.6107000001,4754085.2018000036],[-8848978.9759999998,4754591.1306999996],[-8848633.5566000007,4755074.3438000008],[-8848275.1444000006,4755630.9985999987],[-8848015.7566999998,4756053.8150999993],[-8847775.2767999992,4756397.4130999967],[-8847597.8151999991,4756656.6374000013],[-8847276.2707000002,4757107.8924999982],[-8847012.8139999993,4757418.7075999975],[-8846878.0712000001,4757578.4847000018]]},"properties":{"objectid":8835,"elev":3280,"st_length(shape)":92618.660636617016}},{"type":"Feature","id":8841,"geometry":{"type":"LineString","coordinates":[[-8855603.1214000005,4730833.2863000035],[-8854890.3883999996,4732126.5590000004],[-8854387.5374999996,4732944.6410999969],[-8853805.8287000004,4733787.7176000029],[-8853434.4759,4734135.8247999996],[-8852301.6301000006,4735120.7994000018],[-8850891.6908999998,4736258.5989999995],[-8849668.8149999995,4736730.3280000016],[-8849142.1905000005,4736970.8378999978],[-8848720.1565000005,4737206.5130999982],[-8847974.7727000006,4737633.5605999976],[-8847435.2179000005,4737860.6639999971],[-8846771.4190999996,4738092.2049999982],[-8846162.4971999992,4738167.1837000027],[-8845350.7364000008,4738258.3536999971],[-8844826.3816,4738354.3752999976],[-8844477.6097999997,4738499.3039999977],[-8843952.0555000007,4739047.9671000019],[-8843534.2884,4740169.3502999991],[-8843054.7949000001,4741073.2111999989],[-8842951.6111999992,4741373.3025000021],[-8842575.9604000002,4741427.8224999979],[-8842090.1954999994,4741603.7898999974],[-8841886.3313999996,4741710.8844000027],[-8841792.5775000006,4741822.5270000026],[-8841538.1703999992,4742121.0436000004],[-8841117.1296999995,4742495.6856999993],[-8840799.9598999992,4742779.9333000034],[-8840608.5792999994,4742921.4818999991],[-8840422.8979000002,4743036.7823000029],[-8840054.4675999992,4743248.9861999974],[-8839707.1920999996,4743601.193599999],[-8839311.7433000002,4744155.4343999997],[-8838802.5254999995,4744610.1799999997],[-8838344.3642999995,4744994.6784000024],[-8837889.0057999995,4745218.4743999988],[-8837444.6355000008,4745413.4633999988],[-8837221.0198999997,4745591.3011000007],[-8836976.3180999998,4745921.6075000018],[-8835993.1995000001,4746364.0507000014],[-8835412.3629000001,4747029.8774000034],[-8834400.0976999998,4748042.4926000014],[-8834149.7523999996,4748143.014200002],[-8833716.6854999997,4748220.5015999973],[-8833081.4006999992,4748268.0072999969],[-8832332.6881000008,4748438.1643999964],[-8831805.0611000005,4748678.0135999992],[-8830668.3943000007,4749668.4157999977],[-8830273.0230999999,4749825.2788999975],[-8827995.6039000005,4750229.3558999971],[-8827667.4551999997,4750218.1098000035],[-8827630.7092000004,4750211.3735999987],[-8827569.6458000001,4750193.7858999968],[-8827484.4185000006,4750155.195600003],[-8827326.0095000006,4750090.568599999],[-8827232.7937000003,4750041.5525999963],[-8827153.8598999996,4749994.8603999987],[-8827077.3958000001,4749925.613499999],[-8827002.6318999995,4749874.8901000023],[-8826869.0856999997,4749794.2907000035],[-8826796.3694000002,4749743.6052000001],[-8826724.6174999997,4749641.5732999966],[-8826697.8912000004,4749598.5892999992],[-8826603.3322000001,4749463.6130999997],[-8826514.7906999998,4749277.1004000008],[-8826427.2942999993,4749035.1609999985],[-8826376.1418999992,4748818.5591000021],[-8826387.7178000007,4748529.2221999988],[-8826460.2804000005,4748259.5306999981],[-8826632.5912999995,4747905.4895000011],[-8826773.4155999999,4747593.9826999977],[-8826799.1030000001,4747532.8674999997],[-8826907.6655000001,4747322.7087000012],[-8827027.0042000003,4747033.1159000024],[-8827113.0770999994,4746841.4962000027],[-8827158.0397999994,4746747.6969999969],[-8827281.2865999993,4746458.1911000013],[-8827361.4162000008,4746163.9368999973],[-8827394.4999000002,4745864.8633999974],[-8827392.3969999999,4745557.2453999966],[-8827382.9772999994,4745430.8852000013],[-8827403.3599999994,4745264.2770000026],[-8827453.5406999998,4744969.2273999974],[-8827493.7836000007,4744727.8137999997],[-8827558.4412999991,4744374.753700003],[-8827588.4104999993,4744204.9101999998],[-8827586.1217999998,4744088.2740999982],[-8827597.8127999995,4743940.5124000013],[-8827613.8841999993,4743797.319600001],[-8827616.0595999993,4743680.7722000033],[-8827790.9277999997,4743369.7195999995],[-8827952.5642000008,4742923.2631999999],[-8828043.7755999994,4742635.5860999972],[-8828140.6532000005,4742372.6504999995],[-8828336.102,4741887.6928000003],[-8828522.4399999995,4741445.811300002],[-8828635.5532000009,4741184.9223999977],[-8828749.3105999995,4740888.9848999977],[-8828988.2517000008,4740244.7490999997],[-8829223.6060000006,4739603.9871999994],[-8829427.5733000003,4739148.4915999994],[-8829624.6700999998,4738685.8725999966],[-8829730.7419000007,4738424.9101999998],[-8830115.4936999995,4737629.2690000013],[-8830357.9623000007,4737164.0398999974],[-8830564.3521999996,4736761.2515999973],[-8830767.3641999997,4736351.4021999985],[-8830818.1468000002,4736247.1898000017],[-8831104.2915000003,4735299.1534999982],[-8831215.477,4734754.4869000018],[-8831305.0120000001,4734247.9966999963],[-8831348.5752000008,4733964.9523999989],[-8831417.0990999993,4733461.6172000021],[-8831474.8301999997,4732975.6270999983],[-8831583.6666999999,4732557.1706999987],[-8831721.2937000003,4732090.2091000006],[-8831951.9572000001,4731495.3483000025],[-8832269.0373999998,4730751.4641999975],[-8832470.0197000001,4730250.7047000006],[-8832583.5987,4729951.5317000002],[-8832898.4264000002,4729326.7872999981],[-8833115.2007999998,4728913.9346000031],[-8833302.4796999991,4728588.1162],[-8833467.1819000002,4728352.9538000003],[-8833652.3560000006,4728142.6818000004],[-8834076.2423999999,4727653.0693999976],[-8834582.2886999995,4727052.8871999979],[-8834945.1239,4726656.7321999967],[-8835574.8975000009,4725957.2446999997],[-8835943.0697000008,4725648.7260999978],[-8836161.0105000008,4725355.0187999979],[-8836375.0799000002,4725082.2528999969],[-8836468.5081999991,4724926.371299997],[-8836495.6412000004,4724772.8068000004],[-8836461.8388,4724712.6837000027],[-8836361.6827000007,4724658.3756000027],[-8836205.4449000005,4724620.5676999986],[-8835992.8137999997,4724616.7568000033],[-8835733.9330000002,4724664.626699999],[-8835498.3892999999,4724772.4284999967],[-8834989.7361999992,4725137.8928999975],[-8834488.0188999996,4725503.4697000012],[-8834085.8289999999,4725762.2938999981],[-8833378.0789999999,4726719.3822999969],[-8832966.5658,4727489.304399997],[-8832626.9495000001,4728138.0020999983],[-8832154.7515999991,4729169.5781999975],[-8831852.3227999993,4729685.9306000024],[-8831442.3280999996,4730390.4020999968],[-8830916.2210000008,4731458.4250999987],[-8830567.0610000007,4732172.194600001],[-8830307.1750000007,4732666.0280999988],[-8830062.9434999991,4732852.9068000019],[-8829884.9179999996,4732985.6040000021],[-8829783.0237000007,4733161.1006999984],[-8829764.9706999995,4733187.9448999986],[-8829675.5832000002,4733355.639200002],[-8829671.6607000008,4733355.5662999973],[-8829589.6056999993,4733550.9701000005],[-8829564.6994000003,4733625.3426000029],[-8829535.2850000001,4733731.1393999979],[-8829531.0030000005,4733750.7528999969],[-8829505.2927000001,4733868.435999997],[-8829500.8652999997,4733895.9245999977],[-8829487.5750999991,4733978.3902999982],[-8829474.1368000004,4734068.7327999994],[-8829473.7734999992,4734088.4210999981],[-8829459.9740999993,4734198.4518999979],[-8829451.2600999996,4734245.5557999983],[-8829446.2469999995,4734304.5464999974],[-8829424.5296999998,4734418.3709999993],[-8829415.4518999998,4734485.1636999995],[-8829394.0973000005,4734579.3033000007],[-8829369.0414000005,4734661.5555000007],[-8829352.1896000002,4734724.2670999989],[-8829302.5837999992,4734861.2111999989],[-8829245.1316,4734998.0117999986],[-8829183.9002999999,4735126.8627000004],[-8829118.8169999998,4735251.7052000016],[-8829049.8855000008,4735372.5389000028],[-8828973.1798,4735489.2877999991],[-8828957.1260000002,4735508.684799999],[-8828953.0606999993,4735516.4875999987],[-8828909.0419999994,4735562.9378999993],[-8828896.9854000006,4735578.4702999964],[-8828857.1044999994,4735613.1811000034],[-8828829.1393999998,4735640.2343999967],[-8828805.2434,4735659.4849999994],[-8828757.4459000006,4735697.987499997],[-8828753.4534000009,4735701.8520999998],[-8828721.7103000004,4735720.9548999965],[-8828717.7151999995,4735724.8209000006],[-8828701.8794,4735732.4038000032],[-8828685.9718999993,4735743.9248000011],[-8828678.0559,4735747.7175000012],[-8828670.1400000006,4735751.5077000037],[-8828626.4840999991,4735778.2673999965],[-8828578.9058999997,4735804.9552000016],[-8828527.4795999993,4735827.629900001],[-8828479.9738999996,4735850.3779999986],[-8828428.5471999999,4735873.0522999987],[-8828384.9646000005,4735895.8746000007],[-8828381.0410999991,4735895.8012000024],[-8828329.5407999996,4735922.4133000001],[-8828281.9612000007,4735949.0987000018],[-8828238.3765999991,4735971.9204000011],[-8828190.7233000007,4736002.5436000004],[-8828147.0690000001,4736029.3020000011],[-8828115.3237999994,4736048.4046000019],[-8828047.6934999991,4736098.3517000005],[-8827983.9822000004,4736148.3708999977],[-8827960.1567000002,4736163.683600001],[-8827916.2773000002,4736202.2559999973],[-8827848.6450999994,4736252.2025000006],[-8827780.8629000001,4736310.0226000026],[-8827717.0781999994,4736363.9804999977],[-8827649.2970000003,4736421.8030000031],[-8827625.3197000008,4736444.9905000031],[-8827585.4349000007,4736479.6991999969],[-8827517.6523000002,4736537.5200999975],[-8827453.7899999991,4736595.4158999994],[-8827389.9283000007,4736653.3103],[-8827334.1314000003,4736699.5384000018],[-8827322.1434000004,4736711.132100001],[-8827258.2788999993,4736769.0275000036],[-8827190.5647999998,4736822.9094000012],[-8827150.6783000007,4736857.6163000017],[-8827138.7596000005,4736865.2725000009],[-8827114.784,4736888.4584999979],[-8827090.8817999996,4736907.7071999982],[-8827086.8842999991,4736911.5729999989],[-8827059.0581999999,4736930.7476999983],[-8827031.2306999993,4736949.9223000035],[-8827007.3282999992,4736969.1695000008],[-8826979.5755000003,4736984.4069999978],[-8826955.6690999996,4737003.6554000005],[-8826927.9162000008,4737018.8913000003],[-8826916.0010000002,4737026.5477000028],[-8826908.0833999999,4737030.3381000012],[-8826896.0919000003,4737041.9315000027],[-8826884.1765999999,4737049.5864000022],[-8826872.1888999995,4737061.179899998],[-8826860.2737000007,4737068.8348999992],[-8826860.1998999994,4737072.7735000029],[-8826852.2822999991,4737076.564000003],[-8826836.2217999995,4737095.9604000002],[-8826824.2339999992,4737107.5538000017],[-8826820.2363000009,4737111.4195000008],[-8826732.0928000007,4737208.2550999969],[-8826651.7204,4737309.1765000001],[-8826575.1187999994,4737418.0518999994],[-8826506.2159000002,4737534.9525000006],[-8826445.0079999994,4737659.879900001],[-8826407.4835999999,4737777.3761000037],[-8826399.1954999994,4737800.8603999987],[-8826357.0829000007,4737953.7344999984],[-8826340.1326000001,4738020.3982999995],[-8826318.8892999999,4738106.6838999987],[-8826276.8479999993,4738255.623300001],[-8826272.7769000009,4738263.4268999994],[-8826227.1059000008,4738396.5355999991],[-8826169.7394999992,4738525.4861999974],[-8826157.4517999999,4738552.8364999965],[-8826120.7376000006,4738627.010300003],[-8826064.1832999997,4738712.6312000006],[-8825999.7788999993,4738798.1049000025],[-8825967.5763000008,4738840.8404999971],[-8825931.5269000009,4738879.5626000017],[-8825859.3490999993,4738960.9474999979],[-8825847.3566999994,4738972.5417999998],[-8825827.4420999996,4738987.9262999967],[-8825795.4606999997,4739018.8457000032],[-8825771.4768000003,4739042.0344000012],[-8825747.6400000006,4739057.3443000019],[-8825675.9061999992,4739115.0934000015],[-8825668.7376000006,4739122.0230000019],[-8825577.4507999998,4739179.0866999999],[-8825316.3977000006,4739522.6708000004],[-8825061.5604999997,4739886.2964999974],[-8824894.3987000007,4740158.6468999982],[-8824724.0481000002,4740424.3012999967],[-8824582.3432,4740653.9997999966],[-8824474.6068999991,4740831.8256999999],[-8824383.2448999994,4740971.5437999964],[-8824231.7983999997,4741160.762000002],[-8824067.9416000005,4741361.9694000036],[-8823935.7440000009,4741544.5727000013],[-8823726.1403999999,4741863.6762999967],[-8823595.3363000005,4742063.7775000036],[-8823380.6270000003,4742375.804899998],[-8823223.0229000002,4742612.0780000016],[-8823054.8763999995,4742853.3911999986],[-8822935.0153000001,4743025.764200002],[-8822720.4656000007,4743327.3281000033],[-8822570.3568999991,4743534.0593999997],[-8822384.3172999993,4743799.4949999973],[-8822215.8961999994,4744053.0456999987],[-8822031.4429000001,4744325.507100001]]},"properties":{"objectid":8841,"elev":3560,"st_length(shape)":89756.335879392296}},{"type":"Feature","id":8844,"geometry":{"type":"LineString","coordinates":[[-8846960.3179000001,4757573.9843000025],[-8847140.1530000009,4757350.1460999995],[-8847331.7150999997,4757126.5075000003],[-8847532.9570000004,4756849.9993000031],[-8847830.8168000001,4756410.1331999972],[-8848035.1114000008,4756124.8471999988],[-8848213.1903000008,4755827.3404000029],[-8848460.1449999996,4755445.5623999983],[-8848634.7765999995,4755177.4685000032],[-8848860.3856000006,4754842.4787999988],[-8849145.6151000001,4754449.5781000033],[-8849412.5430999994,4754097.6164999977],[-8849500.4684999995,4753925.2969999984],[-8849715.7965999991,4753498.8506999984],[-8849840.6516999993,4753221.1220000014],[-8849827.6888999995,4753117.821800001],[-8849861.6955999993,4753012.3586999997],[-8850054.7372999992,4752868.3062999994],[-8850258.3149999995,4752618.4024000019],[-8850372.4105999991,4752458.3140999973],[-8850423.2973999996,4752217.6648999974],[-8850481.5755000003,4752062.5464999974],[-8850606.8263000008,4751758.3496999964],[-8850735.5672999993,4751598.5131999999],[-8851061.7681000009,4751380.0982000008],[-8851265.6274999995,4751109.6017000005],[-8851508.5524000004,4750780.8592000008],[-8851844.3627000004,4750329.9795000032],[-8851983.7296999991,4750055.4921000004],[-8852150.9575999994,4749690.1939999983],[-8852307.3402999993,4749089.1977000013],[-8852410.8315999992,4748855.3664000034],[-8852523.8284000009,4748577.5354000032],[-8852603.4463999998,4748427.442400001],[-8852778.1129999999,4748084.1740000024],[-8852990.9378999993,4747796.2128000036],[-8853218.9561000001,4747354.4571999982],[-8853261.5766000003,4746964.6644999981],[-8853310.0318999998,4746858.8335999995],[-8853443.4507999998,4746822.8955999985],[-8853532.9616,4746714.7911000028],[-8853682.4852000009,4746562.4094000012],[-8853862.0315000005,4746312.867899999],[-8854009.6877999995,4746088.306599997],[-8854191.9966000002,4745667.0199000016],[-8854311.8007999994,4745142.1526999995],[-8854320.1978999991,4744618.4535999969],[-8854345.4315000009,4744507.0349999964],[-8854493.5410999991,4744409.3734000027],[-8854648.5436000004,4744247.0815000013],[-8854873.0940000005,4743950.5489000008],[-8855017.5188999996,4743532.0872000009],[-8855050.9019000009,4743276.6294],[-8855073.0804999992,4742988.632100001],[-8855158.7415999994,4742891.2128999978],[-8855202.7415999994,4742822.1823000014],[-8855349.9234999996,4742534.0847000033],[-8855653.8081,4742035.8518999964],[-8855699.6345000006,4741733.5568000004],[-8855729.2230999991,4741531.0354999974],[-8855767.2846000008,4741163.9103000015],[-8855768.4648000002,4740712.3386000022],[-8855875.5572999995,4740622.8069999963],[-8855973.9066000003,4740328.8300999999],[-8856054.3016999997,4740062.4345000014],[-8856152.9328000005,4739559.4676000029],[-8856315.3570000008,4738867.746299997],[-8856559.3049999997,4737957.5362000018],[-8856807.3607000001,4737175.7302000001],[-8856905.4060999993,4736738.2867999971],[-8857005.2643999998,4736250.6767999977],[-8857266.6262999997,4735121.1671999991],[-8857337.3213999998,4734811.6281000003],[-8857494.1135000009,4734258.9130000025],[-8857881.3838999998,4733488.4676999971],[-8858064.6875,4733131.1845000014],[-8858390.7969000004,4732478.7859999985],[-8858742.6159000006,4731863.1642000005],[-8859079.8484000005,4731336.5386999995],[-8859334.4524000008,4730831.7621000037],[-8859403.3628000002,4730631.3238999993],[-8859495.4332999997,4730209.9239000008],[-8859492.6403999999,4729965.4349000007],[-8859433.3197000008,4729759.7072999999],[-8859369.9445999991,4729603.4675000012],[-8859236.2741,4729525.4055999964],[-8858938.2616000008,4729438.1625000015],[-8858675.4039999992,4729417.5249999985],[-8858270.7122000009,4729421.0746000037],[-8858029.7435999997,4729473.4328999966],[-8857846.5785000008,4729615.8827999979],[-8857699.5873000007,4729758.9025999978],[-8857554.9491000008,4729961.4182000011],[-8857380.0808000006,4730203.0973000005],[-8857240.8666999992,4730478.3783000037],[-8857061.2896999996,4730809.1845000014],[-8856630.6746999994,4731618.3532999977],[-8856176.3860999998,4732463.5344000012],[-8855963.3151999991,4732826.8922000006],[-8855533.7840999998,4733556.8830000013],[-8855067.3109000009,4734329.2743000016],[-8854744.3575999998,4734766.9166999981],[-8854555.7524999995,4735034.8770999983],[-8854364.7457999997,4735246.6174999997],[-8854227.6018000003,4735383.2129999995],[-8853930.1073000003,4735665.9438000023],[-8853408.6426999997,4736159.879900001],[-8852662.2337999996,4736921.1942000017],[-8852357.7466000002,4737223.6397999972],[-8852150.6905000005,4737442.0373999998],[-8851989.7514999993,4737542.5980999991],[-8851651.1096999999,4737599.5094000027],[-8851109.2763,4737581.6792000011],[-8850121.8842999991,4737636.7594000027],[-8849907.9132000003,4737677.8298999965],[-8849459.5471000001,4737920.241899997],[-8848956.5196000002,4738242.0425999984],[-8848662.4556000009,4738472.7493999973],[-8848481.9528000001,4738533.382600002],[-8848368.6324000005,4738587.9217000008],[-8848243.1353999991,4738650.3181999996],[-8847806.3615000006,4738840.5195000023],[-8847245.6128000002,4739000.3975000009],[-8846931.9240000006,4739031.3875999972],[-8846525.5084000006,4739084.9869000018],[-8846057.7164999992,4739102.2444000021],[-8845883.2462000009,4739099.2819000036],[-8845668.7159000002,4739128.6969999969],[-8845454.1283999998,4739161.4126999974],[-8845308.6140000001,4739198.6079000011],[-8845152.6075999998,4739271.990699999],[-8844999.0508999992,4739395.0077000037],[-8844829.6323000006,4739676.4570999965],[-8844666.5637999997,4739971.2458999977],[-8844567.2738000005,4740194.3885999992],[-8844417.3023000006,4740492.7190999985],[-8844100.8431000002,4740897.3215000033],[-8843941.9838999994,4741135.9892999977],[-8843730.1535999998,4741390.2831000015],[-8843595.0043000001,4741589.6807999983],[-8843452.3947000001,4741724.8294999972],[-8843314.1137000006,4741833.0846000016],[-8843097.8193999995,4741900.4768000022],[-8842947.5467000008,4741942.6635999978],[-8842762.8585000001,4742002.6928000003],[-8842591.4186000004,4742055.0454000011],[-8842325.1886,4742126.8260999992],[-8842138.6786000002,4742292.1889000013],[-8841863.6483999994,4742569.2933000028],[-8841384.5720000006,4742961.3954000026],[-8840759.8078000005,4743429.9798000008],[-8840641.6832999997,4743583.3590999991],[-8840581.4978,4743724.5811000019],[-8840545.1501000002,4743853.0486000031],[-8840453.6180000007,4743985.8193999976],[-8840391.7208999991,4744074.3183000013],[-8840337.8764999993,4744152.4196000025],[-8840137.2151999995,4744372.8625999987],[-8840072.7353000008,4744458.682599999],[-8839776.5802999996,4744665.5786999986],[-8839446.5780999996,4744848.1762000024],[-8839353.7368000001,4744904.5091999993],[-8838965.6831,4745332.447300002],[-8838543.8107999992,4745741.3413999975],[-8838424.3734000009,4745965.8594999984],[-8838395.9540999997,4746089.2171000019],[-8838396.4441,4746210.4539000019],[-8838429.7851999998,4746315.4425000027],[-8838466.5287999995,4746406.3069999963],[-8838387.7419000007,4746485.2101000026],[-8838269.4452,4746610.0388000011],[-8838185.8067000005,4746694.2744000033],[-8838108.4428000003,4746786.1691000015],[-8838071.2265000008,4746833.1823000014],[-8837993.4783999994,4746883.2497999966],[-8837890.5791999996,4746913.0452999994],[-8837766.6395999994,4746945.1005999967],[-8837596.3505000006,4746926.251699999],[-8837397.3829999994,4746896.3457000032],[-8837310.7871000003,4746894.7993000001],[-8837091.0689000003,4746998.9318000004],[-8836914.5066999998,4747185.5380999967],[-8836781.3326999992,4747441.4506999999],[-8836709.8228999991,4747624.6715999991],[-8836626.5792999994,4747745.3191],[-8836574.3151999991,4747776.826700002],[-8836510.7827000003,4747815.1278000027],[-8836490.9362000003,4747826.6024999991],[-8836451.1754000001,4747853.4976999983],[-8836387.6393999998,4747891.8020000011],[-8836323.9662999995,4747937.9868000001],[-8836260.1481999997,4747992.0584999993],[-8836192.2642999999,4748053.947800003],[-8836176.2047000006,4748073.3773000017],[-8836120.1711999997,4748131.5355999991],[-8836047.6535999998,4748232.7823999971],[-8835978.4997000005,4748365.6437000036],[-8835941.0405000001,4748483.3017000034],[-8835915.4364,4748597.2302000001],[-8835915.2956000008,4748605.115199998],[-8835911.1557,4748616.8762999997],[-8835906.8790000007,4748636.5200999975],[-8835902.5278999992,4748660.1068999991],[-8835898.2471999992,4748679.7533000037],[-8835894.0406999998,4748695.4563999996],[-8835881.6224000007,4748730.7314999998],[-8835869.2065999992,4748766.0094000027],[-8835852.8632999994,4748801.2150999978],[-8835836.5186999999,4748836.4223999977],[-8835820.1777999997,4748871.6269999966],[-8835799.9760999996,4748902.8203999996],[-8835775.9199000001,4748929.9985999987],[-8835751.8597999997,4748957.1767999977],[-8835723.9452,4748980.3408000022],[-8835719.9485999998,4748984.2146999985],[-8835692.1043999996,4749003.4367000014],[-8835660.2609000001,4749026.5287000015],[-8835644.4101999998,4749034.1344000027],[-8835620.6342999991,4749045.5381999984],[-8835577.0801999997,4749064.4741000012],[-8835573.0809000004,4749068.3476999998],[-8835529.5957999993,4749083.3416000009],[-8835505.8209000006,4749094.746299997],[-8835486.0413000006,4749102.2797999978],[-8835442.4854000006,4749121.2151999995],[-8835434.5612000003,4749125.0179999992],[-8835422.6378000006,4749132.6906000003],[-8835414.7109999992,4749136.4932999983],[-8835410.7116,4749140.3658000007],[-8835398.8599999994,4749144.0949999988],[-8835383.0077,4749151.6992999986],[-8835371.0841000006,4749159.3718999997],[-8835359.1618000008,4749167.0469999984],[-8835343.3094999995,4749174.6498999968],[-8835335.3851999994,4749178.4514999986],[-8835327.5289999992,4749178.3095000014],[-8835291.9005999994,4749193.445600003],[-8835248.5560999997,4749200.5503000021],[-8835201.3546999991,4749203.6415999979],[-8835173.7917999998,4749207.0894000009],[-8835158.0808000006,4749206.8052999973],[-8835114.7374000009,4749213.9094000012],[-8835095.0306000002,4749217.4988999963],[-8835079.2488000002,4749221.1578999981],[-8835020.1941,4749227.9789000005],[-8834937.0802999996,4749261.9750000015],[-8834877.1752000004,4749316.1180000007],[-8834837.6544000003,4749378.4924999997],[-8834760.3261999991,4749469.0080000013],[-8834682.5493000001,4749559.8669999987],[-8834616.2661000006,4749595.572800003],[-8834523.9241000004,4749620.260300003],[-8834431.7717000004,4749634.4054000005],[-8834250.2807,4749652.199000001],[-8834147.8184999991,4749655.6089000031],[-8834030.1411000006,4749673.7828999981],[-8834006.7932999991,4749668.126199998],[-8833979.4254999999,4749667.6281000003],[-8833424.2723999992,4749704.8121000007],[-8833005.3325999994,4749824.511500001],[-8832651.9776000008,4750123.7009999976],[-8832358.8692000005,4750496.7730000019],[-8832110.7446999997,4750786.9774999991],[-8831863.0044999998,4751055.3555999994],[-8831689.8480999991,4751208.6525999978],[-8831556.8104999997,4751348.1317000017],[-8831435.3723000009,4751447.7920999974],[-8831358.7514999993,4751477.8276000023],[-8831321.1609000005,4751499.9148000032],[-8831236.7382999994,4751546.3042000011],[-8831138.7377000004,4751589.0169999972],[-8830977.3999000005,4751644.2569999993],[-8830802.0427999999,4751719.7849999964],[-8830566.7554000001,4751807.8991999999],[-8830369.5737999994,4751864.1783000007],[-8830020.0097000003,4751951.8712000027],[-8829834.8845000006,4752001.5146000013],[-8829647.5460999999,4752078.5143999979],[-8829474.4475999996,4752123.2380999997],[-8829318.4934,4752163.1415999979],[-8829174.9178999998,4752179.2980000004],[-8829057.0768999998,4752187.3708000034],[-8828913.9138999991,4752181.2678999975],[-8828811.8638000004,4752165.6573000029],[-8828664.1269000005,4752130.3514999971],[-8828470.7050000001,4752075.3488999978],[-8828292.6305999998,4752020.6309999973],[-8828156.6417999994,4751995.8140999973],[-8827973.2002000008,4751954.6903000027],[-8827781.4586999994,4751901.4196000025],[-8827638.9408,4751861.0605000034],[-8827343.3582000006,4751797.2625999972],[-8827140.8803000003,4751771.1780000031],[-8826951.9791999999,4751748.7708000019],[-8826793.3812000006,4751656.7217999995],[-8826607.9891999997,4751538.4767000005],[-8826425.5930000003,4751442.548299998],[-8826340.9406000003,4751367.2929000035],[-8826340.6144999992,4751367.1215000004],[-8826313.3587999996,4751347.1837000027],[-8826193.5032000002,4751279.8030000031],[-8826084.0712000001,4751204.0918999985],[-8825965.7613999993,4751147.0477000028],[-8825866.7232000008,4751062.9707999974],[-8825804.8380999994,4750998.436300002],[-8825708.3150999993,4750871.5979999974],[-8825571.7197999991,4750699.4773000032],[-8825443.1999999993,4750551.4836999997],[-8825371.9980999995,4750438.8285000026],[-8825334.0187999997,4750373.0384000018],[-8825280.7731999997,4750212.7842999995],[-8825241.1342999991,4750054.5040000007],[-8825200.4397,4749861.9624999985],[-8825178.4002999999,4749674.9166999981],[-8825166.1356000006,4749512.0302999988],[-8825159.1469999999,4749340.6868000031],[-8825158.9960999992,4749330.3103],[-8825157.4013,4749312.8981000036],[-8825154.1444000006,4749277.3329000026],[-8825150.8913000003,4749241.7695000023],[-8825151.4135999996,4749214.1673000008],[-8825148.2313000001,4749174.6607000008],[-8825148.4551999997,4749162.8325000033],[-8825145.7219999991,4749099.6648000032],[-8825142.9875000007,4749036.4998999983],[-8825143.1488000005,4749027.9748999998],[-8825136.9308000002,4748961.2594999969],[-8825132.9517000001,4748847.1634000018],[-8825131.3871999998,4748713.5980999991],[-8825139.3888000008,4748615.1410000026],[-8825160.4708999991,4748528.2334000021],[-8825178.7763,4748425.8659999967],[-8825195.8253000006,4748335.8015000001],[-8825209.2818999998,4748273.4020000026],[-8825220.8871999998,4748200.6963],[-8825227.5150000006,4748120.7062000036],[-8825240.5309999995,4748027.4860000014],[-8825256.0513000004,4747964.1005999967],[-8825277.6099999994,4747905.9663000032],[-8825305.4593000002,4747839.7352000028],[-8825338.4210999999,4747773.6020999998],[-8825353.9798000008,4747687.0306999981],[-8825353.2086999994,4747683.6648000032],[-8825353.7302999999,4747656.0667999983],[-8825354.0284000002,4747640.2952999994],[-8825350.6259000003,4747612.6225000024],[-8825351.2221000008,4747581.0807999969],[-8825348.3374000005,4747525.8106999993],[-8825348.7844999991,4747502.1568000019],[-8825353.3829999994,4747466.7466000021],[-8825353.9791000001,4747435.2091000006],[-8825358.4991999995,4747403.7427000031],[-8825362.9485999998,4747376.2190999985],[-8825371.6199999992,4747333.001500003],[-8825375.6955999993,4747325.1903000027],[-8825379.9213999994,4747309.493900001],[-8825413.2716000006,4747207.5908000022],[-8825446.4683999997,4747113.5680000037],[-8825483.6706000008,4747015.6810000017],[-8825524.7213000003,4746921.8128999993],[-8825569.6231999993,4746831.9640000015],[-8825618.3787999991,4746746.1284999996],[-8825667.1296999995,4746660.2950000018],[-8825715.6592999995,4746586.2880999967],[-8825719.7356000002,4746578.4798000008],[-8825760.2619000003,4746512.2097999975],[-8825772.3366999999,4746496.6638000011],[-8825816.9385000002,4746422.5832000002],[-8825837.2368999999,4746387.4786999971],[-8825861.6139000002,4746344.5621000007],[-8825902.2857000008,4746270.4061999992],[-8825943.1065999996,4746188.369099997],[-8825980.0033999998,4746106.2568999976],[-8826004.8205999993,4746039.688000001],[-8826013.0425000004,4746020.1283999979],[-8826042.2332000006,4745929.9831999987],[-8826071.4245999996,4745839.8422000036],[-8826084.0186999999,4745796.7039000019],[-8826096.7611999996,4745745.6819999963],[-8826118.2429000009,4745647.5085999966],[-8826127.1358000003,4745592.4711000025],[-8826131.9517999999,4745545.2441999987],[-8826141.8790000007,4745435.0214999989],[-8826142.1015000008,4745423.1975999996],[-8826144.1782000009,4745312.8285999969],[-8826140.9941000007,4745273.3360999972],[-8826134.7755999994,4745186.4708999991],[-8826127.8858000003,4745135.0794999972],[-8826117.7416999992,4745048.1396000013],[-8826110.8560000006,4744996.748999998],[-8826111.1525999997,4744980.9842000008],[-8826107.5223999992,4744965.1419999972],[-8826104.1147000007,4744937.4767000005],[-8826104.5598000009,4744913.8263000026],[-8826101.1558999997,4744886.1612000018],[-8826101.6752000004,4744858.5706999972],[-8826098.1932999995,4744834.8457999974],[-8826098.7126000002,4744807.2555000037],[-8826099.1576000005,4744783.6079000011],[-8826099.3801000006,4744771.7820999995],[-8826100.1960000005,4744728.4246999994],[-8826128.1521000005,4744529.5917000026],[-8826153.6552000009,4744359.8373999968],[-8826214.7544,4744195.2405000031],[-8826224.1498000007,4744170.1220000014],[-8826316.8672000002,4743989.2018000036],[-8826318.8932000007,4743609.3625999987],[-8826347.9182999991,4743153.0513999984],[-8826405.1929000001,4742825.6194000021],[-8826562.8330000006,4742325.5820000023],[-8826694.7148000002,4741835.3445999995],[-8826784.9362000003,4741385.3998999968],[-8826816.0605999995,4741088.320600003],[-8826763.4129000008,4740897.439199999],[-8826649.4543999992,4740705.4023000002],[-8826487.9759,4740594.5784000009],[-8826268.4675999992,4740580.1590000018],[-8826240.6010999996,4740587.8178000003],[-8826235.9276999999,4740587.8561000004],[-8826104.4730999991,4740620.2613999993],[-8826011.1150000002,4740692.3902999982],[-8825960.8679000009,4740755.0731000006],[-8825944.9393000007,4740840.987999998],[-8825933.2138999999,4740920.8249000013],[-8825959.5868999995,4741040.389200002],[-8825984.7276000008,4741116.8215000033],[-8826003.7370999996,4741193.1379000023],[-8826010.5995000005,4741263.0658999979],[-8826002.8073999994,4741351.1922999993],[-8825968.5603,4741432.6589000002],[-8825918.4250000007,4741489.1893000007],[-8825821.2017000001,4741548.931400001],[-8825707.8191999998,4741598.1013000011],[-8825629.4535000008,4741633.5650999993],[-8825555.3686999995,4741658.8448999971],[-8825511.8651000001,4741688.811999999],[-8825405.8805999998,4741779.179399997],[-8825318.4837999996,4741859.635300003],[-8825290.8870000001,4741893.690200001],[-8825272.2138,4741911.003200002],[-8825098.2489999998,4742189.9812000021],[-8824872.5891999993,4742498.7739999965],[-8824641.7080000006,4742812.6040999964],[-8824477.7089000009,4743048.3262000009],[-8824383.2654999997,4743134.5260000005],[-8824030.7596000005,4743607.0763999969],[-8823550.6064999998,4744220.5368999988],[-8823299.2291000001,4744533.7744999975],[-8822828.0797000006,4745138.4680999964],[-8822425.5895000007,4745650.4130000025],[-8822271.8945000004,4745851.806400001],[-8822211.5952000003,4745946.0688999966],[-8822112.5343999993,4746222.2751000002],[-8822056.8916999996,4746456.5390999988],[-8821940.2865999993,4746758.0920000002],[-8821825.1561999992,4746982.6547999978],[-8821545.8146000002,4747323.8530000001],[-8821184.5106000006,4747714.8132999986],[-8820858.5066999998,4748042.2687999979],[-8820501.3198000006,4748311.0319000036],[-8820243.2705000006,4748471.2515999973],[-8819848.1765999999,4748753.5816000029],[-8819610.9973000009,4748999.1608000025],[-8819165.9190999996,4749577.996100001],[-8818886.7665999997,4749936.1598000005],[-8818519.7742999997,4750557.0764999986],[-8818138.7609000001,4751254.0028999969],[-8817848.2126000002,4751719.1705000028],[-8817488.9320999999,4752208.6748000011],[-8817124.0031000003,4752766.5829000026],[-8816864.3874999993,4753172.4600000009],[-8816525.2210000008,4753718.0653000027],[-8816156.8727000002,4754442.9606000036],[-8815753,4755235.7040999979],[-8815372.5990999993,4755917.6064999998],[-8815039.7363000009,4756566.2296999991],[-8814720.8209000006,4757155.1952000037],[-8814394.0036999993,4757923.9417999983],[-8814148.9708999991,4758441.6291000023],[-8813818.0058999993,4758987.5872000009],[-8813657.8948999997,4759256.1944999993],[-8813440.8483000007,4759652.5596999973],[-8813079.1673000008,4760236.4975000024],[-8812694.2692000009,4760700.003700003],[-8812238.1305,4761307.7582999989],[-8811748.3263000008,4761889.1265999973],[-8811283.8912000004,4762479.5952000022],[-8810995.3125,4762816.5351999998],[-8810686.1514999997,4763324.494599998],[-8810269.8169,4764061.7216000035],[-8809871.0173000004,4764773.6264000013],[-8809399.8272999991,4765681.2673999965],[-8809078.4340000004,4766360.5560000017],[-8808688.8764999993,4767029.8881999999],[-8808307.0961000007,4767733.7137999982],[-8807621.4924999997,4768834.3286999986],[-8807102.3339000009,4769646.8664000034],[-8806412.4770999998,4770774.9641999975],[-8805996.6754999999,4771538.6383000016],[-8805808.9888000004,4772015.1169999987],[-8805585.3946000002,4772573.2226999998],[-8805344.9441,4773282.0117999986],[-8805137.9854000006,4773696.3699999973],[-8804825.3228999991,4774259.5310000032],[-8804570.0460000001,4774693.4892999977],[-8804364.0368000008,4775059.8496999964],[-8804109.2979000006,4775466.378200002],[-8803770.9182999991,4775946.6626000032],[-8803453.4489999991,4776406.8047000021],[-8803198.4930000007,4776820.2251000032],[-8802849.8377,4777458.2650000006],[-8802509.2871000003,4778034.6978999972],[-8802275.7839000002,4778400.5454000011],[-8802027.1262999997,4778834.7553000003],[-8801764.9177999999,4779261.8175000027],[-8801446.0766000003,4779776.9638999999],[-8801115.5822000001,4780195.7084000036],[-8800807.7829,4780511.9108999968],[-8800407.3758000005,4780997.8461000025],[-8800077.5361000001,4781382.2709999979],[-8799692.8087000009,4781772.3774999976],[-8799502.5208999999,4782029.3074000031],[-8799219.0077999998,4782483.4541999996],[-8799041.0383000001,4782802.4974000007],[-8798733.2448999994,4783427.9126000032],[-8798526.3923000004,4783815.0596000031],[-8798355.6640000008,4784113.6753999963],[-8798242.3362000007,4784289.860799998],[-8798094.2025000006,4784492.7735999972],[-8797898.0248000007,4784701.5077999979],[-8797604.5653000008,4784976.8304999992],[-8797401.5264999997,4785185.4143000022],[-8797211.5636,4785421.7753000036],[-8797069.7844999991,4785645.4526000023],[-8796948.8247999996,4785855.8454999998],[-8796772.3726000004,4786099.3838],[-8796511.0994000006,4786464.7713999972],[-8796045.6480999999,4787086.8484999985],[-8795420.8267000001,4788104.1111999974]]},"properties":{"objectid":8844,"elev":3300,"st_length(shape)":144327.78814838384}},{"type":"Feature","id":8850,"geometry":{"type":"LineString","coordinates":[[-8855811.4886000007,4730869.3980000019],[-8855374.6830000002,4731649.1471000016],[-8854555.3017999995,4733071.933799997],[-8853933.7901000008,4733953.7339999974],[-8852812.8012000006,4735017.6435000002],[-8851911.8951999992,4735789.983099997],[-8850939.4374000002,4736534.882100001],[-8850127.5298999995,4736851.9108999968],[-8849920.8265000004,4736892.814199999],[-8849653.1239999998,4736959.753700003],[-8849330.9341000002,4737097.1626000032],[-8849052.8631999996,4737253.1447999999],[-8848918.0676000006,4737340.1618999988],[-8848361.0251000002,4737587.5518999994],[-8847958.9801000003,4737797.302199997],[-8847367.2688999996,4738016.9698000029],[-8846730.4670000002,4738196.4813999981],[-8846272.0003999993,4738260.8881999999],[-8845335.5655000005,4738382.747299999],[-8844804.3381999992,4738498.3338999972],[-8844560.8596000001,4738599.1411999986],[-8844088.9067000002,4739070.0006000027],[-8843926.1965999994,4739414.9506999999],[-8843611.3444999997,4740249.4193999991],[-8843138.9498999994,4741120.6014000028],[-8843022.3622999992,4741440.1512999982],[-8842489.9493000004,4741547.5053000003],[-8842138.8038999997,4741675.7586999983],[-8841921.5521000009,4741798.4277999997],[-8841655.9296000004,4742138.9012999982],[-8841000.3202,4742725.4790000021],[-8840827.3050999995,4742867.3518000022],[-8840686.4037999995,4742972.9020000026],[-8840437.3537000008,4743110.804899998],[-8840106.0134999994,4743302.5854000002],[-8839796.0163000003,4743623.8356999978],[-8839360.7124000005,4744206.3615999967],[-8838789.8102000002,4744736.4354000017],[-8838373.8533999994,4745108.5116000026],[-8837990.8184999991,4745249.2729000002],[-8837482.0625,4745471.8445999995],[-8837423.6776000001,4745564.0477000028],[-8837352.6720000003,4745640.4848999977],[-8837009.7739000004,4745959.1006999984],[-8836096.7403999995,4746425.0050000027],[-8835462.6658999994,4747142.4108000025],[-8834437.7905000001,4748128.5458000004],[-8834167.3548000008,4748254.9717999995],[-8833727.6262999997,4748338.9064000025],[-8833092.2149999999,4748392.9780000001],[-8832395.8010000009,4748564.0978000015],[-8831875.3066000007,4748771.2481999993],[-8830691.8960999995,4749813.3448000029],[-8830270.1204000004,4749982.8567999974],[-8829397.6151000001,4750222.7383999974],[-8828804.2256000005,4750651.3866000026],[-8828664.7307999991,4750702.6212000027],[-8828504.4814999998,4750668.2074000016],[-8827846.4630999994,4750485.3364000022],[-8827600.9372000005,4750374.5165999979],[-8827455.3938999996,4750338.4079999998],[-8827164.4169999994,4750172.0962999985],[-8827131.0123999994,4750125.9996000007],[-8827106.8551000003,4750100.8145999983],[-8827034.4047999997,4750035.751699999],[-8826945.5134999994,4749974.4873000011],[-8826812.1591999996,4749883.616899997],[-8826727.4002,4749820.375],[-8826611.1475000009,4749690.7898000032],[-8826501.2659000009,4749548.9984000027],[-8826391.4260000009,4749405.1539999992],[-8826305.4416000005,4749189.8559999987],[-8826247.5943,4749001.803199999],[-8826223.4799000006,4748760.9791999981],[-8826219.4333999995,4748541.0851000026],[-8826248.4570000004,4748412.2126000002],[-8826313.4082999993,4748238.8841999993],[-8826318.2925000004,4748167.4165000021],[-8826322.8138999995,4748135.9486000016],[-8826327.2572000008,4748108.4223999977],[-8826379.0506999996,4747860.9231999964],[-8826383.1271000002,4747853.1108999997],[-8826383.2011999991,4747849.1696000025],[-8826387.2749000005,4747841.3574000001],[-8826486.7051999997,4747567.1574999988],[-8826629.5428999998,4747281.951700002],[-8826776.2986999992,4746996.8294999972],[-8826923.0474999994,4746711.7091000006],[-8827050.1539999992,4746426.2248999998],[-8827130.2901000008,4746131.9738000035],[-8827171.3048999999,4745829.1070000008],[-8827172.9925999995,4745545.0245999992],[-8827220.5397999994,4745247.3759000003],[-8827242.0066999998,4745054.9350000024],[-8827334.6384999994,4744639.6083000004],[-8827396.4282000009,4744201.2950000018],[-8827398.7739000004,4744075.7775000036],[-8827401.0358000007,4743954.7441999987],[-8827397.6290000007,4743943.0305000022],[-8827401.6578000002,4743911.9491999969],[-8827411.7788999993,4743808.1005999967],[-8827442.0031000003,4743649.8752000034],[-8827502.4653999992,4743478.5324999988],[-8827569.9787000008,4743367.5552999973],[-8827668.4434999991,4743205.1447999999],[-8827713.2105999999,4743120.699000001],[-8827754.7872000001,4743005.7492000014],[-8827833.8593000006,4742711.686499998],[-8828098.4874000009,4742002.4472000003],[-8828232.4931000005,4741636.7608999982],[-8828345.7463000007,4741368.8596000001],[-8828543.784,4740860.5939999968],[-8828795.0299999993,4740118.4170999974],[-8829067.0522000007,4739383.6875],[-8829218.2095999997,4738951.7617999986],[-8829517.6375999991,4738242.1539999992],[-8829850.5025999993,4737610.3275000006],[-8830131.5656000003,4737135.3056999967],[-8830354.0480000004,4736617.1512999982],[-8830506.7949999999,4736283.4919999987],[-8830604.6810999997,4736085.5187999979],[-8830809.0039000008,4735412.8618000001],[-8831005.1657999996,4734803.1753000021],[-8831083.0265999995,4734363.0521000028],[-8831158.1601999998,4733880.8462999985],[-8831200.9268999994,4733450.6268000007],[-8831214.1802999992,4733107.4792999998],[-8831345.5261000004,4732412.6388999969],[-8831508.3462000005,4731904.1083000004],[-8831676.9123,4731462.2695999965],[-8831853.5233999994,4730961.0402000025],[-8831908.5194000006,4730814.9161999971],[-8832122.9616999999,4730342.4316999987],[-8832329.5181000009,4729918.8596000001],[-8832529.2727000006,4729484.6682000011],[-8833045.7665999997,4728509.8879999965],[-8833267.7827000003,4728191.7210000008],[-8833495.8110000007,4727926.2006999999],[-8834337.1315000001,4726915.3814999983],[-8834756.1921999995,4726495.7444999963],[-8835066.1433000006,4726130.1652000025],[-8835432.2873999998,4725741.0904000029],[-8835641.9002,4725524.2713999972],[-8835644.4582000002,4725380.7628000006],[-8835593.3537000008,4725313.319600001],[-8835454.6637999993,4725268.8105000034],[-8835325.3706,4725283.990199998],[-8834962.6839000005,4725480.5306999981],[-8834317.5763000008,4725868.0339000002],[-8834014.7686000001,4726223.2053000033],[-8833564.8313999996,4726806.8216999993],[-8833102.9318000004,4727663.3915000036],[-8832697.7608000003,4728465.0097000003],[-8832323.5921999998,4729284.7547999993],[-8832190.2983999997,4729516.9922999963],[-8831574.7609999999,4730553.9849999994],[-8831298.0852000006,4731148.181400001],[-8831015.5327000003,4731787.623999998],[-8830765.2465000004,4732306.8121000007],[-8830447.6140999999,4732940.6253999993],[-8830183.5958999991,4733112.0342999995],[-8830100.7800999992,4733247.9500999972],[-8830077.0715999994,4733280.384300001],[-8830065.0196000002,4733295.9145999998],[-8830012.3776999991,4733385.5247000009],[-8829967.6484999992,4733471.3438000008],[-8829947.0987,4733522.1635000035],[-8829906.0734999999,4733619.8677999973],[-8829893.4408,4733666.8976999968],[-8829868.3176000006,4733753.0812000036],[-8829851.2542000003,4733827.6004000008],[-8829838.6922999993,4733870.6938999966],[-8829812.9125999995,4733992.315200001],[-8829791.2027000003,4734106.1385999992],[-8829778.4963000007,4734157.108099997],[-8829765.4231000002,4734227.7641000003],[-8829740.2247000001,4734317.8906999975],[-8829731.7295999993,4734353.1824999973],[-8829719.0186999999,4734404.1519000009],[-8829698.1777999997,4734470.7273999974],[-8829652.4257999994,4734611.6818000004],[-8829599.0468000006,4734740.6762000024],[-8829598.9015999995,4734748.5530000031],[-8829541.5266999993,4734881.4148999974],[-8829480.2997999992,4735010.2688999996],[-8829411.2977000009,4735135.0389000028],[-8829346.2937000003,4735255.9438000023],[-8829277.2919999994,4735380.7158000022],[-8829208.3614000008,4735501.5521000028],[-8829135.5057999995,4735622.3149000034],[-8829127.3690000009,4735637.920599997],[-8829107.1771000009,4735669.0604000017],[-8829103.1081000008,4735676.8632000014],[-8829058.9449000005,4735731.1912999973],[-8829047.0328000002,4735738.8479000032],[-8828995.0220999997,4735793.0306999981],[-8828943.3051999994,4735831.4600000009],[-8828915.4124999996,4735854.5759999976],[-8828895.5087000001,4735869.9636000022],[-8828843.9367999993,4735900.5150000006],[-8828836.0208000001,4735904.3079999983],[-8828824.1056999993,4735911.9644000009],[-8828824.0328000002,4735915.9025999978],[-8828820.1131999996,4735915.829400003],[-8828776.4570000004,4735942.5901999995],[-8828725.0277999993,4735965.2677000016],[-8828673.6753000002,4735984.0055000037],[-8828618.3978000004,4736002.6696999967],[-8828563.1214000005,4736021.3324000016],[-8828511.7670000009,4736040.0719000027],[-8828476.1732999999,4736055.1627999991],[-8828460.3368999995,4736062.7456],[-8828412.7594000008,4736089.4319999963],[-8828369.1027000006,4736116.1916000023],[-8828325.3713000007,4736146.8905000016],[-8828285.5606999993,4736177.6614999995],[-8828241.7595000006,4736212.2971000001],[-8828201.8738000002,4736247.0075000003],[-8828169.9855000004,4736273.9871999994],[-8828162.0662999991,4736277.7797000036],[-8828098.2105999999,4736335.6757000014],[-8828030.4290999994,4736393.5006000027],[-8827962.7227999996,4736447.387000002],[-8827898.8648000006,4736505.2853000015],[-8827858.9781999998,4736539.9940000027],[-8827835.0048999991,4736563.1821999997],[-8827767.1497000009,4736624.9434999973],[-8827703.2869000006,4736682.8413999975],[-8827635.5768999998,4736736.7272000015],[-8827571.7152999993,4736794.6247999966],[-8827559.7982999999,4736802.2804000005],[-8827519.9119000006,4736836.9887999967],[-8827484.0960000008,4736863.8938999996],[-8827472.1078999992,4736875.4878999963],[-8827420.3784999996,4736913.9130000025],[-8827396.5490000006,4736929.2238999978],[-8827368.6499000005,4736952.3394000009],[-8827312.9984000009,4736990.6904999986],[-8827261.2664999999,4737029.1163000017],[-8827229.4454999994,4737052.1551999971],[-8827209.5366999991,4737067.5410000011],[-8827205.4656000007,4737075.3440999985],[-8827189.6280000005,4737082.9257000014],[-8827161.8015999999,4737102.1010000035],[-8827137.8977000006,4737121.3501000032],[-8827121.9863000009,4737132.8713999987],[-8827110.0711000003,4737140.5253000036],[-8827094.2333000004,4737148.1067000031],[-8827082.2444000002,4737159.7018000036],[-8827066.4052000009,4737167.2818000019],[-8827062.4089000002,4737171.1476999968],[-8827038.5784000009,4737186.4582000002],[-8827030.5869999994,4737194.1886000037],[-8827002.6863000002,4737217.300999999],[-8826990.7684000004,4737224.9562000036],[-8826974.7854999993,4737240.4158999994],[-8826946.8846000005,4737263.5282000005],[-8826946.8109000009,4737267.4680999964],[-8826918.7623999994,4737298.4588000029],[-8826862.5872000009,4737364.3801999986],[-8826785.9912999999,4737473.2568000033],[-8826717.0905000009,4737590.1582000032],[-8826704.7290000003,4737621.4469000027],[-8826659.7311000004,4737719.1014999971],[-8826610.0735999998,4737856.0709000006],[-8826584.9087000005,4737942.2817000002],[-8826568.0376999993,4738005.0081999972],[-8826522.1513,4738149.9329999983],[-8826505.4234999996,4738204.7811999992],[-8826480.1828000005,4738294.9350000024],[-8826430.4460000005,4738435.8487000018],[-8826422.2288000006,4738455.3967000023],[-8826389.2182,4738541.4636000022],[-8826344.2882000003,4738635.186300002],[-8826291.5084000006,4738728.7599000037],[-8826234.9549000002,4738814.3825000003],[-8826170.6279000007,4738895.9178000018],[-8826166.6305999998,4738899.7840000018],[-8826094.5285999998,4738977.2300999984],[-8826014.5800999999,4739054.5275000036],[-8826010.6555000003,4739054.4531000033],[-8825998.6643000003,4739066.0490000024],[-8825962.7586000003,4739096.8933999985],[-8825926.9306000005,4739123.7986000031],[-8825899.0219999999,4739146.9145999998],[-8825855.2701999992,4739177.6085999981],[-8825843.2774999999,4739189.204400003],[-8825767.6927000005,4739242.941200003],[-8825732.0091999993,4739268.3087000027],[-8825650.8362000007,4739319.8998000026],[-8825314.9408999998,4739774.9341999963],[-8825022.6730000004,4740194.2911999971],[-8824852.3881000001,4740456.6300999969],[-8824728.6308999993,4740644.5693000033],[-8824544.0103999991,4740932.7022999972],[-8824406.7762000002,4741106.4752999991],[-8824283.7134000007,4741266.5483999997],[-8824101.6704999991,4741509.3282999992],[-8823917.2487000003,4741785.2512999997],[-8823741.9772999994,4742036.9003000036],[-8823556.1295999996,4742295.3360999972],[-8823405.6203000005,4742524.7594000027],[-8823224.8057000004,4742792.0319999978],[-8823035.4189999998,4743052.1555999964],[-8822802.9113999996,4743383.0732000023],[-8822711.6031999998,4743517.5709000006],[-8822506.1341999993,4743798.3558999971],[-8822368.3231000006,4743998.3431999981],[-8822214.0811999999,4744238.1966999993],[-8822034.7753999997,4744514.2568000033]]},"properties":{"objectid":8850,"elev":3520,"st_length(shape)":88499.100275535922}},{"type":"Feature","id":8862,"geometry":{"type":"LineString","coordinates":[[-8846433.5732000005,4757571.242899999],[-8846627.5702,4757335.6485000029],[-8846730.1535999998,4757207.0882999972],[-8846889.5332999993,4757008.1378000006],[-8847156.2687999997,4756671.4047999978],[-8847290.8958000001,4756473.5908000022],[-8847449.0978999995,4756251.3602000028],[-8847702.0771999992,4755903.5483999997],[-8847846.2852999996,4755685.740699999],[-8848085.5973000005,4755322.1992999986],[-8848212.4925999995,4755122.7179000005],[-8848429.4375999998,4754802.2351000011],[-8848568.7239999995,4754599.8655000031],[-8848692.2806000002,4754414.2929000035],[-8848902.4530999996,4754127.8238999993],[-8849069.6923999991,4753915.0732999966],[-8849125.4532999992,4753812.1101000011],[-8849352.9638999999,4753409.6423000023],[-8849458.5283000004,4753189.6688999981],[-8849474.3455999997,4753073.6407999992],[-8849635.7815000005,4752742.9671000019],[-8849781.8640999999,4752593.4504999965],[-8849802.2368999999,4752568.2368000001],[-8849864.1537999995,4752474.4177000001],[-8849899.1627999991,4752420.1950000003],[-8849943.9033000004,4752344.7263000011],[-8849999.6503999997,4752222.3439000025],[-8850061.6887999997,4752080.3724000007],[-8850104.2148000002,4752004.1235999987],[-8850121.4053000007,4751962.2686000019],[-8850205.2712999992,4751788.4813999981],[-8850316.0976999998,4751585.4263999984],[-8850427.1919999998,4751460.5800999999],[-8850517.6279000007,4751360.4161999971],[-8850601.3195999991,4751291.4210999981],[-8850654.0185000002,4751212.5289999992],[-8850854.0021000002,4750985.9305000007],[-8850915.8615000006,4750918.1384000033],[-8850963.7819999997,4750845.4244000018],[-8851183.3838,4750561.2868999988],[-8851255.5273000002,4750435.8013999984],[-8851314.5728999991,4750349.1974999979],[-8851415.3286000006,4750188.2164999992],[-8851488.0605999995,4749956.7547999993],[-8851604.2943999991,4749756.5873999968],[-8851656.7426999994,4749626.0887999982],[-8851738.9858999997,4749416.929399997],[-8851825.4879999999,4749254.9968999997],[-8851903.2470999993,4749114.8147],[-8851968.9651999995,4748992.9604000002],[-8852032.5607999992,4748795.2933999971],[-8852114.3236999996,4748614.7670999989],[-8852172.1921999995,4748555.503700003],[-8852270.2314999998,4748309.1651000008],[-8852305.1316999998,4748225.5424999967],[-8852400.8541999999,4748114.2902000025],[-8852552.9399999995,4747939.9738999978],[-8852605.9118000008,4747775.8259999976],[-8852693.1268000007,4747469.4131999984],[-8852736.0429999996,4747353.3730999976],[-8852785.7103000004,4747188.623999998],[-8852841.4254000001,4746914.9083999991],[-8853014.7117999997,4746505.8105999976],[-8853020.6938000005,4746498.9921000004],[-8853053.7602999993,4746423.5753000006],[-8853177.8168000001,4746232.6850000024],[-8853387.1592999995,4746047.9466999993],[-8853478.3058000002,4745985.126699999],[-8853549.7665999997,4745893.8801999986],[-8853559.2825000007,4745817.3545000032],[-8853550.8501999993,4745598.5235999972],[-8853574.1743000001,4745530.2436000034],[-8853558.1614999995,4745463.0419000015],[-8853554.5824999996,4745366.862999998],[-8853634.3639000002,4745189.6507000029],[-8853834.6702999994,4745064.5348000005],[-8853879.4638999999,4744963.5072000027],[-8853905.0350000001,4744893.3623000011],[-8853932.4531999994,4744803.3074000031],[-8853979.9723000005,4744603.1413000003],[-8854004.6794000007,4744491.5710999966],[-8854064.7338999994,4744366.7701999992],[-8854182.0068999995,4744198.4161000028],[-8854204.3964000009,4744135.8931000009],[-8854199.0748999994,4744086.7264000028],[-8854184.2705000006,4744057.3452999964],[-8854157.3965000007,4744018.5665000007],[-8854159.4896000009,4743983.3238999993],[-8854236.4852000009,4743849.5996999964],[-8854256.8299000002,4743819.2540000007],[-8854326.6575000007,4743751.3650999963],[-8854454.5023999996,4743495.3127000034],[-8854528.5306000002,4743201.3827999979],[-8854593.2183999997,4742787.8213],[-8854707.8435999993,4742478.7267000005],[-8854880.8209000006,4742151.1467999965],[-8855008.5359000005,4741829.3237000033],[-8855045.227,4741551.386500001],[-8855045.2960999999,4741358.6547000036],[-8855045.7360999994,4741331.0688000023],[-8855046.1762000006,4741303.4843999967],[-8855042.9430999998,4741260.0744000003],[-8855043.6346000005,4741216.7277000025],[-8855044.3890000004,4741169.4381000027],[-8855049.0052000005,4741126.1561999992],[-8855049.3194999993,4741106.4521000013],[-8855049.8223999999,4741074.927699998],[-8855053.8728,4741067.1097000018],[-8855063.2305999994,4740972.6608000025],[-8855076.1985999998,4740897.9808000028],[-8855072.6707000006,4740859.5195999965],[-8855083.1272,4740716.1391000003],[-8855143.2893000003,4740657.6367999986],[-8855233.1638999991,4740657.0301000029],[-8855240.1680999994,4740550.7136000022],[-8855226.0282000005,4740522.4069000036],[-8855216.6068999991,4740491.2765000015],[-8855188.5114999991,4740408.8003000021],[-8855134.6214000005,4740304.5835999995],[-8855101.5296999998,4740241.1428999975],[-8855094.9188999999,4740216.4195000008],[-8855083.7743999995,4740176.8281999975],[-8855080.4784999993,4740137.3619000018],[-8855085.0939000007,4740094.0816999972],[-8855097.5578000005,4740050.9305000007],[-8855113.9458000008,4740007.8400000036],[-8855130.3335999995,4739964.7509000003],[-8855146.5969999991,4739929.5408999994],[-8855146.6598000005,4739925.6008000001],[-8855146.7226,4739921.6607000008],[-8855158.9334999993,4739894.2691999972],[-8855167.0971000008,4739874.6947999969],[-8855171.1469000001,4739866.877700001],[-8855183.4217000008,4739835.5450000018],[-8855187.5342999995,4739823.7877999991],[-8855195.6964999996,4739804.2136000022],[-8855207.9083999991,4739776.8224000037],[-8855220.1830000002,4739745.4897999987],[-8855232.5831000004,4739706.2787000015],[-8855236.7583000008,4739690.5816000029],[-8855252.3650000002,4739638.8853999972],[-8855313.3910000008,4739496.5842000023],[-8855369.3335999995,4739132.4512000009],[-8855374.5408999994,4738805.2766999975],[-8855391.4788000006,4738528.6459000036],[-8855321.2931999993,4738212.866899997],[-8855226.4495999999,4737871.5302999988],[-8855092.4145999998,4737630.2556999996],[-8855057.5664000008,4737610.868900001],[-8854993.9718999993,4737515.4070999995],[-8854770.8256999999,4737360.7971000001],[-8854664.8508000001,4737319.6451999992],[-8854583.6687000003,4737307.4425999969],[-8854487.2366000004,4737292.946800001],[-8854423.5506999996,4737298.4134000018],[-8854318.7903000005,4737316.3905000016],[-8854261.4805999994,4737361.3574000001],[-8854186.5174000002,4737421.3364000022],[-8854065.0867999997,4737528.6422000006],[-8853975.2048000004,4737568.7107999995],[-8853954.8245000001,4737582.0969000012],[-8853948.4787000008,4737594.3423999995],[-8853906.7664999999,4737628.7945000008],[-8853901.0044,4737642.0724999979],[-8853874.5156999994,4737654.8387999982],[-8853744.7659000009,4737686.8844000027],[-8853509.3390999995,4737734.2876999974],[-8853299.0611000005,4737792.2572999969],[-8853248.2698999997,4737798.8263000026],[-8853085.4193999991,4737870.819600001],[-8853082.8967000004,4737872.4209999964],[-8853061.5085000005,4737877.2600999996],[-8852883.6557,4737939.2454999983],[-8852688.1926000006,4738038.5041000023],[-8852365.9232000001,4738197.1561999992],[-8852068.6654000003,4738281.0815000013],[-8852032.2207999993,4738292.8350000009],[-8851808.2806000002,4738318.1247999966],[-8851195.0328000002,4738316.9741000012],[-8850439.4717999995,4738322.358099997],[-8850021.1199999992,4738360.0522999987],[-8849626.1873000003,4738594.4488999993],[-8849027.9371000007,4738981.8652999997],[-8848850.4019000009,4739077.0552000031],[-8848574.5111999996,4739306.378200002],[-8848314.8153000008,4739540.877700001],[-8848046.4256999996,4739702.7809000015],[-8847744.8509,4739810.5904000029],[-8847546.3884999994,4739834.1279999986],[-8847423.6576000005,4739810.5625],[-8847419.1120999996,4739807.0183999985],[-8847148.5700000003,4739756.7537999973],[-8847050.3698999994,4739782.9090000018],[-8846970.4175000004,4739862.7039000019],[-8846802.6300000008,4740116.443400003],[-8846798.2521000002,4740126.9177000001],[-8846794.1297999993,4740138.672799997],[-8846786.1493999995,4740146.4189999998],[-8846773.9792999998,4740169.8615999967],[-8846765.9342,4740181.5478999987],[-8846757.9537000004,4740189.2965999991],[-8846585.7953999992,4740359.6097000018],[-8846363.4257999994,4740447.6182999983],[-8846158.9317000005,4740604.7575000003],[-8845845.3071999997,4740909.179399997],[-8845533.7950999998,4741087.4381000027],[-8845430.4722000007,4741116.2716000006],[-8845331.4736000001,4741114.5842999965],[-8845284.0702999998,4741113.7760000005],[-8845227.8178000003,4741125.9470999986],[-8845040.4803999998,4741161.8093999997],[-8844828.9461000003,4741248.0328999981],[-8844714.7032999992,4741332.0116999969],[-8844584.2388000004,4741454.7731000036],[-8844577.1994000003,4741456.2776999995],[-8844575.2667999994,4741461.1416999996],[-8844509.2357000001,4741536.4971999973],[-8844393.3768000007,4741630.1203000024],[-8844195.7287000008,4741829.4233999997],[-8843986.8443999998,4742017.059799999],[-8843769.8794999998,4742231.3281999975],[-8843488.9521999992,4742398.5983000025],[-8843331.5120999999,4742472.3769000024],[-8843180.7038000003,4742603.6388000026],[-8842833.3783999998,4743087.2119999975],[-8842767.4550000001,4743154.9196999967],[-8842662.5927000009,4743271.6775999963],[-8842186.4979999997,4743628.7511000037],[-8841683.5149000008,4743883.4809999987],[-8841436.8961999994,4744032.0024999976],[-8841276.7991000004,4744184.6661999971],[-8841193.7371999994,4744283.3420000002],[-8841126.5063000005,4744377.0247000009],[-8841059.3197000008,4744468.0737000033],[-8840963.5012999997,4744545.4474000037],[-8840803.9378999993,4744666.5001000017],[-8840659.8835000005,4744800.998499997],[-8840614.0453999992,4744871.3418999985],[-8840421.3381999992,4745086.6753000021],[-8840187.3774999995,4745259.1216999963],[-8840086.9408,4745299.5191999972],[-8839783.7847000007,4745526.0830999985],[-8839532.6464000009,4745773.3147],[-8839464.4960999992,4745833.3040999994],[-8839246.3407000005,4745986.9135000035],[-8839168.9404000007,4746045.7924999967],[-8839000.4262000006,4746245.4628999978],[-8838904.7397000007,4746413.560800001],[-8838889.2552000005,4746518.7229999974],[-8838895.1105000004,4746573.5991000012],[-8838902.6897999998,4746607.9663000032],[-8838911.6566000003,4746640.9887000024],[-8838911.2719999999,4746662.8910999969],[-8838906.7251999993,4746688.8280000016],[-8838896.9409999996,4746702.3479999974],[-8838871.9432999995,4746727.922799997],[-8838835.6294999998,4746776.5760999992],[-8838809.0515999999,4746814.4470999986],[-8838793.7280999999,4746835.311300002],[-8838778.4502000008,4746859.8828999996],[-8838774.4556000009,4746863.755900003],[-8838754.1989999991,4746898.8893000036],[-8838750.2017999999,4746902.7635999992],[-8838705.6908,4746976.9089000002],[-8838657.2551000006,4747050.9811000004],[-8838645.1951000001,4747066.5424999967],[-8838608.8853999991,4747121.1121999994],[-8838560.5150000006,4747191.2449000031],[-8838508.2879000008,4747257.3642000034],[-8838504.2905000001,4747261.238499999],[-8838459.9856000002,4747323.5571999997],[-8838407.6876999997,4747393.6194999963],[-8838355.4597999994,4747459.7405999973],[-8838307.0847999994,4747529.8729000017],[-8838254.8554999996,4747595.9930000007],[-8838202.6911999993,4747658.1730000004],[-8838146.7397000007,4747712.3950000033],[-8838110.8422999997,4747743.3078999966],[-8838102.7784000002,4747754.9993000031],[-8838078.8690000009,4747774.2930999994],[-8838062.9525000006,4747785.8422000036],[-8838054.9606999997,4747793.5895999968],[-8838027.1240999997,4747812.813500002],[-8838009.0700000003,4747825.9144999981],[-8837977.6962000001,4747845.1402999982],[-8837843.6632000003,4747904.3809999973],[-8837745.0526000001,4747927.2749999985],[-8837652.6865999997,4747944.1168000028],[-8837562.0746999998,4747977.4230000004],[-8837489.8704000004,4748011.057099998],[-8837414.7109999992,4748095.9946999997],[-8837372.7126000002,4748156.873300001],[-8837319.5770999994,4748268.9108000025],[-8837260.8504000008,4748350.0342999995],[-8837173.0862000007,4748453.2368000001],[-8837079.0178999994,4748549.3726999983],[-8837071.1405999996,4748557.0050000027],[-8837051.2233000007,4748572.4262000024],[-8837027.3111000005,4748591.7216000035],[-8837019.3840999994,4748595.5253999978],[-8836987.5485999994,4748618.6221000031],[-8836983.5881999992,4748620.3498999998],[-8836959.6758999992,4748639.6424999982],[-8836939.8281999994,4748651.1203999966],[-8836927.9063000008,4748658.7972000018],[-8836904.0625999998,4748674.1491999999],[-8836876.2214000002,4748693.3703000024],[-8836844.3815000001,4748716.4692000002],[-8836812.6115000006,4748735.6209999993],[-8836808.6842,4748735.5505999997],[-8836780.7726000007,4748758.7198000029],[-8836752.9297000002,4748777.9417999983],[-8836721.0905000009,4748801.0367999971],[-8836701.1045999993,4748820.4021999985],[-8836693.1071000006,4748828.1503000036],[-8836665.1248000003,4748855.2600999996],[-8836649.1348999999,4748870.748800002],[-8836637.1424000002,4748882.3698000014],[-8836633.1475000009,4748886.2399000004],[-8836621.0822999999,4748901.8030000031],[-8836609.0196000002,4748917.3646000028],[-8836600.8855000008,4748932.9981999993],[-8836596.8866000008,4748936.8708999977],[-8836584.6834999993,4748960.3193000033],[-8836576.5493000001,4748975.9513999969],[-8836572.4815999996,4748983.7661999986],[-8836564.1329999994,4749011.2283999994],[-8836560.0678000003,4749019.0471000001],[-8836551.8607999999,4749038.6215000004],[-8836543.6549999993,4749058.1982000023],[-8836543.5146999992,4749066.0835999995],[-8836531.3125,4749089.5346999988],[-8836527.1732000001,4749101.2929999977],[-8836523.0339000002,4749113.0525000021],[-8836510.9019000009,4749132.5591000021],[-8836498.8387000002,4749148.1221000031],[-8836498.7685000002,4749152.063000001],[-8836494.7696000002,4749155.936999999],[-8836490.7719000001,4749159.8100000024],[-8836482.7063999996,4749171.4990999997],[-8836474.7123000007,4749179.2436000034],[-8836470.7849000003,4749179.1730000004],[-8836462.7167000007,4749190.8620999977],[-8836454.7226,4749198.6090999991],[-8836450.7950999998,4749198.5385999978],[-8836438.8019999992,4749210.1572000012],[-8836422.9503000006,4749217.7629999965],[-8836407.0296999998,4749229.3110999987],[-8836387.2531000003,4749236.8439999968],[-8836379.3266000003,4749240.6475000009],[-8836367.4738999996,4749244.3791999966],[-8836347.6945999991,4749251.9133000001],[-8836331.7764999997,4749263.4598999992],[-8836315.9245999996,4749271.0671000034],[-8836307.9277999997,4749278.8113999963],[-8836300.0037999991,4749282.6136000007],[-8836288.0808000006,4749290.2873999998],[-8836272.1599000003,4749301.8352999985],[-8836260.2367000002,4749309.5129999965],[-8836248.2407000009,4749321.1300000027],[-8836236.2471999992,4749332.748499997],[-8836232.3223000001,4749332.6779000014],[-8836220.3965000007,4749340.3542999998],[-8836208.4030000009,4749351.9726999998],[-8836204.4077000003,4749355.8443000019],[-8836172.5642000008,4749378.9412999973],[-8836124.6586000007,4749421.4725999981],[-8836116.7344000004,4749425.2723999992],[-8836076.8255000003,4749460.0593999997],[-8836025.0606999993,4749498.5753000006],[-8835973.3684,4749533.1490999982],[-8835925.6020999998,4749567.7905000001],[-8835873.9795999993,4749598.4202999994],[-8835818.3586999997,4749632.9214999974],[-8835766.7329999991,4749663.5495000035],[-8835718.9680000003,4749698.1943999976],[-8835667.1301000006,4749740.6503000036],[-8835635.0749999993,4749775.5784000009],[-8835623.0072000008,4749791.1402999982],[-8835578.8171999995,4749845.5724000037],[-8835578.7466000002,4749849.5160999969],[-8835566.7490999997,4749861.134300001],[-8835566.6786000002,4749865.0753000006],[-8835550.5441999994,4749888.4561000019],[-8835530.0596999992,4749935.4239000008],[-8835525.9894999992,4749943.2414999977],[-8835504.6575000007,4750037.5362000018],[-8835496.1651000008,4750072.8887000009],[-8835487.2515999991,4750131.9011000022],[-8835470.1971000005,4750206.5495999977],[-8835461.9869999997,4750226.1278000027],[-8835432.9378999993,4750312.3967000023],[-8835412.4519999996,4750359.3663000017],[-8835396.1751000006,4750390.6327999979],[-8835351.6239,4750464.7875000015],[-8835299.3588999994,4750530.9103000015],[-8835239.3772999998,4750589.0047999993],[-8835171.6110999994,4750643.0119000003],[-8835100.0577000007,4750689.0587000027],[-8835020.7158000004,4750731.0214999989],[-8834937.5173000004,4750768.9675000012],[-8834870.3151999991,4750791.4244000018],[-8834846.6024999991,4750798.8840000033],[-8834747.9741999991,4750820.7694000006],[-8834676.9879000001,4750835.262000002],[-8834645.4911000002,4750838.6359999999],[-8834625.7784000002,4750842.2248999998],[-8834606.0683999993,4750845.8140999973],[-8834582.4264000002,4750849.3276999965],[-8834578.7956000008,4750849.2617999986],[-8834566.9215999991,4750853.680399999],[-8834326.8662999999,4750900.2697999999],[-8834071.8561000004,4750972.0559],[-8833892.4070999995,4751074.3260999992],[-8833759.9929000009,4751181.0908000022],[-8833608.5369000006,4751338.4579000026],[-8833486.3319000006,4751434.0273000002],[-8833483.3440000005,4751436.9202999994],[-8833467.3451000005,4751452.4100999981],[-8833451.3449000008,4751467.9012999982],[-8833431.4164000005,4751483.3193000033],[-8833415.4199000001,4751498.8105999976],[-8833407.4191999994,4751506.5542000011],[-8833399.4911000002,4751510.3548000008],[-8833363.4918000009,4751545.2070999965],[-8833283.8528000005,4751602.936300002],[-8833216.2841999996,4751645.1023999974],[-8833200.3561000004,4751656.6476999968],[-8833112.9276000001,4751710.2871000022],[-8833053.2846000008,4751748.6555999964],[-8833025.4993999992,4751763.9268999994],[-8832981.7857000008,4751790.7462000027],[-8832930.1432000007,4751821.3669999987],[-8832906.3551000003,4751832.766900003],[-8832866.6407999992,4751855.7158999965],[-8832826.9264000002,4751878.6623999998],[-8832771.3544999994,4751909.2106000036],[-8832719.7825000007,4751935.8849999979],[-8832703.9252000004,4751943.4843999967],[-8832636.4210999999,4751981.7034000009],[-8832616.6364999991,4751989.2330000028],[-8832568.9190999996,4752019.9245000035],[-8832517.2742999997,4752050.5401000008],[-8832497.4868000001,4752058.0707999989],[-8832429.9119000006,4752100.2334000021],[-8832417.9826999996,4752107.9045000002],[-8832358.3347999994,4752146.2665000036],[-8832322.5479000006,4752169.2862000018],[-8832286.7569999993,4752192.303199999],[-8832227.1082000006,4752230.6647000015],[-8832215.1786000002,4752238.3382999972],[-8832143.6009,4752284.3703999966],[-8832135.6009999998,4752292.1160999984],[-8832075.9509999994,4752330.4769999981],[-8832036.2329999991,4752353.4213000014],[-8832004.4427000005,4752372.5666999966],[-8831936.9357999992,4752410.7824999988],[-8831869.4284000006,4752448.9979000017],[-8831833.7075999994,4752468.070600003],[-8831797.9904999994,4752487.1394999996],[-8831730.4793999996,4752525.358099997],[-8831662.9692000002,4752563.5725999996],[-8831627.2514999993,4752582.6407999992],[-8831599.4619999994,4752597.9133000001],[-8831555.8852999993,4752616.8404000029],[-8831540.0248000007,4752624.4382999986],[-8831480.5873000007,4752650.9628999978],[-8831476.6572999991,4752650.8902999982],[-8831421.2217999995,4752673.5451999977],[-8831393.5761999991,4752680.9253999963],[-8831373.7893000003,4752688.4532999992],[-8831310.5656000003,4752707.0138999969],[-8831243.4878000002,4752721.5596999973],[-8831176.4822000004,4752732.1577999964],[-8831137.0473999996,4752739.3229999989],[-8831101.6176999994,4752742.6111999974],[-8831007.1829000004,4752748.7575000003],[-8830967.8915999997,4752748.0302999988],[-8830912.8891000003,4752747.0121000037],[-8830807.0305000003,4752733.2149000019],[-8830787.4580000006,4752728.9051000029],[-8830748.9028999992,4752719.7378999963],[-8830684.1004000008,4752707.7840000018],[-8830408.0886000004,4752690.3325999975],[-8830101.3090000004,4752676.4120000005],[-8829855.3852999993,4752692.3879000023],[-8829669.9354999997,4752758.809799999],[-8829441.7028999999,4752814.1543999985],[-8829277.3197000008,4752848.079400003],[-8829200.5152000003,4752861.3400000036],[-8829126.1549999993,4752879.505900003],[-8829078.7184999995,4752894.4046000019],[-8828964.2705000006,4752919.8862999976],[-8828960.3403999992,4752919.8127999976],[-8828845.8918999992,4752945.2929999977],[-8828798.5278999992,4752956.2444999963],[-8828731.5147999991,4752966.8276000023],[-8828624.9974000007,4752988.5094000027],[-8828617.1411000006,4752988.3620999977],[-8828569.7741,4752999.3122999966],[-8828404.2492999993,4753023.8302000016],[-8828317.6674000006,4753030.0960000008],[-8828227.1552000009,4753036.2908999994],[-8828038.4976000004,4753036.6919],[-8827975.7091000006,4753031.5649999976],[-8827960.0661999993,4753027.3233999982],[-8827948.2797999997,4753027.1017000005],[-8827924.7083000001,4753026.6582000032],[-8827901.2104000002,4753022.2688999996],[-8827881.5637999997,4753021.8991999999],[-8827858.0658999998,4753017.5134000033],[-8827834.4905999992,4753017.0697000027],[-8827814.9215999991,4753012.7541999966],[-8827791.4211999997,4753008.365699999],[-8827767.8485000003,4753007.9218999967],[-8827748.2770000007,4753003.6058999971],[-8827724.7041999996,4753003.1620000005],[-8827705.1364999991,4752998.8501000032],[-8827697.2763999999,4752998.7019999996],[-8827665.9186000004,4752994.1639000028],[-8827563.9189999998,4752984.3510000035],[-8827536.4913999997,4752979.8866000026],[-8827411.1383999996,4752957.7911999971],[-8827375.8508000001,4752953.1821999997],[-8827289.7861000001,4752931.8264999986],[-8827250.6462999992,4752923.1969000027],[-8827188.0807000007,4752906.2299000025],[-8827121.5877999999,4752889.1899000034],[-8827078.5922999997,4752876.5394999981],[-8827059.0240000002,4752872.2223000005],[-8826996.5317000002,4752851.309799999],[-8826930.0395999998,4752834.2686000019],[-8826867.4749999996,4752817.3038000017],[-8826800.9834000003,4752800.2604999989],[-8826738.4946999997,4752779.3466000035],[-8826676.0036999993,4752758.4321999997],[-8826660.3630999997,4752754.1925000027],[-8826613.5167999994,4752737.5201999992],[-8826609.6610000003,4752733.4998999983],[-8826597.9504000004,4752729.3320000023],[-8826562.8863999993,4752712.886500001],[-8826539.4641999993,4752704.548299998],[-8826504.4003999997,4752688.0998999998],[-8826481.0523000006,4752675.819600001],[-8826446.0655000005,4752655.4253000021],[-8826422.6407999992,4752647.0905999988],[-8826391.5842000004,4752626.7708000019],[-8826352.5922999997,4752610.2502000034],[-8826317.6073000003,4752589.8558000028],[-8826278.6183000002,4752573.3310000002],[-8826243.6296999995,4752552.936300002],[-8826228.0637999997,4752544.7503999993],[-8826173.5080999993,4752520.0408999994],[-8826142.3794,4752503.6648999974],[-8826119.1026000008,4752487.4395999983],[-8826060.8420000002,4752450.8176999986],[-8826041.4235999994,4752438.6111000031],[-8826006.5858999994,4752410.3284000009],[-8825960.0398999993,4752377.876000002],[-8825948.4031000007,4752369.7643999979],[-8825894.2927999999,4752321.384800002],[-8825890.4412999991,4752317.3681999967],[-8825836.3355,4752268.987499997],[-8825832.4801000003,4752264.9681999981],[-8825828.6248000003,4752260.9505999982],[-8825786.1559999995,4752220.6824000031],[-8825739.9092999995,4752172.4548000023],[-8825728.3447999991,4752160.3976999968],[-8825689.6563000008,4752128.0956000015],[-8825643.4105999991,4752079.8640000001],[-8825627.8446999993,4752071.6775999963],[-8825598.4379999992,4752044.0715999976],[-8825494.3831999991,4751988.3640000001],[-8825264.6389000006,4751870.9579000026],[-8825160.2255000006,4751800.4654000029],[-8825062.8928999994,4751716.4077000022],[-8824972.7708999999,4751611.9378999993],[-8824876.7398000006,4751459.4069000036],[-8824828.7083000001,4751294.0957000032],[-8824796.7531000003,4751180.4659999982],[-8824764.9934999999,4751056.5670000017],[-8824708.6523000002,4750969.8712000027],[-8824662.6061000004,4750879.9481000006],[-8824620.0351999998,4750786.6673000008],[-8824560.6121999994,4750682.7907999977],[-8824498.6909999996,4750530.9231000021],[-8824454.5344999991,4750341.7277000025],[-8824406.7098999992,4750166.1634000018],[-8824362.2962999996,4749990.6670999974],[-8824364.6382999998,4749867.4346999973],[-8824362.3734000009,4749627.6897],[-8824347.3440000005,4749521.2498999983],[-8824349.4256999996,4749411.7150000036],[-8824375.8914000001,4749275.2550000027],[-8824387.3270999994,4749032.3623000011],[-8824403.9543999992,4748875.1748000011],[-8824423.1447999999,4748762.5503999963],[-8824442.9199000001,4748619.1230000034],[-8824491.0047999993,4748421.4575000033],[-8824514.1867999993,4748278.0998999998],[-8824573.4039999992,4748032.7212999985],[-8824595.8046000004,4747930.4382999986],[-8824593.0787000004,4747714.6953999996],[-8824574.2195999995,4747450.7185999975],[-8824533.8066000007,4747244.5351999998],[-8824484.4044000003,4746973.1393000036],[-8824458.9274000004,4746698.7849999964],[-8824448.9329000004,4746506.8915999979],[-8824467.9877000004,4746401.1369000003],[-8824477.2074999996,4746274.6561999992],[-8824487.1406999994,4746193.8812000006],[-8824518.7016000003,4746107.3685000017],[-8824531.1085000001,4745923.8999999985],[-8824515.8148999996,4745789.190700002],[-8824506.3848999999,4745759.6908999979],[-8824498.9554999992,4745679.6908000037],[-8824470.2979000006,4745573.0317000002],[-8824439.2072999999,4745414.9840999991],[-8824382.5092999991,4745348.8647999987],[-8824315.0684999991,4745309.9223999977],[-8824172.3976000007,4745283.2295000032],[-8824107.1948000006,4745305.9394000024],[-8823989.1171000004,4745420.0515000001],[-8823856.0373,4745605.7563999966],[-8823720.7354000006,4745907.8022999987],[-8823618.5272000004,4746261.8382999972],[-8823512.0415000003,4746482.2971000001],[-8823332.8018999994,4746762.9782999977],[-8823107.3464000002,4747142.052199997],[-8822864.9624000005,4747513.9613000005],[-8822706.6623,4747767.6744000018],[-8822604.1393999998,4747957.4187999964],[-8822376.4031000007,4748274.8473000005],[-8822149.0470000003,4748571.7443000004],[-8821894.5379000008,4748861.2700000033],[-8821638.2542000003,4749065.1605999991],[-8821209.5243999995,4749368.4170000032],[-8820915.9123,4749561.2995000035],[-8820497.8990000002,4749837.3541999981],[-8820214.6873000003,4750020.1547999978],[-8819811.4726999998,4750234.8422000036],[-8819346.0039000008,4750492.8128999993],[-8819132.6143999994,4750591.3522000015],[-8818722.6699000001,4750799.0256000012]]},"properties":{"objectid":8862,"elev":3140,"st_length(shape)":74207.613812924101}},{"type":"Feature","id":8873,"geometry":{"type":"LineString","coordinates":[[-8819608.8653999995,4749234.8216999993],[-8819961.4137999993,4749021.9394000024],[-8820557.5830000006,4748614.1648999974],[-8821019.7159000002,4748302.1942000017],[-8821363.0142000001,4747962.2226999998],[-8821841.2508000005,4747475.0887999982],[-8822108.5454999991,4747095.130400002],[-8822245.7941999994,4746828.1986000016],[-8822355.3487,4746449.4812999964],[-8822441.2971999999,4746190.1284999996],[-8822518.7211000007,4745930.6168000028],[-8822628.9901000001,4745735.9258000031],[-8822719.8989000004,4745604.5569999963],[-8823053.4250000007,4745254.8209000006],[-8823523.2858000007,4744717.2857000008],[-8823678.3511999995,4744541.065200001],[-8823942.6717000008,4744250.4653000012],[-8824238.5373,4743942.5521000028],[-8824448.1175999995,4743713.6213999987],[-8824483.3092999998,4743692.3392999992],[-8824502.4727999996,4743671.0350999981],[-8824769.1071000006,4743450.2638999969],[-8824963.4688000008,4743265.7550999969],[-8825074.5665000007,4743158.3663000017],[-8825131.9902999997,4743005.4677999988],[-8825168.4531999994,4742879.5477000028],[-8825169.1204000004,4742663.9760000035],[-8825162.0039000008,4742499.5888999999],[-8825201.2247000001,4742407.9457999989],[-8825315.9109000005,4742290.3663000017],[-8825419.4055000003,4742223.9004999995],[-8825529.3249999993,4742178.0869999975],[-8825699.6621000003,4742181.3254999965],[-8825841.7786999997,4742235.3520999998],[-8825898.2122000009,4742315.1251000017],[-8825963.6434000004,4742460.0847000033],[-8825974.3730999995,4742614.2735999972],[-8825964.4617999997,4742959.7054999992],[-8825906.5278999992,4743321.3483000025],[-8825920.2704000007,4743677.5199000016],[-8825919.7397000007,4744067.6570999995],[-8825911.6973999999,4744178.9482000023],[-8825910.1619000006,4744184.6548999995],[-8825905.7924000006,4744208.2277000025],[-8825905.6438999996,4744216.1103999987],[-8825897.1237000003,4744251.433799997],[-8825896.6783000007,4744275.0802000016],[-8825892.6030999999,4744282.8894999996],[-8825892.0091999993,4744314.4197999984],[-8825887.4923999999,4744345.8756999969],[-8825882.9716999996,4744377.3329000026],[-8825878.4509999994,4744408.7888000011],[-8825878.3767000008,4744412.7303000018],[-8825873.9315000009,4744440.2449000031],[-8825869.4133000001,4744471.7013000026],[-8825869.1905000005,4744483.5266999975],[-8825864.8937999997,4744503.1589000002],[-8825860.3728999998,4744534.6152999997],[-8825860.0015999991,4744554.3234999999],[-8825859.7787999995,4744566.1476999968],[-8825855.2618000004,4744597.6028999984],[-8825850.8151999991,4744625.1182999983],[-8825850.7409000006,4744629.060800001],[-8825850.5922999997,4744636.9438000023],[-8825841.8487999998,4744684.0917000026],[-8825841.2545999996,4744715.6246000007],[-8825840.8090000004,4744739.2731000036],[-8825839.9176000003,4744786.5720999986],[-8825839.6948000006,4744798.3966000006],[-8825838.7291999999,4744849.6371999979],[-8825838.5807000007,4744857.5188999996],[-8825845.4675999992,4744908.9076000005],[-8825845.2447999995,4744920.7321999967],[-8825848.7259999998,4744944.4574000016],[-8825852.352,4744960.2978999987],[-8825855.8333000001,4744984.0231000036],[-8825859.2390000001,4745011.6886000037],[-8825866.6434000004,4745035.4871999994],[-8825870.0504999999,4745063.1526999995],[-8825873.4575999994,4745090.818400003],[-8825880.8620999996,4745114.6184],[-8825884.2692000009,4745142.2841999978],[-8825887.7493999992,4745166.0085999966],[-8825891.1539999992,4745193.6757000014],[-8825890.6340999994,4745221.2673000023],[-8825894.3370999992,4745233.1652999967],[-8825894.0399999991,4745248.9333999977],[-8825896.9274000004,4745304.1911000013],[-8825895.1450999994,4745398.7945000008],[-8825894.6995000001,4745422.4433000013],[-8825880.9166999999,4745528.6480000019],[-8825872.0238000005,4745583.684799999],[-8825859.4290999994,4745626.8209000006],[-8825837.9410999995,4745724.9944999963],[-8825816.9010000005,4745799.5168000013],[-8825812.6765000001,4745815.2107999995],[-8825783.4112,4745909.2939999998],[-8825750.3665999994,4745995.420599997],[-8825729.6982000005,4746050.2360000014],[-8825717.3226999994,4746081.5476000011],[-8825713.1749000009,4746093.2989000008],[-8825680.2034000009,4746175.4848999977],[-8825639.2316999994,4746265.4060000032],[-8825618.8557999991,4746304.4530000016],[-8825594.3330000006,4746355.2541999966],[-8825545.5059999991,4746445.0257999972],[-8825492.9021000005,4746526.8388999999],[-8825440.2203000002,4746612.5969000012],[-8825391.6166999992,4746690.5421999991],[-8825387.5401000008,4746698.3544000015],[-8825342.7117999997,4746784.2616999969],[-8825301.6599000003,4746878.1274999976],[-8825276.1637999993,4746980.1806999967],[-8825250.5913999993,4747086.1745999977],[-8825225.0942000002,4747188.2282999977],[-8825220.7937000003,4747207.8640000001],[-8825216.7205999997,4747215.6767000034],[-8825207.8969999999,4747266.7769000009],[-8825207.8223999999,4747270.7206000015],[-8825195.0734000001,4747321.7476999983],[-8825194.7006000001,4747341.4610999972],[-8825189.9524000008,4747384.7533000037],[-8825189.6541000009,4747400.5243000016],[-8825184.9097000007,4747443.8169],[-8825187.0168999992,4747476.7792000026],[-8825184.1818000004,4747551.9386000037],[-8825181.0352999996,4747718.2656999975],[-8825153.2438999992,4747781.4152999967],[-8825125.2967000008,4747852.7792000026],[-8825085.1168000009,4747921.8558999971],[-8825063.6541000009,4747974.8561000004],[-8825053.9959999993,4748052.7329000011],[-8825049.9681000002,4748157.4230000004],[-8825052.0370000005,4748264.2849000022],[-8825029.9124999996,4748352.1974000037],[-8825011.4891999997,4748460.7245000005],[-8825001.6746999994,4748546.8192000017],[-8824983.1728000008,4748659.4556000009],[-8824972.7354000006,4748778.4103000015],[-8824963.1146000009,4748854.2393999994],[-8824955.6947000008,4748921.8932999969],[-8824956.9354999997,4748942.5703999996],[-8824951.5244999994,4748981.5653000027],[-8824949.5822999999,4749084.0870999992],[-8824949.5076000001,4749088.0315999985],[-8824948.2377000004,4749155.0647],[-8824947.0425000004,4749218.1539999992],[-8824949.7744999994,4749281.3224999979],[-8824949.6250999998,4749289.2075999975],[-8824950.2831999995,4749294.5561000034],[-8824949.4850999992,4749336.6846999973],[-8824959.3281999994,4749537.1889000013],[-8824978.0513000004,4749719.0327000022],[-8824997.1642000005,4749880.3410999998],[-8825031.8790000007,4750028.2524000034],[-8825058.0064000003,4750179.4261000007],[-8825099.6392000001,4750322.3368000016],[-8825130.0526999999,4750427.365199998],[-8825153.2913000006,4750551.0926999971],[-8825184.0945999995,4750635.5830999985],[-8825204.9287999999,4750706.1853],[-8825256.5793999992,4750770.5263999999],[-8825333.5440999996,4750849.0490999967],[-8825381.6688999999,4750895.6561999992],[-8825390.4933000002,4750907.172799997],[-8825390.4188000001,4750911.1164999977],[-8825405.8322999999,4750927.1926999986],[-8825421.2470999993,4750943.2673999965],[-8825436.5862000007,4750963.2849000022],[-8825440.4408999998,4750967.304899998],[-8825451.9265999999,4750983.3047000021],[-8825459.7067000009,4750987.3955999985],[-8825478.9005999994,4751011.4355999976],[-8825517.4352000002,4751051.6225999966],[-8825552.1152999997,4751087.7897000015],[-8825590.8019999992,4751120.0903000012],[-8825629.4119000006,4751156.3359000012],[-8825629.3375000004,4751160.2773000002],[-8825640.9726,4751168.3919999972],[-8825687.2914000005,4751212.6726000011],[-8825718.1933999993,4751240.8783000037],[-8825722.1215000004,4751240.9530000016],[-8825772.3703000005,4751285.3095000014],[-8825814.9070999995,4751321.6259000003],[-8825822.6170000006,4751329.6644999981],[-8825865.2311000004,4751362.0370000005],[-8825903.8429000005,4751398.2826000005],[-8825946.3845000006,4751434.5988999978],[-8825985.0712000001,4751466.8990999982],[-8826027.6119999997,4751503.2179000005],[-8826066.2993000001,4751535.5152999982],[-8826108.9163000006,4751567.8898999989],[-8826151.5335000008,4751600.2634000033],[-8826198.2278000005,4751624.8228999972],[-8826213.8664999995,4751629.066399999],[-8826244.9940000009,4751645.4394000024],[-8826295.6925000008,4751666.1278000027],[-8826346.6099999994,4751674.9860000014],[-8826350.5395,4751675.0605000034],[-8826370.1795000006,4751675.4329999983],[-8826374.1089999992,4751675.5075000003],[-8826389.8220000006,4751675.8055000007],[-8826401.6066999994,4751676.0288999975],[-8826409.4645000007,4751676.1779000014],[-8826425.1749000009,4751676.4758000001],[-8826429.1044999994,4751676.5503000021],[-8826444.8175000008,4751676.8480999991],[-8826452.6022999994,4751680.9425999969],[-8826475.9481000006,4751693.2216999978],[-8826503.0752000008,4751713.4609000012],[-8826514.5634000003,4751729.4623000026],[-8826518.4930000007,4751729.5367999971],[-8826522.1963,4751741.4437000006],[-8826529.6833999995,4751761.3147],[-8826533.3165000007,4751777.1657999977],[-8826533.0941000003,4751788.998499997],[-8826532.8717,4751800.8310000002],[-8826520.7135000005,4751820.3299999982],[-8826508.4836999997,4751843.7704000026],[-8826504.4097000007,4751851.5872000009],[-8826488.4739999995,4751863.1207000017],[-8826484.3960999995,4751870.9333999977],[-8826472.3144000005,4751886.4880999997],[-8826464.1598000005,4751902.1162],[-8826460.0844999999,4751909.9289000034],[-8826455.7852999996,4751929.5768999979],[-8826451.4847999997,4751949.2250000015],[-8826455.0436000004,4751969.0194000006],[-8826462.5282000005,4751988.8909000009],[-8826470.0154999997,4752008.7599000037],[-8826485.3595000003,4752028.7805000022],[-8826504.6281000003,4752048.8752999976],[-8826523.9748,4752065.0221000016],[-8826527.8302999996,4752069.0423000008],[-8826558.9596999995,4752085.4161999971],[-8826562.8139999993,4752089.434799999],[-8826593.9461000003,4752105.8088999987],[-8826601.7276000008,4752109.8994000033],[-8826625.2266000006,4752114.2915000021],[-8826652.5772999991,4752122.7021000013],[-8826680.0022,4752127.1660000011],[-8826703.4987000003,4752131.556400001],[-8826711.3542999998,4752131.7052000016],[-8826742.7089000009,4752136.2458000034],[-8826754.4942000005,4752136.4689000025],[-8826778.0660999995,4752136.9149999991],[-8826801.6367000006,4752137.3611000031],[-8826809.4923,4752137.5097000003],[-8826844.8495000005,4752138.1785999984],[-8826848.8532999996,4752134.3071999997],[-8826888.2855999991,4752127.1630000025],[-8826904.1472999994,4752119.5702999979],[-8826927.9398999996,4752108.1831],[-8826931.9436000008,4752104.3117000014],[-8826946.6220999993,4752094.882600002],[-8827004.4242000002,4752070.3175999969],[-8827115.7772000004,4752026.1828999966],[-8827194.9812000003,4752006.5706999972],[-8827320.0470000003,4751994.761500001],[-8827497.2105,4752006.6657000035],[-8827665.2094999999,4752052.6450999975],[-8827790.6157000009,4752096.1077999994],[-8828038.1809999999,4752174.4048999995],[-8828233.5625999998,4752215.7524999976],[-8828315.0875000004,4752234.4090000018],[-8828473.1504999995,4752264.7761999965],[-8828660.1692999993,4752297.3962000012],[-8828774.1881000008,4752311.5200999975],[-8828874.4076000005,4752333.9474000037],[-8829022.7196999993,4752338.4346999973],[-8829150.7930999994,4752330.5534999967],[-8829255.1217,4752315.3768000007],[-8829403.9726999998,4752290.7545000017],[-8829553.1082000006,4752250.7220999971],[-8829805.4333999995,4752164.6578999981],[-8830125.8625000007,4752084.9919999987],[-8830353.6144999992,4752036.1344000027],[-8830589.7008999996,4751997.701700002],[-8830805.1676000003,4751967.4443000033],[-8831019.4622000009,4751908.0476000011],[-8831223.7438999992,4751836.4739999995],[-8831405.7007999998,4751773.0472000018],[-8831531.3855000008,4751707.6088000014],[-8831597.7917999998,4751683.7098999992],[-8831871.8839999996,4751561.3818000033],[-8831956.8189000003,4751475.6005000025],[-8832121.9327000007,4751365.8188999966],[-8832294.2898999993,4751256.1686000004],[-8832430.2772000004,4751153.1274999976],[-8832592.0220999997,4751028.7228000015],[-8832728.4002999999,4750903.8519999981],[-8832908.5843000002,4750761.5876000002],[-8832917.9310999997,4750755.7282000035],[-8833096.4434999991,4750616.5811000019],[-8833298.7957000006,4750461.0362000018],[-8833433.5078999996,4750367.6089000031],[-8833591.4342999998,4750310.561499998],[-8833771.7686999999,4750240.2223000005],[-8834046.3886999991,4750142.4880999997],[-8834172.4792999998,4750100.1595999971],[-8834178.2533,4750096.9846000001],[-8834437.3222000003,4749999.8035999984],[-8834443.6794000007,4749994.8838],[-8834444.5733000003,4749994.6763999984],[-8834472.1384999994,4749991.2320000008],[-8834495.8495000005,4749983.7723999992],[-8834515.6289000008,4749976.2402999997],[-8834523.4857000001,4749976.3828999996],[-8834555.1901999991,4749961.1784999967],[-8834583.0391000006,4749941.9605000019],[-8834610.9589000009,4749918.7950000018],[-8834638.8785999995,4749895.633100003],[-8834662.9440000001,4749868.4541999996],[-8834667.0109000001,4749860.6394999996],[-8834683.0776000004,4749841.2050999999],[-8834699.0721000005,4749825.7154999971],[-8834703.0720000006,4749821.8420000002],[-8834711.0679000001,4749814.0984999985],[-8834719.1371999998,4749802.4101999998],[-8834731.1328999996,4749790.7942999974],[-8834739.1287999991,4749783.0469999984],[-8834755.0522000007,4749771.5011000037],[-8834766.9769000001,4749763.8288000003],[-8834778.9043000005,4749756.1538999975],[-8834778.9751999993,4749752.2092000023],[-8834794.7578999996,4749748.5527999997],[-8834810.6076999996,4749740.9491000026],[-8834830.3180999998,4749737.3627000004],[-8834834.3179000001,4749733.4902999997],[-8834850.0285,4749733.7748999968],[-8834857.9534000009,4749729.9721999988],[-8834873.6653000005,4749730.2568000033],[-8834881.5900999997,4749726.4541999996],[-8834893.3756000008,4749726.6675999984],[-8834905.2280999999,4749722.9399999976],[-8834913.0821000002,4749723.0821999982],[-8834925.0066999998,4749715.4060999975],[-8834932.9353999998,4749711.6071999967],[-8834940.8602000009,4749707.8047000021],[-8834952.8542999998,4749696.188699998],[-8834968.7785,4749684.6423999965],[-8834984.7015000004,4749673.0938000008],[-8834996.7675999999,4749657.5314999968],[-8835004.7656999994,4749649.7880000025],[-8835008.8335999995,4749641.9733000025],[-8835017.0440999996,4749622.3967000023],[-8835021.0438000001,4749618.5244000033],[-8835021.3269999996,4749602.7490999997],[-8835025.4644000009,4749590.9895000011],[-8835025.5351,4749587.0486999974],[-8835025.8182999995,4749571.2748000026],[-8835029.8179000001,4749567.4011000022],[-8835026.0307,4749559.4416000023],[-8835034.4534000009,4749528.0373999998],[-8835034.5950000007,4749520.1489999965],[-8835047.0854000002,4749480.9275999963],[-8835047.1561999992,4749476.9830000028],[-8835071.3584000003,4749441.9195000008],[-8835083.3520999998,4749430.3025000021],[-8835099.4173000008,4749410.8681000024],[-8835135.1908,4749387.8470999971],[-8835170.7506000008,4749376.6572000012],[-8835218.0234999992,4749369.6199999973],[-8835229.7353000008,4749373.7775000036],[-8835253.2991000004,4749374.2034000009],[-8835261.1555000003,4749374.3453999981],[-8835268.9397999998,4749378.432099998],[-8835276.7960999999,4749378.5741000026],[-8835292.4354999997,4749382.7987999991],[-8835296.3618000001,4749382.8696999997],[-8835308.1429999992,4749383.0825999975],[-8835323.8543999996,4749383.3664000034],[-8835347.4221000001,4749383.7921999991],[-8835367.1276999991,4749380.2060000002],[-8835382.9803999998,4749372.6005000025],[-8835398.8318000007,4749364.9985999987],[-8835410.7555999998,4749357.3232000023],[-8835466.3056000005,4749326.7700999975],[-8835470.3049999997,4749322.8976000026],[-8835486.1563000008,4749315.2916999981],[-8835490.1556000002,4749311.4218000025],[-8835502.0792999994,4749303.7465000004],[-8835518.0011,4749292.1997999996],[-8835533.8496000003,4749284.5978000015],[-8835553.7014000006,4749273.1194000021],[-8835583.4800000004,4749255.9020999968],[-8835660.5562999994,4749195.2986999974],[-8835772.5366999991,4749099.7793999985],[-8835893.1890999991,4748959.6018999964],[-8835963.1707000006,4748863.3262000009],[-8836015.7197999991,4748714.0160999969],[-8836052.0966999996,4748588.1410000026],[-8836085.5189999994,4748480.6661000028],[-8836115.4699000008,4748420.5772999972],[-8836166.3224999998,4748366.136500001],[-8836219.7988000009,4748311.7427000031],[-8836285.9187000003,4748257.0609000027],[-8836433.5110999998,4748104.7079999968],[-8836558.5471999999,4748012.0601999983],[-8836680.5348000005,4747943.0797000006],[-8836799.5684999991,4747892.4958999977],[-8836863.443,4747843.5591999963],[-8836931.0173000004,4747734.0650999993],[-8837001.8691000007,4747587.7295999974],[-8837046.9511999991,4747528.7185000032],[-8837091.0887000002,4747441.7239999995],[-8837171.8724000007,4747327.197300002],[-8837273.2742999997,4747234.1248999983],[-8837347.5456000008,4747190.6454000026],[-8837410.7597000003,4747178.5957000032],[-8837484.2370999996,4747179.9072000012],[-8837618.0712000001,4747182.2946000025],[-8837691.7818,4747170.4305000007],[-8837802.0446000006,4747169.7595999986],[-8837925.9401999991,4747140.3379999995],[-8838028.2522999998,4747100.4236999974],[-8838031.9002999999,4747096.8884000033],[-8838043.8890000004,4747085.2700999975],[-8838055.8081999999,4747077.5957999974],[-8838071.7236000001,4747066.0450000018],[-8838079.7185999993,4747058.3008999974],[-8838087.6402000003,4747054.4965000004],[-8838103.6250999998,4747039.0056999996],[-8838111.6186999995,4747031.2616000026],[-8838135.5958999991,4747008.0249999985],[-8838159.5716999993,4746984.7859999985],[-8838291.5957999993,4746827.120099999],[-8838387.0504000001,4746683.2719999999],[-8838484.0165999997,4746585.3539000005],[-8838536.7844999991,4746518.9397],[-8838590.3714000005,4746405.9135000035],[-8838581.1230999995,4746305.9703999981],[-8838525.1570999995,4746204.8316999972],[-8838522.5978999995,4746051.9337000027],[-8838610.9649999999,4745803.1441000029],[-8838831.9839999992,4745622.5903000012],[-8839122.8761999998,4745348.4032000005],[-8839443.443,4745027.3065000027],[-8839578.2171999998,4744974.3466000035],[-8839829.9024999999,4744839.1216999963],[-8840014.1950000003,4744655.2771999985],[-8840201.0125999991,4744476.7466999963],[-8840446.7777999993,4744228.1076000035],[-8840511.4363000002,4744131.7506000027],[-8840581.1572999991,4744046.0223999992],[-8840621.9282000009,4743965.0569000021],[-8840694.8651999999,4743845.133100003],[-8840771.2017000001,4743680.4785000011],[-8840918.1816000007,4743527.6010999978],[-8841212.8805999998,4743329.8805000037],[-8841484.1872000005,4743118.5738999993],[-8841843.6828000005,4742813.9553000033],[-8842228.3061999995,4742420.1977000013],[-8842407.2653000001,4742236.259300001],[-8842721.0726999994,4742144.2245000005],[-8842982.1451999992,4742067.0754000023],[-8843240.4556000009,4741997.7753000036],[-8843417.3624000009,4741932.3343999982],[-8843629.3462000005,4741805.2934999987],[-8843776.6714999992,4741662.3568999991],[-8843905.7413999997,4741500.4563999996],[-8844185.3260999992,4741225.5144999996],[-8844636.5672999993,4740684.9714000002],[-8844821.8365000002,4740274.1543999985],[-8844966.7360999994,4740052.8612999991],[-8845155.8192999996,4739634.6701000035],[-8845274.1431000009,4739446.4956],[-8845484.7843999993,4739289.7292999998],[-8845678.3658000007,4739263.1904999986],[-8845893.4079,4739285.4918000028],[-8846344.9590000007,4739378.9240999967],[-8846620.1860000007,4739394.8281000033],[-8846713.1735999994,4739386.4831999987],[-8846801.8871999998,4739363.7939999998],[-8846899.1009999998,4739313.0279000029],[-8847032.9793999996,4739230.6287999973],[-8847170.6670999993,4739160.3869000003],[-8847331.9649999999,4739118.7603999972],[-8847513.6004000008,4739061.3486000001],[-8847760.2617000006,4738956.6511999965],[-8847958.4167999998,4738871.2910000011],[-8848136.3657000009,4738793.6512999982],[-8848277.7861000001,4738739.5844999999],[-8848475.3978000004,4738686.4560000002],[-8848652.8050999995,4738641.0485000014],[-8848822.7174999993,4738563.2641000003],[-8848864.4421999995,4738540.2397999987],[-8849324.1588000003,4738209.762500003],[-8849722.6897,4737995.0337999985],[-8850009.7949999999,4737852.2300999984],[-8850350.6285999995,4737793.314000003],[-8850690.4019000009,4737798.9285999984],[-8851241.8381999992,4737780.3479999974],[-8851783.0402000006,4737826.1291000023],[-8852290.8047000002,4737668.4331],[-8852315.5435000006,4737655.3329000026],[-8852548.2774999999,4737502.0697000027],[-8852933.5754000004,4737098.2193000019],[-8853250.4003999997,4736793.9206999987],[-8853873.0972000007,4736170.2304000035],[-8854417.9625000004,4735765.2285000011],[-8854763.8379999995,4735263.8178000003],[-8855009.3772999998,4734999.3735999987],[-8855464.2893000003,4734641.3720000014],[-8855798.9869999997,4734370.8980000019],[-8856197.0505999997,4734317.6172999963],[-8856488.7787999995,4734415.4522999972],[-8856553.5297999997,4734781.7779999971],[-8856491.6221999992,4735645.6238999963],[-8856499.5205000006,4736967.3029000014],[-8856389.6268000007,4737656.6184],[-8856180.6587000005,4738349.1317000017],[-8856038.9467999991,4738908.2740999982],[-8855840.2622999996,4739960.4776000008],[-8855797.7784000002,4740316.3568999991],[-8855783.1054999996,4740455.814199999],[-8855623.3497000001,4740667.5742999986],[-8855628.8675999995,4740852.2775999978],[-8855575.1267000008,4741087.2863999978],[-8855547.6530000009,4741525.1838999987],[-8855487.7186999992,4741977.2898000032],[-8855419.9682,4742265.735299997],[-8855318.3984999992,4742358.4505999982],[-8855069.0785000008,4742688.4525000006],[-8854933.0067999996,4742955.2683999985],[-8854921.5507999994,4743118.6001999974],[-8854903.6601999998,4743321.3386999965],[-8854873.9551999997,4743529.7760000005],[-8854739.1611000001,4743895.4236999974],[-8854739.1588000003,4743895.4265000001],[-8854738.0363999996,4743905.9465000033],[-8854707.7357000001,4744012.1272],[-8854623.6714999992,4744158.4690999985],[-8854488.3758000005,4744314.2421000004],[-8854347.6713999994,4744424.7968999967],[-8854290.9092999995,4744524.3995999992],[-8854266.9963000007,4744741.4682999998],[-8854232.2738000005,4745001.9539000019],[-8854201.4310999997,4745113.0200000033],[-8854136.9049999993,4745405.4831999987],[-8854064.2152999993,4745673.7915000021],[-8853961.9148999993,4745869.5323999971],[-8853896.3861999996,4746010.9425000027],[-8853843.8691000007,4746087.3359000012],[-8853773.5964000002,4746204.6393000036],[-8853601.1339999996,4746458.6774000004],[-8853422.9997000005,4746620.117899999],[-8853292.4047999997,4746775.186300002],[-8853180.0513000004,4746964.0471000001],[-8853114.0329999998,4747134.6436000019],[-8853065.4285000004,4747391.3645000011],[-8852952.8541999999,4747613.0822999999],[-8852811.2280000001,4747856.3237999976],[-8852745.8659000006,4748065.5351999998],[-8852679.3725000005,4748212.504900001],[-8852570.3158,4748357.0525000021],[-8852515.0132999998,4748455.2716000006],[-8852455.2410000004,4748586.6709999964],[-8852361.4737999998,4748783.8429000005],[-8852328.4129000008,4748857.3964999989],[-8852233.6831999999,4749113.4971999973],[-8852053.0099999998,4749703.3285999969],[-8851797.8319000006,4750126.0496999994],[-8851718.8710999992,4750292.5842000023],[-8851542.0518999994,4750525.2347000018],[-8851410.2612999994,4750693.8484999985],[-8850951.3611999992,4751316.435800001],[-8850681.2574000005,4751512.2155999988],[-8850522.8080000002,4751695.116899997],[-8850357.6932999995,4752104.6683000028],[-8850323.8402999993,4752201.2914000005],[-8850263.9118000008,4752456.5151999965],[-8849967.2958000004,4752834.4566999972],[-8849804.1133999992,4752946.6062999964],[-8849748.4605,4753119.4491000026],[-8849749.8378999997,4753213.7207000032],[-8849585.4444999993,4753576.2056000009],[-8849406.6184,4753923.7325000018],[-8849333.9405000005,4754060.9592000023],[-8849061.2424999997,4754406.9297000021],[-8848761.1012999993,4754814.305399999],[-8848478.6819000002,4755213.1479000002],[-8848333.9664999992,4755446.3911999986],[-8848047.3015000001,4755921.7719999999],[-8847806.7769000009,4756268.3115999997],[-8847554.1072000004,4756638.2226999998],[-8847391.7970000003,4756868.2413000017],[-8847232.5614999998,4757089.4754000008],[-8847013.9511999991,4757350.9576999992],[-8846816.4605999999,4757577.4411000013]]},"properties":{"objectid":8873,"elev":3260,"st_length(shape)":84207.054370183832}},{"type":"Feature","id":8888,"geometry":{"type":"LineString","coordinates":[[-8822020.2162999995,4744638.0196999982],[-8821023.0103999991,4746167.9328999966],[-8820780.1388000008,4746406.4111000001],[-8820558.1620000005,4746745.3188000023],[-8819969.9484000001,4747539.0024999976],[-8819352.9215999991,4748126.7194999978],[-8818619.8400999997,4748786.1004000008],[-8818431.6473999992,4749201.487999998],[-8818188.5467000008,4749911.6622999981],[-8817862.1308999993,4750694.2010999992],[-8817765.4987000003,4751029.2730000019],[-8817314.9624000005,4751875.177699998],[-8816959.2444000002,4752476.4019000009],[-8816430.1424000002,4753148.1785999984],[-8816040.6070000008,4753798.0983999968],[-8815565.4046,4754635.4359000027],[-8815264.3307000007,4755361.1974000037],[-8814787.0181000009,4756297.2647999972],[-8814268.0174000002,4757265.4503000006],[-8814028.7025000006,4757762.3121000007],[-8813747.5946999993,4758299.4720999971],[-8813373.0676000006,4758999.2709999979],[-8813252.3434999995,4759140.9918000028],[-8813179.1410000008,4759306.1356000006],[-8812915.8156000003,4759769.6765000001],[-8812653.6280000005,4760175.6677000001],[-8812424.8461000007,4760549.4409999996],[-8811962.8727000002,4761107.6904999986],[-8811668.1799999997,4761496.5890000015],[-8811131.0571999997,4762119.1388999969],[-8810693.8516000006,4762661.4651999995],[-8810336.6755999997,4763295.9698000029],[-8809851.1657999996,4764191.2045999989],[-8809428.4990999997,4764816.1881999969],[-8809194.0795000009,4765453.3242999986],[-8808811.7835000008,4766103.8888999969],[-8808444.3005999997,4766828.8756999969],[-8808045.8508000001,4767462.6969999969],[-8807695.8471000008,4768130.4849999994],[-8807237.5274999999,4768878.3743999973],[-8806848.1431000009,4769463.0588999987],[-8806424.0344999991,4770137.6128999963],[-8805912.8956000004,4771049.1841000021],[-8805725.8156000003,4771464.2260999978],[-8805605.3270999994,4771832.2995999977],[-8805458.4510999992,4772235.8619000018],[-8805322.6755999997,4772598.4891000018],[-8805065.1245000008,4773143.884800002],[-8804839.0546000004,4773653.9305000007],[-8804582.3150999993,4774158.1974000037],[-8804306.0208000001,4774615.7269999981],[-8804145.6239999998,4774926.4086999968],[-8803886.2969000004,4775307.0820000023],[-8803543.2937000003,4775763.2219000012],[-8803284.0308999997,4776138.7621999979],[-8803087.2529000007,4776469.2958000004],[-8802827.0808000006,4776886.0310000032],[-8802571.1391000003,4777344.0691],[-8802241.9641999993,4777867.507600002],[-8801901.6210999992,4778431.9284999967],[-8801673.2145000007,4778797.885300003],[-8801494.4637000002,4779000.0816999972],[-8801165.8379999995,4779492.6723999977],[-8800782.4204999991,4779906.818400003],[-8800292.8565999996,4780483.5270000026],[-8799871.7993999999,4780974.1440000013],[-8799633.8892999999,4781298.7198000029],[-8799344.7808999997,4781617.0344000012],[-8799110.9667000007,4781988.0806000009],[-8798787.9233999997,4782449.9403000027],[-8798614.0671999995,4782815.4416999966],[-8798274.1308999993,4783343.9460000023],[-8797904.8557999991,4783961.1521999985],[-8797686.3697999995,4784251.8426999971],[-8797300.9905999992,4784662.5667999983],[-8796957.8279999997,4785019.2434],[-8796596.9027999993,4785561.0868000016],[-8796369.3969999999,4785947.814000003],[-8796078.9376999997,4786395.0178999975],[-8795740.2523999996,4786854.9125000015],[-8795400.6294999998,4787356.0380999967],[-8795128.6487000007,4787893.0485000014]]},"properties":{"objectid":8888,"elev":3500,"st_length(shape)":51261.469722753776}}]}